item_code,kind_code,target_series,comparison_series,observations,pearson,pearson_p,spearman,spearman_p,pearson_fdr,spearman_fdr
111,01,kamis_retail,kamis_wholesale,79,-0.2928925830883371,0.008805691460009821,-0.06271636160084033,0.5829429057860084,0.010566829752011786,0.5829429057860084
111,01,kamis_retail,online_combined,6,0.9607216926748208,0.0022838791394407193,0.9354838709677421,0.006109227619079553,0.003162294193071765,0.007349129412456107
111,01,kamis_retail,online_coupang,6,0.9568708783000222,0.0027500690124353114,0.9354838709677421,0.006109227619079553,0.0035358030159882573,0.007349129412456107
111,01,kamis_retail,online_naver,6,-0.8930110576913725,0.01655761904411693,-0.8064516129032258,0.05256621127186068,0.018627321424631547,0.059136987680843266
111,01,kamis_retail,coffee_futures,77,-0.564338726134068,9.027481861092533e-08,-0.45125663869177146,3.805950706637186e-05,5.416489116655519e-07,9.786730388495621e-05
111,01,kamis_retail,corn_futures,77,-0.3584909768640515,0.001367546923414625,-0.4742766241953513,1.3163459462227051e-05,0.0020513203851219375,4.7388454064017384e-05
111,01,kamis_retail,cotton_futures,77,-0.5038477465075376,2.99298938582313e-06,-0.5468691549928738,2.6644875882651474e-07,1.077476178896327e-05,2.836697378833652e-06
111,01,kamis_retail,dow_jones,76,-0.4766222107089678,1.3462950530320692e-05,-0.4141483979255373,0.0001999401275612239,4.0388851590962075e-05,0.0003998802551224478
111,01,kamis_retail,kosdaq,77,0.5858019320454564,2.1859423275186046e-08,0.3097171230740179,0.006124274510380089,1.9673480947667442e-07,0.007349129412456107
111,01,kamis_retail,kospi,77,0.6314627104494676,7.399076306106799e-10,0.32013043439489675,0.004535597770619587,1.3318337350992238e-08,0.00680339665592938
111,01,kamis_retail,nasdaq,76,-0.01688054255765093,0.884922075963323,-0.07370918494486535,0.526868322709105,0.884922075963323,0.5578605769861111
111,01,kamis_retail,orange_juice_futures,76,0.25226028137069556,0.027921129506162806,0.39027759402374684,0.000491629106054163,0.029563548888878265,0.0008849323908974935
111,01,kamis_retail,rough_rice_futures,76,-0.3838750562808388,0.0006188023865134405,-0.4179378032527555,0.0001722432873469455,0.001113844295724193,0.0003875473965306274
111,01,kamis_retail,soybean_futures,77,-0.4048263410830661,0.0002603220306959141,-0.48754545087059165,6.888321118022358e-06,0.0005857245690658067,3.099744503110061e-05
111,01,kamis_retail,sp500,76,-0.39361197361601297,0.0004353113890720321,-0.3358652917555431,0.0030154584158488835,0.0008706227781440641,0.004934386498661809
111,01,kamis_retail,sugar_futures,77,-0.36605606099768,0.0010602999874965895,-0.5206077493184535,1.2132551229449431e-06,0.0017350363431762371,7.279530737669659e-06
111,01,kamis_retail,usd_krw,79,0.40463662412328305,0.00021672941827583994,0.45154929790372667,2.9549881571405856e-05,0.0005573042184235884,8.864964471421757e-05
111,01,kamis_retail,wheat_futures,77,-0.5087713468331825,2.3070542547448784e-06,-0.5440661166094445,3.1518859764818354e-07,1.0381744146351953e-05,2.836697378833652e-06
111,02,kamis_retail,kamis_wholesale,79,-0.2928925830883371,0.008805691460009821,-0.06271636160084033,0.5829429057860084,0.010566829752011786,0.5829429057860084
111,02,kamis_retail,online_combined,6,0.9607216926748208,0.0022838791394407193,0.9354838709677421,0.006109227619079553,0.003162294193071765,0.007349129412456107
111,02,kamis_retail,online_coupang,6,0.9568708783000222,0.0027500690124353114,0.9354838709677421,0.006109227619079553,0.0035358030159882573,0.007349129412456107
111,02,kamis_retail,online_naver,6,-0.8930110576913725,0.01655761904411693,-0.8064516129032258,0.05256621127186068,0.018627321424631547,0.059136987680843266
111,02,kamis_retail,coffee_futures,77,-0.564338726134068,9.027481861092533e-08,-0.45125663869177146,3.805950706637186e-05,5.416489116655519e-07,9.786730388495621e-05
111,02,kamis_retail,corn_futures,77,-0.3584909768640515,0.001367546923414625,-0.4742766241953513,1.3163459462227051e-05,0.0020513203851219375,4.7388454064017384e-05
111,02,kamis_retail,cotton_futures,77,-0.5038477465075376,2.99298938582313e-06,-0.5468691549928738,2.6644875882651474e-07,1.077476178896327e-05,2.836697378833652e-06
111,02,kamis_retail,dow_jones,76,-0.4766222107089678,1.3462950530320692e-05,-0.4141483979255373,0.0001999401275612239,4.0388851590962075e-05,0.0003998802551224478
111,02,kamis_retail,kosdaq,77,0.5858019320454564,2.1859423275186046e-08,0.3097171230740179,0.006124274510380089,1.9673480947667442e-07,0.007349129412456107
111,02,kamis_retail,kospi,77,0.6314627104494676,7.399076306106799e-10,0.32013043439489675,0.004535597770619587,1.3318337350992238e-08,0.00680339665592938
111,02,kamis_retail,nasdaq,76,-0.01688054255765093,0.884922075963323,-0.07370918494486535,0.526868322709105,0.884922075963323,0.5578605769861111
111,02,kamis_retail,orange_juice_futures,76,0.25226028137069556,0.027921129506162806,0.39027759402374684,0.000491629106054163,0.029563548888878265,0.0008849323908974935
111,02,kamis_retail,rough_rice_futures,76,-0.3838750562808388,0.0006188023865134405,-0.4179378032527555,0.0001722432873469455,0.001113844295724193,0.0003875473965306274
111,02,kamis_retail,soybean_futures,77,-0.4048263410830661,0.0002603220306959141,-0.48754545087059165,6.888321118022358e-06,0.0005857245690658067,3.099744503110061e-05
111,02,kamis_retail,sp500,76,-0.39361197361601297,0.0004353113890720321,-0.3358652917555431,0.0030154584158488835,0.0008706227781440641,0.004934386498661809
111,02,kamis_retail,sugar_futures,77,-0.36605606099768,0.0010602999874965895,-0.5206077493184535,1.2132551229449431e-06,0.0017350363431762371,7.279530737669659e-06
111,02,kamis_retail,usd_krw,79,0.40463662412328305,0.00021672941827583994,0.45154929790372667,2.9549881571405856e-05,0.0005573042184235884,8.864964471421757e-05
111,02,kamis_retail,wheat_futures,77,-0.5087713468331825,2.3070542547448784e-06,-0.5440661166094445,3.1518859764818354e-07,1.0381744146351953e-05,2.836697378833652e-06
111,03,kamis_retail,kamis_wholesale,79,-0.2928925830883371,0.008805691460009821,-0.06271636160084033,0.5829429057860084,0.010566829752011786,0.5829429057860084
111,03,kamis_retail,online_combined,6,0.9607216926748208,0.0022838791394407193,0.9354838709677421,0.006109227619079553,0.003162294193071765,0.007349129412456107
111,03,kamis_retail,online_coupang,6,0.9568708783000222,0.0027500690124353114,0.9354838709677421,0.006109227619079553,0.0035358030159882573,0.007349129412456107
111,03,kamis_retail,online_naver,6,-0.8930110576913725,0.01655761904411693,-0.8064516129032258,0.05256621127186068,0.018627321424631547,0.059136987680843266
111,03,kamis_retail,coffee_futures,77,-0.564338726134068,9.027481861092533e-08,-0.45125663869177146,3.805950706637186e-05,5.416489116655519e-07,9.786730388495621e-05
111,03,kamis_retail,corn_futures,77,-0.3584909768640515,0.001367546923414625,-0.4742766241953513,1.3163459462227051e-05,0.0020513203851219375,4.7388454064017384e-05
111,03,kamis_retail,cotton_futures,77,-0.5038477465075376,2.99298938582313e-06,-0.5468691549928738,2.6644875882651474e-07,1.077476178896327e-05,2.836697378833652e-06
111,03,kamis_retail,dow_jones,76,-0.4766222107089678,1.3462950530320692e-05,-0.4141483979255373,0.0001999401275612239,4.0388851590962075e-05,0.0003998802551224478
111,03,kamis_retail,kosdaq,77,0.5858019320454564,2.1859423275186046e-08,0.3097171230740179,0.006124274510380089,1.9673480947667442e-07,0.007349129412456107
111,03,kamis_retail,kospi,77,0.6314627104494676,7.399076306106799e-10,0.32013043439489675,0.004535597770619587,1.3318337350992238e-08,0.00680339665592938
111,03,kamis_retail,nasdaq,76,-0.01688054255765093,0.884922075963323,-0.07370918494486535,0.526868322709105,0.884922075963323,0.5578605769861111
111,03,kamis_retail,orange_juice_futures,76,0.25226028137069556,0.027921129506162806,0.39027759402374684,0.000491629106054163,0.029563548888878265,0.0008849323908974935
111,03,kamis_retail,rough_rice_futures,76,-0.3838750562808388,0.0006188023865134405,-0.4179378032527555,0.0001722432873469455,0.001113844295724193,0.0003875473965306274
111,03,kamis_retail,soybean_futures,77,-0.4048263410830661,0.0002603220306959141,-0.48754545087059165,6.888321118022358e-06,0.0005857245690658067,3.099744503110061e-05
111,03,kamis_retail,sp500,76,-0.39361197361601297,0.0004353113890720321,-0.3358652917555431,0.0030154584158488835,0.0008706227781440641,0.004934386498661809
111,03,kamis_retail,sugar_futures,77,-0.36605606099768,0.0010602999874965895,-0.5206077493184535,1.2132551229449431e-06,0.0017350363431762371,7.279530737669659e-06
111,03,kamis_retail,usd_krw,79,0.40463662412328305,0.00021672941827583994,0.45154929790372667,2.9549881571405856e-05,0.0005573042184235884,8.864964471421757e-05
111,03,kamis_retail,wheat_futures,77,-0.5087713468331825,2.3070542547448784e-06,-0.5440661166094445,3.1518859764818354e-07,1.0381744146351953e-05,2.836697378833652e-06
111,05,kamis_retail,kamis_wholesale,79,-0.2928925830883371,0.008805691460009821,-0.06271636160084033,0.5829429057860084,0.010566829752011786,0.5829429057860084
111,05,kamis_retail,online_combined,6,0.9607216926748208,0.0022838791394407193,0.9354838709677421,0.006109227619079553,0.003162294193071765,0.007349129412456107
111,05,kamis_retail,online_coupang,6,0.9568708783000222,0.0027500690124353114,0.9354838709677421,0.006109227619079553,0.0035358030159882573,0.007349129412456107
111,05,kamis_retail,online_naver,6,-0.8930110576913725,0.01655761904411693,-0.8064516129032258,0.05256621127186068,0.018627321424631547,0.059136987680843266
111,05,kamis_retail,coffee_futures,77,-0.564338726134068,9.027481861092533e-08,-0.45125663869177146,3.805950706637186e-05,5.416489116655519e-07,9.786730388495621e-05
111,05,kamis_retail,corn_futures,77,-0.3584909768640515,0.001367546923414625,-0.4742766241953513,1.3163459462227051e-05,0.0020513203851219375,4.7388454064017384e-05
111,05,kamis_retail,cotton_futures,77,-0.5038477465075376,2.99298938582313e-06,-0.5468691549928738,2.6644875882651474e-07,1.077476178896327e-05,2.836697378833652e-06
111,05,kamis_retail,dow_jones,76,-0.4766222107089678,1.3462950530320692e-05,-0.4141483979255373,0.0001999401275612239,4.0388851590962075e-05,0.0003998802551224478
111,05,kamis_retail,kosdaq,77,0.5858019320454564,2.1859423275186046e-08,0.3097171230740179,0.006124274510380089,1.9673480947667442e-07,0.007349129412456107
111,05,kamis_retail,kospi,77,0.6314627104494676,7.399076306106799e-10,0.32013043439489675,0.004535597770619587,1.3318337350992238e-08,0.00680339665592938
111,05,kamis_retail,nasdaq,76,-0.01688054255765093,0.884922075963323,-0.07370918494486535,0.526868322709105,0.884922075963323,0.5578605769861111
111,05,kamis_retail,orange_juice_futures,76,0.25226028137069556,0.027921129506162806,0.39027759402374684,0.000491629106054163,0.029563548888878265,0.0008849323908974935
111,05,kamis_retail,rough_rice_futures,76,-0.3838750562808388,0.0006188023865134405,-0.4179378032527555,0.0001722432873469455,0.001113844295724193,0.0003875473965306274
111,05,kamis_retail,soybean_futures,77,-0.4048263410830661,0.0002603220306959141,-0.48754545087059165,6.888321118022358e-06,0.0005857245690658067,3.099744503110061e-05
111,05,kamis_retail,sp500,76,-0.39361197361601297,0.0004353113890720321,-0.3358652917555431,0.0030154584158488835,0.0008706227781440641,0.004934386498661809
111,05,kamis_retail,sugar_futures,77,-0.36605606099768,0.0010602999874965895,-0.5206077493184535,1.2132551229449431e-06,0.0017350363431762371,7.279530737669659e-06
111,05,kamis_retail,usd_krw,79,0.40463662412328305,0.00021672941827583994,0.45154929790372667,2.9549881571405856e-05,0.0005573042184235884,8.864964471421757e-05
111,05,kamis_retail,wheat_futures,77,-0.5087713468331825,2.3070542547448784e-06,-0.5440661166094445,3.1518859764818354e-07,1.0381744146351953e-05,2.836697378833652e-06
111,10,kamis_retail,kamis_wholesale,79,-0.2928925830883371,0.008805691460009821,-0.06271636160084033,0.5829429057860084,0.010566829752011786,0.5829429057860084
111,10,kamis_retail,online_combined,6,0.9607216926748208,0.0022838791394407193,0.9354838709677421,0.006109227619079553,0.003162294193071765,0.007349129412456107
111,10,kamis_retail,online_coupang,6,0.9568708783000222,0.0027500690124353114,0.9354838709677421,0.006109227619079553,0.0035358030159882573,0.007349129412456107
111,10,kamis_retail,online_naver,6,-0.8930110576913725,0.01655761904411693,-0.8064516129032258,0.05256621127186068,0.018627321424631547,0.059136987680843266
111,10,kamis_retail,coffee_futures,77,-0.564338726134068,9.027481861092533e-08,-0.45125663869177146,3.805950706637186e-05,5.416489116655519e-07,9.786730388495621e-05
111,10,kamis_retail,corn_futures,77,-0.3584909768640515,0.001367546923414625,-0.4742766241953513,1.3163459462227051e-05,0.0020513203851219375,4.7388454064017384e-05
111,10,kamis_retail,cotton_futures,77,-0.5038477465075376,2.99298938582313e-06,-0.5468691549928738,2.6644875882651474e-07,1.077476178896327e-05,2.836697378833652e-06
111,10,kamis_retail,dow_jones,76,-0.4766222107089678,1.3462950530320692e-05,-0.4141483979255373,0.0001999401275612239,4.0388851590962075e-05,0.0003998802551224478
111,10,kamis_retail,kosdaq,77,0.5858019320454564,2.1859423275186046e-08,0.3097171230740179,0.006124274510380089,1.9673480947667442e-07,0.007349129412456107
111,10,kamis_retail,kospi,77,0.6314627104494676,7.399076306106799e-10,0.32013043439489675,0.004535597770619587,1.3318337350992238e-08,0.00680339665592938
111,10,kamis_retail,nasdaq,76,-0.01688054255765093,0.884922075963323,-0.07370918494486535,0.526868322709105,0.884922075963323,0.5578605769861111
111,10,kamis_retail,orange_juice_futures,76,0.25226028137069556,0.027921129506162806,0.39027759402374684,0.000491629106054163,0.029563548888878265,0.0008849323908974935
111,10,kamis_retail,rough_rice_futures,76,-0.3838750562808388,0.0006188023865134405,-0.4179378032527555,0.0001722432873469455,0.001113844295724193,0.0003875473965306274
111,10,kamis_retail,soybean_futures,77,-0.4048263410830661,0.0002603220306959141,-0.48754545087059165,6.888321118022358e-06,0.0005857245690658067,3.099744503110061e-05
111,10,kamis_retail,sp500,76,-0.39361197361601297,0.0004353113890720321,-0.3358652917555431,0.0030154584158488835,0.0008706227781440641,0.004934386498661809
111,10,kamis_retail,sugar_futures,77,-0.36605606099768,0.0010602999874965895,-0.5206077493184535,1.2132551229449431e-06,0.0017350363431762371,7.279530737669659e-06
111,10,kamis_retail,usd_krw,79,0.40463662412328305,0.00021672941827583994,0.45154929790372667,2.9549881571405856e-05,0.0005573042184235884,8.864964471421757e-05
111,10,kamis_retail,wheat_futures,77,-0.5087713468331825,2.3070542547448784e-06,-0.5440661166094445,3.1518859764818354e-07,1.0381744146351953e-05,2.836697378833652e-06
111,11,kamis_retail,kamis_wholesale,79,-0.2928925830883371,0.008805691460009821,-0.06271636160084033,0.5829429057860084,0.010566829752011786,0.5829429057860084
111,11,kamis_retail,online_combined,6,0.9607216926748208,0.0022838791394407193,0.9354838709677421,0.006109227619079553,0.003162294193071765,0.007349129412456107
111,11,kamis_retail,online_coupang,6,0.9568708783000222,0.0027500690124353114,0.9354838709677421,0.006109227619079553,0.0035358030159882573,0.007349129412456107
111,11,kamis_retail,online_naver,6,-0.8930110576913725,0.01655761904411693,-0.8064516129032258,0.05256621127186068,0.018627321424631547,0.059136987680843266
111,11,kamis_retail,coffee_futures,77,-0.564338726134068,9.027481861092533e-08,-0.45125663869177146,3.805950706637186e-05,5.416489116655519e-07,9.786730388495621e-05
111,11,kamis_retail,corn_futures,77,-0.3584909768640515,0.001367546923414625,-0.4742766241953513,1.3163459462227051e-05,0.0020513203851219375,4.7388454064017384e-05
111,11,kamis_retail,cotton_futures,77,-0.5038477465075376,2.99298938582313e-06,-0.5468691549928738,2.6644875882651474e-07,1.077476178896327e-05,2.836697378833652e-06
111,11,kamis_retail,dow_jones,76,-0.4766222107089678,1.3462950530320692e-05,-0.4141483979255373,0.0001999401275612239,4.0388851590962075e-05,0.0003998802551224478
111,11,kamis_retail,kosdaq,77,0.5858019320454564,2.1859423275186046e-08,0.3097171230740179,0.006124274510380089,1.9673480947667442e-07,0.007349129412456107
111,11,kamis_retail,kospi,77,0.6314627104494676,7.399076306106799e-10,0.32013043439489675,0.004535597770619587,1.3318337350992238e-08,0.00680339665592938
111,11,kamis_retail,nasdaq,76,-0.01688054255765093,0.884922075963323,-0.07370918494486535,0.526868322709105,0.884922075963323,0.5578605769861111
111,11,kamis_retail,orange_juice_futures,76,0.25226028137069556,0.027921129506162806,0.39027759402374684,0.000491629106054163,0.029563548888878265,0.0008849323908974935
111,11,kamis_retail,rough_rice_futures,76,-0.3838750562808388,0.0006188023865134405,-0.4179378032527555,0.0001722432873469455,0.001113844295724193,0.0003875473965306274
111,11,kamis_retail,soybean_futures,77,-0.4048263410830661,0.0002603220306959141,-0.48754545087059165,6.888321118022358e-06,0.0005857245690658067,3.099744503110061e-05
111,11,kamis_retail,sp500,76,-0.39361197361601297,0.0004353113890720321,-0.3358652917555431,0.0030154584158488835,0.0008706227781440641,0.004934386498661809
111,11,kamis_retail,sugar_futures,77,-0.36605606099768,0.0010602999874965895,-0.5206077493184535,1.2132551229449431e-06,0.0017350363431762371,7.279530737669659e-06
111,11,kamis_retail,usd_krw,79,0.40463662412328305,0.00021672941827583994,0.45154929790372667,2.9549881571405856e-05,0.0005573042184235884,8.864964471421757e-05
111,11,kamis_retail,wheat_futures,77,-0.5087713468331825,2.3070542547448784e-06,-0.5440661166094445,3.1518859764818354e-07,1.0381744146351953e-05,2.836697378833652e-06
112,01,kamis_retail,kamis_wholesale,79,-0.036386951132026155,0.7502082539388769,0.1623162195633972,0.1529468776978046,0.8656249083910118,0.2294203165467069
112,01,kamis_retail,coffee_futures,77,-0.2987448353191243,0.00831117172791662,-0.1996319179702905,0.08173996936921868,0.09041766343465285,0.17515707721975432
112,01,kamis_retail,corn_futures,77,-0.0032583040791322867,0.9775633193919916,-0.3131088716044964,0.00555992737393917,0.9775633193919916,0.020849727652271888
112,01,kamis_retail,cotton_futures,77,-0.03693478262486555,0.7497954293170281,-0.07169617857621491,0.5354952770641628,0.8656249083910118,0.6693690963302035
112,01,kamis_retail,dow_jones,76,0.06875132791601965,0.5551063323706871,0.08198727196151491,0.4813770724154877,0.8656249083910118,0.6564232805665742
112,01,kamis_retail,kosdaq,77,0.28480576951000564,0.012055688457953713,0.33487577231497306,0.002911590770242517,0.09041766343465285,0.020849727652271888
112,01,kamis_retail,kospi,77,0.196933747129048,0.08603830788736332,0.028657815170237938,0.804591750073622,0.3865099747340651,0.8620625893645951
112,01,kamis_retail,nasdaq,76,0.0752632078016067,0.5181675283070157,0.03670765803179382,0.7529040487831271,0.8656249083910118,0.8620625893645951
112,01,kamis_retail,orange_juice_futures,76,0.17576117442132286,0.12883665824468837,0.2496804227364933,0.02961771544393593,0.3865099747340651,0.08885314633180778
112,01,kamis_retail,rough_rice_futures,76,-0.017100304274789306,0.8834343368841631,-0.23112627146450837,0.04455766616004345,0.9465367895187462,0.11139416540010864
112,01,kamis_retail,soybean_futures,77,-0.1760336896354589,0.12566818810391656,-0.46254108058367294,2.2833626507515154e-05,0.3865099747340651,0.00034250439761272734
112,01,kamis_retail,sp500,76,0.050959176726355845,0.6619856422044099,-0.014368621449316686,0.9019542217184171,0.8656249083910118,0.9019542217184171
112,01,kamis_retail,sugar_futures,77,0.04812620846949714,0.6776739189319179,-0.18329060711392522,0.11057562380318751,0.8656249083910118,0.2073292946309766
112,01,kamis_retail,usd_krw,79,-0.10422954520379064,0.36064364808970206,0.1702526535998404,0.1335900151716635,0.7728078173350758,0.22265002528610583
112,01,kamis_retail,wheat_futures,77,-0.15700684956429722,0.17267170767722398,-0.3190997065039001,0.004674608855719463,0.43167926919305993,0.020849727652271888
115,01,kamis_retail,kamis_wholesale,24,0.6280427416033082,0.0010162610557563896,0.6465879600086734,0.0006400507580809339,0.006579878796817022,0.0032002537904046694
115,01,kamis_retail,coffee_futures,22,0.5428569705606279,0.00903853140440663,0.625696051295534,0.0018426208733543575,0.02711559421321989,0.005527862620063073
115,01,kamis_retail,corn_futures,22,-0.5070175772748264,0.01602635806088745,-0.5566115139916181,0.007135116489225982,0.040065895152218624,0.017837791223064958
115,01,kamis_retail,cotton_futures,22,0.20693839938432254,0.355472334134436,0.44894564531365017,0.0360927372454711,0.3808632151440386,0.06767388233525831
115,01,kamis_retail,dow_jones,21,0.6534828378057714,0.0013159757593634044,0.7164619233090541,0.0002585663187287448,0.006579878796817022,0.00311458096670972
115,01,kamis_retail,kosdaq,22,-0.6824107568658738,0.0004671901847115574,-0.6867737843743166,0.0004152774622279627,0.006579878796817022,0.00311458096670972
115,01,kamis_retail,kospi,22,-0.48742973700318815,0.02139265289762831,-0.4261341953422502,0.04798241223985825,0.04011122418305308,0.07997068706643043
115,01,kamis_retail,nasdaq,21,-0.4989384761518637,0.02130931464831978,-0.3974436272159689,0.07440417401830672,0.04011122418305308,0.11160626102746007
115,01,kamis_retail,orange_juice_futures,21,-0.30316829723792227,0.1815762115752617,-0.3296522392961882,0.14447948028232002,0.24760392487535687,0.16670709263344616
115,01,kamis_retail,rough_rice_futures,21,-0.6130703578524478,0.00312536908692798,-0.6422330074915412,0.0016947075737458388,0.011720134075979924,0.005527862620063073
115,01,kamis_retail,soybean_futures,22,-0.29644706324228615,0.18036163584440223,-0.3658535843210535,0.09403839660325382,0.24760392487535687,0.1282341771862552
115,01,kamis_retail,sp500,21,-0.17808095448623867,0.4399349115512489,-0.04452963716299316,0.8480088383639196,0.4399349115512489,0.8480088383639196
115,01,kamis_retail,sugar_futures,22,0.2598512410979016,0.24286196828457068,0.27657535850671594,0.21276056460526177,0.30357746035571337,0.2279577477913519
115,01,kamis_retail,usd_krw,24,-0.45003205654060047,0.027341743194297854,-0.4784893891215211,0.01801774429116616,0.045569571990496424,0.03860945205249892
115,01,kamis_retail,wheat_futures,22,0.22390398906433753,0.3164919404939753,0.33108291091314906,0.1323006471114679,0.3651830082622792,0.1653758088893349
121,02,kamis_retail,kamis_wholesale,24,-0.6710558310081688,0.0003313743770276727,-0.8059827069081121,1.996455687604164e-06,0.001760771800886798,2.994683531406246e-05
121,02,kamis_retail,coffee_futures,22,-0.7725078341118611,2.518404223494244e-05,-0.8002942962348387,7.755056451690042e-06,0.00037776063352413657,5.816292338767532e-05
121,02,kamis_retail,corn_futures,22,0.4161275489494774,0.05406858731130345,0.5169406917097488,0.013757862844164945,0.08110288096695517,0.021172575817100747
121,02,kamis_retail,cotton_futures,22,-0.6087604924798107,0.0026416489895853762,-0.7044001044081976,0.0002527308778742018,0.006604122473963441,0.0006318271946855044
121,02,kamis_retail,dow_jones,21,-0.685073359412445,0.0006108524691330767,-0.7247341895519462,0.00020231663406388301,0.0018325574073992303,0.000606949902191649
121,02,kamis_retail,kosdaq,22,0.6842068331312957,0.0004451823552077806,0.747961394033643,6.275683182881482e-05,0.001760771800886798,0.0002353381193580556
121,02,kamis_retail,kospi,22,0.3644645458609493,0.09538853280615342,0.4154053598157413,0.05452978065698137,0.13007527200839103,0.07435879180497461
121,02,kamis_retail,nasdaq,21,0.6009376328139939,0.003963983208512611,0.6017732943213717,0.0039007764832952635,0.008494249732527022,0.007313955906178619
121,02,kamis_retail,orange_juice_futures,21,0.5483098049943836,0.0100657302120585,0.526927532007109,0.014115050544733831,0.0167762170200975,0.021172575817100747
121,02,kamis_retail,rough_rice_futures,21,0.6950976301857443,0.00046953914690314616,0.7928207801061232,1.8198614461817942e-05,0.001760771800886798,9.09930723090897e-05
121,02,kamis_retail,soybean_futures,22,0.19447791341610315,0.3857995041523975,0.2769915520783872,0.21204476012244278,0.3857995041523975,0.2446670309105109
121,02,kamis_retail,sp500,21,0.25967645238249065,0.2556401050257492,0.25895297229265024,0.25701433573623766,0.2949693519527875,0.25701433573623766
121,02,kamis_retail,sugar_futures,22,-0.23444524873898942,0.2936336821278637,-0.2578908159314329,0.24656241681579194,0.3146075165655683,0.25701433573623766
121,02,kamis_retail,usd_krw,24,0.3398654790886625,0.10418375398437446,0.3097115648525895,0.14081382320555252,0.1302296924804681,0.17601727900694064
121,02,kamis_retail,wheat_futures,22,-0.571676571781028,0.005443593329432565,-0.59488746641262,0.00349711536575224,0.010206737492686059,0.007313955906178619
121,04,kamis_retail,kamis_wholesale,24,-0.6710558310081688,0.0003313743770276727,-0.8059827069081121,1.996455687604164e-06,0.001760771800886798,2.994683531406246e-05
121,04,kamis_retail,coffee_futures,22,-0.7725078341118611,2.518404223494244e-05,-0.8002942962348387,7.755056451690042e-06,0.00037776063352413657,5.816292338767532e-05
121,04,kamis_retail,corn_futures,22,0.4161275489494774,0.05406858731130345,0.5169406917097488,0.013757862844164945,0.08110288096695517,0.021172575817100747
121,04,kamis_retail,cotton_futures,22,-0.6087604924798107,0.0026416489895853762,-0.7044001044081976,0.0002527308778742018,0.006604122473963441,0.0006318271946855044
121,04,kamis_retail,dow_jones,21,-0.685073359412445,0.0006108524691330767,-0.7247341895519462,0.00020231663406388301,0.0018325574073992303,0.000606949902191649
121,04,kamis_retail,kosdaq,22,0.6842068331312957,0.0004451823552077806,0.747961394033643,6.275683182881482e-05,0.001760771800886798,0.0002353381193580556
121,04,kamis_retail,kospi,22,0.3644645458609493,0.09538853280615342,0.4154053598157413,0.05452978065698137,0.13007527200839103,0.07435879180497461
121,04,kamis_retail,nasdaq,21,0.6009376328139939,0.003963983208512611,0.6017732943213717,0.0039007764832952635,0.008494249732527022,0.007313955906178619
121,04,kamis_retail,orange_juice_futures,21,0.5483098049943836,0.0100657302120585,0.526927532007109,0.014115050544733831,0.0167762170200975,0.021172575817100747
121,04,kamis_retail,rough_rice_futures,21,0.6950976301857443,0.00046953914690314616,0.7928207801061232,1.8198614461817942e-05,0.001760771800886798,9.09930723090897e-05
121,04,kamis_retail,soybean_futures,22,0.19447791341610315,0.3857995041523975,0.2769915520783872,0.21204476012244278,0.3857995041523975,0.2446670309105109
121,04,kamis_retail,sp500,21,0.25967645238249065,0.2556401050257492,0.25895297229265024,0.25701433573623766,0.2949693519527875,0.25701433573623766
121,04,kamis_retail,sugar_futures,22,-0.23444524873898942,0.2936336821278637,-0.2578908159314329,0.24656241681579194,0.3146075165655683,0.25701433573623766
121,04,kamis_retail,usd_krw,24,0.3398654790886625,0.10418375398437446,0.3097115648525895,0.14081382320555252,0.1302296924804681,0.17601727900694064
121,04,kamis_retail,wheat_futures,22,-0.571676571781028,0.005443593329432565,-0.59488746641262,0.00349711536575224,0.010206737492686059,0.007313955906178619
141,01,kamis_retail,kamis_wholesale,79,0.1907450212602922,0.09220985097687087,0.20623390310764983,0.06822980794809531,0.09879626890379022,0.07872670147857151
141,01,kamis_retail,coffee_futures,77,0.29528653502547203,0.009129644031970184,0.32934123890101213,0.003447288828475747,0.013694466047955276,0.006463666553392026
141,01,kamis_retail,corn_futures,77,0.31512964702967466,0.005246002775800313,0.3144819883391698,0.00534486294251524,0.009836255204625588,0.008908104904192067
141,01,kamis_retail,cotton_futures,77,0.426679461075573,0.00010902669664392966,0.5092022933894979,2.2546492029530323e-06,0.0004088501124147362,1.1273246014765163e-05
141,01,kamis_retail,dow_jones,76,0.2696405840751427,0.018496656030165294,0.3755135530229585,0.0008299138118726107,0.023120820037706616,0.001778386739727023
141,01,kamis_retail,kosdaq,77,-0.40989918653883356,0.00021382484318447205,-0.396229639967927,0.0003607905840581206,0.0006414745295534162,0.0010823717521743618
141,01,kamis_retail,kospi,77,-0.510979859982095,2.0500946619153217e-06,-0.5804225227015244,3.1490886363569e-08,1.9792741759889842e-05,4.7236329545353497e-07
141,01,kamis_retail,nasdaq,76,-0.2757499263247737,0.015907271834307343,-0.13691082501900192,0.2382617100202517,0.021691734319510013,0.2382617100202517
141,01,kamis_retail,orange_juice_futures,76,-0.5091814312761673,2.639032234651979e-06,-0.5350318909887103,6.385863449000093e-07,1.9792741759889842e-05,4.7893975867500695e-06
141,01,kamis_retail,rough_rice_futures,76,0.25937334014811575,0.023662777265854765,0.2606267348824197,0.02297274917074343,0.02730320453752473,0.02871593646342929
141,01,kamis_retail,soybean_futures,77,0.3436919338615223,0.0022106954355776464,0.30042594052312716,0.007937075588486596,0.004737204504809242,0.010823284893390813
141,01,kamis_retail,sp500,76,0.08252152754092908,0.478514886843766,0.14049287376625363,0.22608544561000374,0.478514886843766,0.2382617100202517
141,01,kamis_retail,sugar_futures,77,0.30806203766182183,0.006417573740304312,0.31045725865955764,0.005996987074732737,0.01069595623384052,0.008995480612099104
141,01,kamis_retail,usd_krw,79,-0.35837233266619667,0.0011830077940496266,-0.3729440929076497,0.000711874548742641,0.0029575194851240664,0.001778386739727023
141,01,kamis_retail,wheat_futures,77,0.49108201622490144,5.769676712368127e-06,0.446562627712231,4.682596207175804e-05,2.8848383561840633e-05,0.00017559735776909266
141,02,kamis_retail,kamis_wholesale,79,0.1907450212602922,0.09220985097687087,0.20623390310764983,0.06822980794809531,0.09879626890379022,0.07872670147857151
141,02,kamis_retail,coffee_futures,77,0.29528653502547203,0.009129644031970184,0.32934123890101213,0.003447288828475747,0.013694466047955276,0.006463666553392026
141,02,kamis_retail,corn_futures,77,0.31512964702967466,0.005246002775800313,0.3144819883391698,0.00534486294251524,0.009836255204625588,0.008908104904192067
141,02,kamis_retail,cotton_futures,77,0.426679461075573,0.00010902669664392966,0.5092022933894979,2.2546492029530323e-06,0.0004088501124147362,1.1273246014765163e-05
141,02,kamis_retail,dow_jones,76,0.2696405840751427,0.018496656030165294,0.3755135530229585,0.0008299138118726107,0.023120820037706616,0.001778386739727023
141,02,kamis_retail,kosdaq,77,-0.40989918653883356,0.00021382484318447205,-0.396229639967927,0.0003607905840581206,0.0006414745295534162,0.0010823717521743618
141,02,kamis_retail,kospi,77,-0.510979859982095,2.0500946619153217e-06,-0.5804225227015244,3.1490886363569e-08,1.9792741759889842e-05,4.7236329545353497e-07
141,02,kamis_retail,nasdaq,76,-0.2757499263247737,0.015907271834307343,-0.13691082501900192,0.2382617100202517,0.021691734319510013,0.2382617100202517
141,02,kamis_retail,orange_juice_futures,76,-0.5091814312761673,2.639032234651979e-06,-0.5350318909887103,6.385863449000093e-07,1.9792741759889842e-05,4.7893975867500695e-06
141,02,kamis_retail,rough_rice_futures,76,0.25937334014811575,0.023662777265854765,0.2606267348824197,0.02297274917074343,0.02730320453752473,0.02871593646342929
141,02,kamis_retail,soybean_futures,77,0.3436919338615223,0.0022106954355776464,0.30042594052312716,0.007937075588486596,0.004737204504809242,0.010823284893390813
141,02,kamis_retail,sp500,76,0.08252152754092908,0.478514886843766,0.14049287376625363,0.22608544561000374,0.478514886843766,0.2382617100202517
141,02,kamis_retail,sugar_futures,77,0.30806203766182183,0.006417573740304312,0.31045725865955764,0.005996987074732737,0.01069595623384052,0.008995480612099104
141,02,kamis_retail,usd_krw,79,-0.35837233266619667,0.0011830077940496266,-0.3729440929076497,0.000711874548742641,0.0029575194851240664,0.001778386739727023
141,02,kamis_retail,wheat_futures,77,0.49108201622490144,5.769676712368127e-06,0.446562627712231,4.682596207175804e-05,2.8848383561840633e-05,0.00017559735776909266
141,03,kamis_retail,kamis_wholesale,79,0.1907450212602922,0.09220985097687087,0.20623390310764983,0.06822980794809531,0.09879626890379022,0.07872670147857151
141,03,kamis_retail,coffee_futures,77,0.29528653502547203,0.009129644031970184,0.32934123890101213,0.003447288828475747,0.013694466047955276,0.006463666553392026
141,03,kamis_retail,corn_futures,77,0.31512964702967466,0.005246002775800313,0.3144819883391698,0.00534486294251524,0.009836255204625588,0.008908104904192067
141,03,kamis_retail,cotton_futures,77,0.426679461075573,0.00010902669664392966,0.5092022933894979,2.2546492029530323e-06,0.0004088501124147362,1.1273246014765163e-05
141,03,kamis_retail,dow_jones,76,0.2696405840751427,0.018496656030165294,0.3755135530229585,0.0008299138118726107,0.023120820037706616,0.001778386739727023
141,03,kamis_retail,kosdaq,77,-0.40989918653883356,0.00021382484318447205,-0.396229639967927,0.0003607905840581206,0.0006414745295534162,0.0010823717521743618
141,03,kamis_retail,kospi,77,-0.510979859982095,2.0500946619153217e-06,-0.5804225227015244,3.1490886363569e-08,1.9792741759889842e-05,4.7236329545353497e-07
141,03,kamis_retail,nasdaq,76,-0.2757499263247737,0.015907271834307343,-0.13691082501900192,0.2382617100202517,0.021691734319510013,0.2382617100202517
141,03,kamis_retail,orange_juice_futures,76,-0.5091814312761673,2.639032234651979e-06,-0.5350318909887103,6.385863449000093e-07,1.9792741759889842e-05,4.7893975867500695e-06
141,03,kamis_retail,rough_rice_futures,76,0.25937334014811575,0.023662777265854765,0.2606267348824197,0.02297274917074343,0.02730320453752473,0.02871593646342929
141,03,kamis_retail,soybean_futures,77,0.3436919338615223,0.0022106954355776464,0.30042594052312716,0.007937075588486596,0.004737204504809242,0.010823284893390813
141,03,kamis_retail,sp500,76,0.08252152754092908,0.478514886843766,0.14049287376625363,0.22608544561000374,0.478514886843766,0.2382617100202517
141,03,kamis_retail,sugar_futures,77,0.30806203766182183,0.006417573740304312,0.31045725865955764,0.005996987074732737,0.01069595623384052,0.008995480612099104
141,03,kamis_retail,usd_krw,79,-0.35837233266619667,0.0011830077940496266,-0.3729440929076497,0.000711874548742641,0.0029575194851240664,0.001778386739727023
141,03,kamis_retail,wheat_futures,77,0.49108201622490144,5.769676712368127e-06,0.446562627712231,4.682596207175804e-05,2.8848383561840633e-05,0.00017559735776909266
142,00,kamis_retail,kamis_wholesale,79,-0.27158417921683253,0.015473164388038372,0.11880749120659206,0.29701705012106594,0.019341455485047964,0.31823255370114206
142,00,kamis_retail,coffee_futures,77,0.26846717227727346,0.01823684197943446,0.415528416061919,0.0001712500983961169,0.02104250997627053,0.0004495825704323314
142,00,kamis_retail,corn_futures,77,0.4845723836896703,7.982781339908752e-06,0.33282934571400247,0.003100312724187383,1.7105960014090182e-05,0.004650469086281074
142,00,kamis_retail,cotton_futures,77,0.611117447440266,3.5751344759979285e-09,0.6227060007557632,1.4779814265264846e-09,1.7875672379989643e-08,1.1084860698948635e-08
142,00,kamis_retail,dow_jones,76,0.3935143609775622,0.0004368725053798885,0.4816214932039526,1.0595615093063659e-05,0.0006553087580698327,3.973355659898872e-05
142,00,kamis_retail,kosdaq,77,-0.46145605925939004,2.4002200643453402e-05,-0.5195682757402923,1.2849508410843904e-06,4.5004126206475126e-05,6.4247542054219525e-06
142,00,kamis_retail,kospi,77,-0.6754821461445754,1.5979101895322666e-11,-0.8140849520575274,2.2306044849533887e-19,2.3968652842984e-10,3.345906727430083e-18
142,00,kamis_retail,nasdaq,76,0.013578906955319523,0.9073184204201249,0.007587927689788903,0.9481305129017992,0.9073184204201249,0.9481305129017993
142,00,kamis_retail,orange_juice_futures,76,-0.23921810120466683,0.03741438900719319,-0.1465193703387342,0.20659437397108746,0.04008684536484985,0.23837812381279322
142,00,kamis_retail,rough_rice_futures,76,0.4988495478304547,4.5073448614594874e-06,0.3529142344473421,0.0017665067892650777,1.1268362153648719e-05,0.0033122002298720207
142,00,kamis_retail,soybean_futures,77,0.38334166249441365,0.0005790317504097794,0.1975955409269385,0.08496782443169502,0.00078958875055879,0.10620978053961878
142,00,kamis_retail,sp500,76,0.43125938637274924,0.00010053380412230071,0.34215401507145415,0.0024841340961912553,0.00016755634020383452,0.0041402234936520925
142,00,kamis_retail,sugar_futures,77,0.5220313219133066,1.1211654871125823e-06,0.3063159002925821,0.006740364125083499,3.3634964613377474e-06,0.009191405625113861
142,00,kamis_retail,usd_krw,79,-0.6516347440186542,7.83699500358993e-11,-0.40933466171707417,0.00017983302817293256,5.877746252692448e-10,0.0004495825704323314
142,00,kamis_retail,wheat_futures,77,0.5666471446079402,7.787763732442978e-08,0.3710048516578769,0.0008947026649037866,2.920411399666117e-07,0.0019172199962223997
142,01,kamis_retail,kamis_wholesale,79,-0.27158417921683253,0.015473164388038372,0.11880749120659206,0.29701705012106594,0.019341455485047964,0.31823255370114206
142,01,kamis_retail,coffee_futures,77,0.26846717227727346,0.01823684197943446,0.415528416061919,0.0001712500983961169,0.02104250997627053,0.0004495825704323314
142,01,kamis_retail,corn_futures,77,0.4845723836896703,7.982781339908752e-06,0.33282934571400247,0.003100312724187383,1.7105960014090182e-05,0.004650469086281074
142,01,kamis_retail,cotton_futures,77,0.611117447440266,3.5751344759979285e-09,0.6227060007557632,1.4779814265264846e-09,1.7875672379989643e-08,1.1084860698948635e-08
142,01,kamis_retail,dow_jones,76,0.3935143609775622,0.0004368725053798885,0.4816214932039526,1.0595615093063659e-05,0.0006553087580698327,3.973355659898872e-05
142,01,kamis_retail,kosdaq,77,-0.46145605925939004,2.4002200643453402e-05,-0.5195682757402923,1.2849508410843904e-06,4.5004126206475126e-05,6.4247542054219525e-06
142,01,kamis_retail,kospi,77,-0.6754821461445754,1.5979101895322666e-11,-0.8140849520575274,2.2306044849533887e-19,2.3968652842984e-10,3.345906727430083e-18
142,01,kamis_retail,nasdaq,76,0.013578906955319523,0.9073184204201249,0.007587927689788903,0.9481305129017992,0.9073184204201249,0.9481305129017993
142,01,kamis_retail,orange_juice_futures,76,-0.23921810120466683,0.03741438900719319,-0.1465193703387342,0.20659437397108746,0.04008684536484985,0.23837812381279322
142,01,kamis_retail,rough_rice_futures,76,0.4988495478304547,4.5073448614594874e-06,0.3529142344473421,0.0017665067892650777,1.1268362153648719e-05,0.0033122002298720207
142,01,kamis_retail,soybean_futures,77,0.38334166249441365,0.0005790317504097794,0.1975955409269385,0.08496782443169502,0.00078958875055879,0.10620978053961878
142,01,kamis_retail,sp500,76,0.43125938637274924,0.00010053380412230071,0.34215401507145415,0.0024841340961912553,0.00016755634020383452,0.0041402234936520925
142,01,kamis_retail,sugar_futures,77,0.5220313219133066,1.1211654871125823e-06,0.3063159002925821,0.006740364125083499,3.3634964613377474e-06,0.009191405625113861
142,01,kamis_retail,usd_krw,79,-0.6516347440186542,7.83699500358993e-11,-0.40933466171707417,0.00017983302817293256,5.877746252692448e-10,0.0004495825704323314
142,01,kamis_retail,wheat_futures,77,0.5666471446079402,7.787763732442978e-08,0.3710048516578769,0.0008947026649037866,2.920411399666117e-07,0.0019172199962223997
143,00,kamis_retail,kamis_wholesale,79,-0.09703552130630126,0.39491737271389143,-0.22500400455723146,0.0461907353837673,0.6499803809962498,0.24381171216423855
143,00,kamis_retail,coffee_futures,77,0.0924035810931189,0.42412349952968975,0.06718944110891743,0.5615112940299052,0.6499803809962498,0.9154580656362798
143,00,kamis_retail,corn_futures,77,0.023790164118649034,0.8372812122410327,0.013798045039129812,0.9051940626507619,0.8439513258476385,0.9698507814115305
143,00,kamis_retail,cotton_futures,77,0.24251880315616856,0.0335764401543226,0.2741834771000689,0.015820249739756046,0.298193665020487,0.2373037460963407
143,00,kamis_retail,dow_jones,76,0.23643026097956205,0.03975915533606493,0.2268538774739775,0.04876234243284771,0.298193665020487,0.24381171216423855
143,00,kamis_retail,kosdaq,77,0.10762299571936836,0.35151697090739087,0.0311692750673534,0.787851932847282,0.6499803809962498,0.9398439241037911
143,00,kamis_retail,kospi,77,0.11903281960184048,0.3024959176309012,-0.02717287708317987,0.8145314008899524,0.6499803809962498,0.9398439241037911
143,00,kamis_retail,nasdaq,76,-0.1848977246072006,0.10981905873959873,-0.12433008869694157,0.28458347107314974,0.5490952936979937,0.6189014561316887
143,00,kamis_retail,orange_juice_futures,76,-0.022956801283974645,0.8439513258476385,-0.11854338137882972,0.30777043308807805,0.8439513258476385,0.6189014561316887
143,00,kamis_retail,rough_rice_futures,76,-0.08287012057094388,0.4766522793972498,-0.0013056704381185006,0.9910687254115665,0.6499803809962498,0.9910687254115665
143,00,kamis_retail,soybean_futures,77,-0.10571369529974436,0.3601765974929619,-0.05899288142756152,0.6103053770908532,0.6499803809962498,0.9154580656362798
143,00,kamis_retail,sp500,76,-0.04784956681392562,0.6814650946265522,-0.03651700757747206,0.7541467161515019,0.7863058784152526,0.9398439241037911
143,00,kamis_retail,sugar_futures,77,0.09336156624598384,0.4193147483408109,0.14577293986916642,0.2058714574447278,0.6499803809962498,0.6189014561316887
143,00,kamis_retail,usd_krw,79,-0.08141142665443167,0.4756897216534547,-0.1110083155476925,0.33008077660356727,0.6499803809962498,0.6189014561316887
143,00,kamis_retail,wheat_futures,77,0.05073621351677187,0.6612348689751153,0.14106820073989396,0.22104584667302354,0.7863058784152526,0.6189014561316887
143,01,kamis_retail,kamis_wholesale,79,-0.09703552130630126,0.39491737271389143,-0.22500400455723146,0.0461907353837673,0.6499803809962498,0.24381171216423855
143,01,kamis_retail,coffee_futures,77,0.0924035810931189,0.42412349952968975,0.06718944110891743,0.5615112940299052,0.6499803809962498,0.9154580656362798
143,01,kamis_retail,corn_futures,77,0.023790164118649034,0.8372812122410327,0.013798045039129812,0.9051940626507619,0.8439513258476385,0.9698507814115305
143,01,kamis_retail,cotton_futures,77,0.24251880315616856,0.0335764401543226,0.2741834771000689,0.015820249739756046,0.298193665020487,0.2373037460963407
143,01,kamis_retail,dow_jones,76,0.23643026097956205,0.03975915533606493,0.2268538774739775,0.04876234243284771,0.298193665020487,0.24381171216423855
143,01,kamis_retail,kosdaq,77,0.10762299571936836,0.35151697090739087,0.0311692750673534,0.787851932847282,0.6499803809962498,0.9398439241037911
143,01,kamis_retail,kospi,77,0.11903281960184048,0.3024959176309012,-0.02717287708317987,0.8145314008899524,0.6499803809962498,0.9398439241037911
143,01,kamis_retail,nasdaq,76,-0.1848977246072006,0.10981905873959873,-0.12433008869694157,0.28458347107314974,0.5490952936979937,0.6189014561316887
143,01,kamis_retail,orange_juice_futures,76,-0.022956801283974645,0.8439513258476385,-0.11854338137882972,0.30777043308807805,0.8439513258476385,0.6189014561316887
143,01,kamis_retail,rough_rice_futures,76,-0.08287012057094388,0.4766522793972498,-0.0013056704381185006,0.9910687254115665,0.6499803809962498,0.9910687254115665
143,01,kamis_retail,soybean_futures,77,-0.10571369529974436,0.3601765974929619,-0.05899288142756152,0.6103053770908532,0.6499803809962498,0.9154580656362798
143,01,kamis_retail,sp500,76,-0.04784956681392562,0.6814650946265522,-0.03651700757747206,0.7541467161515019,0.7863058784152526,0.9398439241037911
143,01,kamis_retail,sugar_futures,77,0.09336156624598384,0.4193147483408109,0.14577293986916642,0.2058714574447278,0.6499803809962498,0.6189014561316887
143,01,kamis_retail,usd_krw,79,-0.08141142665443167,0.4756897216534547,-0.1110083155476925,0.33008077660356727,0.6499803809962498,0.6189014561316887
143,01,kamis_retail,wheat_futures,77,0.05073621351677187,0.6612348689751153,0.14106820073989396,0.22104584667302354,0.7863058784152526,0.6189014561316887
143,02,kamis_retail,kamis_wholesale,79,-0.09703552130630126,0.39491737271389143,-0.22500400455723146,0.0461907353837673,0.6499803809962498,0.24381171216423855
143,02,kamis_retail,coffee_futures,77,0.0924035810931189,0.42412349952968975,0.06718944110891743,0.5615112940299052,0.6499803809962498,0.9154580656362798
143,02,kamis_retail,corn_futures,77,0.023790164118649034,0.8372812122410327,0.013798045039129812,0.9051940626507619,0.8439513258476385,0.9698507814115305
143,02,kamis_retail,cotton_futures,77,0.24251880315616856,0.0335764401543226,0.2741834771000689,0.015820249739756046,0.298193665020487,0.2373037460963407
143,02,kamis_retail,dow_jones,76,0.23643026097956205,0.03975915533606493,0.2268538774739775,0.04876234243284771,0.298193665020487,0.24381171216423855
143,02,kamis_retail,kosdaq,77,0.10762299571936836,0.35151697090739087,0.0311692750673534,0.787851932847282,0.6499803809962498,0.9398439241037911
143,02,kamis_retail,kospi,77,0.11903281960184048,0.3024959176309012,-0.02717287708317987,0.8145314008899524,0.6499803809962498,0.9398439241037911
143,02,kamis_retail,nasdaq,76,-0.1848977246072006,0.10981905873959873,-0.12433008869694157,0.28458347107314974,0.5490952936979937,0.6189014561316887
143,02,kamis_retail,orange_juice_futures,76,-0.022956801283974645,0.8439513258476385,-0.11854338137882972,0.30777043308807805,0.8439513258476385,0.6189014561316887
143,02,kamis_retail,rough_rice_futures,76,-0.08287012057094388,0.4766522793972498,-0.0013056704381185006,0.9910687254115665,0.6499803809962498,0.9910687254115665
143,02,kamis_retail,soybean_futures,77,-0.10571369529974436,0.3601765974929619,-0.05899288142756152,0.6103053770908532,0.6499803809962498,0.9154580656362798
143,02,kamis_retail,sp500,76,-0.04784956681392562,0.6814650946265522,-0.03651700757747206,0.7541467161515019,0.7863058784152526,0.9398439241037911
143,02,kamis_retail,sugar_futures,77,0.09336156624598384,0.4193147483408109,0.14577293986916642,0.2058714574447278,0.6499803809962498,0.6189014561316887
143,02,kamis_retail,usd_krw,79,-0.08141142665443167,0.4756897216534547,-0.1110083155476925,0.33008077660356727,0.6499803809962498,0.6189014561316887
143,02,kamis_retail,wheat_futures,77,0.05073621351677187,0.6612348689751153,0.14106820073989396,0.22104584667302354,0.7863058784152526,0.6189014561316887
143,03,kamis_retail,kamis_wholesale,79,-0.09703552130630126,0.39491737271389143,-0.22500400455723146,0.0461907353837673,0.6499803809962498,0.24381171216423855
143,03,kamis_retail,coffee_futures,77,0.0924035810931189,0.42412349952968975,0.06718944110891743,0.5615112940299052,0.6499803809962498,0.9154580656362798
143,03,kamis_retail,corn_futures,77,0.023790164118649034,0.8372812122410327,0.013798045039129812,0.9051940626507619,0.8439513258476385,0.9698507814115305
143,03,kamis_retail,cotton_futures,77,0.24251880315616856,0.0335764401543226,0.2741834771000689,0.015820249739756046,0.298193665020487,0.2373037460963407
143,03,kamis_retail,dow_jones,76,0.23643026097956205,0.03975915533606493,0.2268538774739775,0.04876234243284771,0.298193665020487,0.24381171216423855
143,03,kamis_retail,kosdaq,77,0.10762299571936836,0.35151697090739087,0.0311692750673534,0.787851932847282,0.6499803809962498,0.9398439241037911
143,03,kamis_retail,kospi,77,0.11903281960184048,0.3024959176309012,-0.02717287708317987,0.8145314008899524,0.6499803809962498,0.9398439241037911
143,03,kamis_retail,nasdaq,76,-0.1848977246072006,0.10981905873959873,-0.12433008869694157,0.28458347107314974,0.5490952936979937,0.6189014561316887
143,03,kamis_retail,orange_juice_futures,76,-0.022956801283974645,0.8439513258476385,-0.11854338137882972,0.30777043308807805,0.8439513258476385,0.6189014561316887
143,03,kamis_retail,rough_rice_futures,76,-0.08287012057094388,0.4766522793972498,-0.0013056704381185006,0.9910687254115665,0.6499803809962498,0.9910687254115665
143,03,kamis_retail,soybean_futures,77,-0.10571369529974436,0.3601765974929619,-0.05899288142756152,0.6103053770908532,0.6499803809962498,0.9154580656362798
143,03,kamis_retail,sp500,76,-0.04784956681392562,0.6814650946265522,-0.03651700757747206,0.7541467161515019,0.7863058784152526,0.9398439241037911
143,03,kamis_retail,sugar_futures,77,0.09336156624598384,0.4193147483408109,0.14577293986916642,0.2058714574447278,0.6499803809962498,0.6189014561316887
143,03,kamis_retail,usd_krw,79,-0.08141142665443167,0.4756897216534547,-0.1110083155476925,0.33008077660356727,0.6499803809962498,0.6189014561316887
143,03,kamis_retail,wheat_futures,77,0.05073621351677187,0.6612348689751153,0.14106820073989396,0.22104584667302354,0.7863058784152526,0.6189014561316887
151,00,kamis_retail,kamis_wholesale,79,0.47418517665487503,1.0124822649210778e-05,0.43626579658623293,5.8415796808665045e-05,5.0624113246053894e-05,0.00017524739042599512
151,00,kamis_retail,coffee_futures,77,0.12982324013842925,0.26044864262408446,0.1455107138162219,0.2066971942072917,0.3395462308549629,0.25837149275911464
151,00,kamis_retail,corn_futures,77,-0.34979795724505414,0.0018183167456362907,-0.4088190070294516,0.00022303236587837137,0.0034093438980680453,0.0005575809146959285
151,00,kamis_retail,cotton_futures,77,-0.03658127198649784,0.7521127856155385,-0.11437998712718114,0.3219203870839413,0.7521127856155385,0.3714466004814707
151,00,kamis_retail,dow_jones,76,0.07721171657226206,0.5073618404603281,0.07092712471841575,0.5426250734282014,0.5436019719217801,0.5426250734282014
151,00,kamis_retail,kosdaq,77,0.5097554660544996,2.1890210320287544e-06,0.532272906533456,6.286026121505305e-07,3.2835315480431316e-05,9.429039182257957e-06
151,00,kamis_retail,kospi,77,0.49016048033101817,6.043495948609382e-06,0.37649533324569473,0.0007387319340294286,4.5326219614570364e-05,0.0013851223763051788
151,00,kamis_retail,nasdaq,76,-0.1013688309296229,0.38358253095178835,-0.18098174190871008,0.11768517822628326,0.44259522802129425,0.16047978849038624
151,00,kamis_retail,orange_juice_futures,76,0.12769770990211277,0.2716369846839703,0.09533998236566385,0.4126447661089474,0.3395462308549629,0.4421193922595865
151,00,kamis_retail,rough_rice_futures,76,-0.47131064119810273,1.7293518019854946e-05,-0.47199360166247406,1.674951184890228e-05,6.485069257445604e-05,0.00010318930943752102
151,00,kamis_retail,soybean_futures,77,-0.4587720373417673,2.7136703433673045e-05,-0.4631589325621138,2.219212096128528e-05,8.141011030101913e-05,0.00010318930943752102
151,00,kamis_retail,sp500,76,-0.225128523712912,0.05055037432828635,-0.24797150889410663,0.030788705345721253,0.08425062388047726,0.05131450890953542
151,00,kamis_retail,sugar_futures,77,-0.20149681540411574,0.0788701522595666,-0.1973575235973494,0.08535160701729624,0.11830522838934991,0.12802741052594438
151,00,kamis_retail,usd_krw,79,0.4193065252967582,0.00011990321973251691,0.4531062685752366,2.7517149183338938e-05,0.00029975804933129226,0.00010318930943752102
151,00,kamis_retail,wheat_futures,77,-0.3779011172662913,0.0007029952469116876,-0.38245425024328267,0.0005977830778931938,0.0015064183862393307,0.0012809637383425583
212,00,kamis_retail,kamis_wholesale,79,0.4699588735312105,1.2438206222858756e-05,0.47561710547221203,9.43709083721304e-06,2.0730343704764593e-05,1.5728484728688397e-05
212,00,kamis_retail,coffee_futures,77,0.28744284738262194,0.011251696677697749,0.31702379387406343,0.004966100369678233,0.012055389297533303,0.005730115811167192
212,00,kamis_retail,corn_futures,77,0.4544072607616564,3.305947196460064e-05,0.5354903195046499,5.220493526140666e-07,4.958920794690095e-05,9.78842536151375e-07
212,00,kamis_retail,cotton_futures,77,0.6222945531305889,1.5260161618527067e-09,0.7073786331801799,6.407533444676257e-13,6.129931052853407e-09,9.611300167014385e-12
212,00,kamis_retail,dow_jones,76,0.5154977897179597,1.8859467514291589e-06,0.4720727865317842,1.6687481653167015e-05,3.536150158929673e-06,2.503122247975052e-05
212,00,kamis_retail,kosdaq,77,-0.3740601681657963,0.0008045694194087103,-0.23704482713290392,0.0379196836706523,0.001097140117375514,0.0379196836706523
212,00,kamis_retail,kospi,77,-0.6508253202369143,1.4791808541379976e-10,-0.6488760352307086,1.7485296352213112e-10,2.2187712812069964e-09,1.3113972264159835e-09
212,00,kamis_retail,nasdaq,76,0.21410924261622594,0.06327887435081936,0.29562994312086016,0.009520932580543902,0.06327887435081936,0.010200999193439895
212,00,kamis_retail,orange_juice_futures,76,-0.3344640823308196,0.0031468523892150303,-0.37444885739183825,0.0008610428994390754,0.003630983526017343,0.0010763036242988444
212,00,kamis_retail,rough_rice_futures,76,0.5249330540484846,1.1272731821863815e-06,0.5608867439571256,1.3657546845978663e-07,2.8181829554659538e-06,4.0972640537935994e-07
212,00,kamis_retail,soybean_futures,77,0.3689553492853221,0.0009602022680367256,0.3813921388195084,0.0006209529927379945,0.001200252835045907,0.000846754081006356
212,00,kamis_retail,sp500,76,0.5763160967583494,5.1017590207031054e-08,0.5569720626500112,1.7396268565009324e-07,1.5305277062109316e-07,4.349067141252331e-07
212,00,kamis_retail,sugar_futures,77,0.6214078665992461,1.6346482807609085e-09,0.629829752231669,8.431956384545689e-10,6.129931052853407e-09,4.215978192272844e-09
212,00,kamis_retail,usd_krw,79,-0.6195674679280307,1.146366082440316e-09,-0.6089946914266278,2.6011981005891882e-09,6.129931052853407e-09,9.754492877209456e-09
212,00,kamis_retail,wheat_futures,77,0.5160781922299541,1.5559771986711145e-06,0.5373895683525636,4.6741341240055867e-07,3.3342368542952455e-06,9.78842536151375e-07
213,00,kamis_retail,kamis_wholesale,79,0.9587857445866049,7.868750325827352e-44,0.9688329396868686,2.0184053561152198e-48,1.1803125488741028e-42,3.0276080341728296e-47
213,00,kamis_retail,coffee_futures,77,0.31651445491896557,0.005040034922833628,0.34006835809123176,0.002478001375779886,0.005400037417321744,0.0026550014740498776
213,00,kamis_retail,corn_futures,77,0.7454302279196552,7.503308981620161e-15,0.7200215641234236,1.5856786619778716e-13,1.457179571165582e-14,3.3978828470954395e-13
213,00,kamis_retail,cotton_futures,77,0.8371106296897527,2.4482402306706457e-21,0.8791260796595066,7.552451201755359e-26,9.180900865014921e-21,5.664338401316519e-25
213,00,kamis_retail,dow_jones,76,0.4848200567749489,9.072307640501824e-06,0.460821239954441,2.801578172827646e-05,1.2371328600684305e-05,3.820333872037699e-05
213,00,kamis_retail,kosdaq,77,-0.28241947846314985,0.012825755631097164,-0.2514263178651242,0.027402625552901128,0.012825755631097164,0.027402625552901128
213,00,kamis_retail,kospi,77,-0.6411261235574118,3.3605922381132857e-10,-0.5369790981990272,4.787427473589562e-07,5.040888357169929e-10,7.181141210384343e-07
213,00,kamis_retail,nasdaq,76,0.4271875095783459,0.00011880052722354488,0.4215570336723882,0.00014913283572394798,0.00013707753141178257,0.00017207634891224766
213,00,kamis_retail,orange_juice_futures,76,-0.445175379638297,5.590542138738223e-05,-0.45712195889971363,3.308818528546354e-05,6.988177673422779e-05,4.136023160682942e-05
213,00,kamis_retail,rough_rice_futures,76,0.7484150966288373,7.771624379549771e-15,0.7689284151810127,5.011939596343093e-16,1.457179571165582e-14,1.2529848990857731e-15
213,00,kamis_retail,soybean_futures,77,0.6418130175475499,3.1738843711217114e-10,0.6332917050085448,6.385831911230273e-10,5.040888357169929e-10,1.0643053185383787e-09
213,00,kamis_retail,sp500,76,0.7753594943378732,2.0012070565950017e-16,0.6889965891353121,5.971745632048148e-12,5.003017641487505e-16,1.1197023060090277e-11
213,00,kamis_retail,sugar_futures,77,0.8619457988598206,7.964822240304147e-24,0.8134227323167333,2.516073522913027e-19,3.982411120152074e-23,9.435275710923852e-19
213,00,kamis_retail,usd_krw,79,-0.9157754968460993,3.119553392413623e-32,-0.8484878064647557,5.574375666032697e-23,2.3396650443102173e-31,2.787187833016348e-22
213,00,kamis_retail,wheat_futures,77,0.780353422712262,5.967177552438795e-17,0.798603809804689,3.3073936544890582e-18,1.7901532657316385e-16,9.922180963467175e-18
214,01,kamis_retail,kamis_wholesale,79,0.774100876609979,5.973902086291958e-17,0.7551924809466994,8.94196285259435e-16,1.4934755215729893e-16,2.2354907131485875e-15
214,01,kamis_retail,coffee_futures,77,0.10870136318802025,0.34668364842291477,0.09195477849349284,0.4263871559878596,0.34668364842291477,0.42638715598785965
214,01,kamis_retail,corn_futures,77,0.8068445033255304,8.114132465924322e-19,0.8014277672211326,2.0586662699175257e-18,3.0427996747216206e-18,1.0293331349587628e-17
214,01,kamis_retail,cotton_futures,77,0.6218785535984758,1.5760950574798922e-09,0.6500111738280343,1.5864597449826326e-10,2.364142586219838e-09,2.644099574971054e-10
214,01,kamis_retail,dow_jones,76,0.2231211902197223,0.052697983302365824,0.22997997147517155,0.04565524733236068,0.05646212496682052,0.048916336427529294
214,01,kamis_retail,kosdaq,77,-0.3545425169379315,0.0015580048335304508,-0.26812146706980416,0.01839263251621331,0.0019475060419130634,0.021222268287938436
214,01,kamis_retail,kospi,77,-0.642390641811177,3.0245949019621997e-10,-0.4842907848034705,8.094481491930384e-06,5.671115441179125e-10,1.2141722237895576e-05
214,01,kamis_retail,nasdaq,76,0.3413251912316481,0.002548987702516696,0.4686002557533575,1.9619181812077414e-05,0.002941139656750034,2.6753429743741928e-05
214,01,kamis_retail,orange_juice_futures,76,-0.41217950137753806,0.0002158963243909185,-0.3615017055598624,0.0013342135397858836,0.0002944040787148889,0.0016677669247323545
214,01,kamis_retail,rough_rice_futures,76,0.8333238157381975,9.811469904234597e-21,0.8431655364759926,1.2441314580558505e-21,7.358602428175948e-20,9.330985935418878e-21
214,01,kamis_retail,soybean_futures,77,0.7614516981267503,9.048704946037952e-16,0.7378664388063626,1.9301745990739664e-14,1.939008202722418e-15,4.136088426587071e-14
214,01,kamis_retail,sp500,76,0.641276080206105,4.3533944259292295e-10,0.6623510675323452,7.206021190886522e-11,7.255657376548716e-10,1.351128973291223e-10
214,01,kamis_retail,sugar_futures,77,0.824195792190581,3.3349088477781844e-20,0.7782554411081728,8.17536386653626e-17,1.6674544238890923e-19,3.0657614499510975e-16
214,01,kamis_retail,usd_krw,79,-0.9065664683636381,1.4215360021449291e-30,-0.8899249602509605,5.683751368354036e-28,2.1323040032173937e-29,8.525627052531054e-27
214,01,kamis_retail,wheat_futures,77,0.7861948399402303,2.4379521088145813e-17,0.7698517062234419,2.790505603297775e-16,7.313856326443744e-17,8.371516809893325e-16
214,02,kamis_retail,kamis_wholesale,79,0.774100876609979,5.973902086291958e-17,0.7551924809466994,8.94196285259435e-16,1.4934755215729893e-16,2.2354907131485875e-15
214,02,kamis_retail,coffee_futures,77,0.10870136318802025,0.34668364842291477,0.09195477849349284,0.4263871559878596,0.34668364842291477,0.42638715598785965
214,02,kamis_retail,corn_futures,77,0.8068445033255304,8.114132465924322e-19,0.8014277672211326,2.0586662699175257e-18,3.0427996747216206e-18,1.0293331349587628e-17
214,02,kamis_retail,cotton_futures,77,0.6218785535984758,1.5760950574798922e-09,0.6500111738280343,1.5864597449826326e-10,2.364142586219838e-09,2.644099574971054e-10
214,02,kamis_retail,dow_jones,76,0.2231211902197223,0.052697983302365824,0.22997997147517155,0.04565524733236068,0.05646212496682052,0.048916336427529294
214,02,kamis_retail,kosdaq,77,-0.3545425169379315,0.0015580048335304508,-0.26812146706980416,0.01839263251621331,0.0019475060419130634,0.021222268287938436
214,02,kamis_retail,kospi,77,-0.642390641811177,3.0245949019621997e-10,-0.4842907848034705,8.094481491930384e-06,5.671115441179125e-10,1.2141722237895576e-05
214,02,kamis_retail,nasdaq,76,0.3413251912316481,0.002548987702516696,0.4686002557533575,1.9619181812077414e-05,0.002941139656750034,2.6753429743741928e-05
214,02,kamis_retail,orange_juice_futures,76,-0.41217950137753806,0.0002158963243909185,-0.3615017055598624,0.0013342135397858836,0.0002944040787148889,0.0016677669247323545
214,02,kamis_retail,rough_rice_futures,76,0.8333238157381975,9.811469904234597e-21,0.8431655364759926,1.2441314580558505e-21,7.358602428175948e-20,9.330985935418878e-21
214,02,kamis_retail,soybean_futures,77,0.7614516981267503,9.048704946037952e-16,0.7378664388063626,1.9301745990739664e-14,1.939008202722418e-15,4.136088426587071e-14
214,02,kamis_retail,sp500,76,0.641276080206105,4.3533944259292295e-10,0.6623510675323452,7.206021190886522e-11,7.255657376548716e-10,1.351128973291223e-10
214,02,kamis_retail,sugar_futures,77,0.824195792190581,3.3349088477781844e-20,0.7782554411081728,8.17536386653626e-17,1.6674544238890923e-19,3.0657614499510975e-16
214,02,kamis_retail,usd_krw,79,-0.9065664683636381,1.4215360021449291e-30,-0.8899249602509605,5.683751368354036e-28,2.1323040032173937e-29,8.525627052531054e-27
214,02,kamis_retail,wheat_futures,77,0.7861948399402303,2.4379521088145813e-17,0.7698517062234419,2.790505603297775e-16,7.313856326443744e-17,8.371516809893325e-16
215,00,kamis_retail,kamis_wholesale,79,0.846671886629804,8.508789662744033e-23,0.8333292751223552,1.623391226267176e-21,1.276318449411605e-21,2.435086839400764e-20
215,00,kamis_retail,coffee_futures,77,0.19368754805461577,0.09144466316458474,0.1272380701985014,0.2701415434236527,0.09144466316458474,0.2894373679539136
215,00,kamis_retail,corn_futures,77,0.6018384728595115,7.070909176878845e-09,0.5097879411041297,2.185224601679354e-06,1.5151948236168954e-08,3.6420410027989226e-06
215,00,kamis_retail,cotton_futures,77,0.6844244085019919,6.757098894037285e-12,0.6946536788600889,2.4299600684990336e-12,2.0271296682111855e-11,1.2149800342495167e-11
215,00,kamis_retail,dow_jones,76,0.48738637275034186,8.000969801349376e-06,0.4276954837492133,0.00011636523470085562,1.2001454702024064e-05,0.00017454785205128345
215,00,kamis_retail,kosdaq,77,-0.2164859265524301,0.058614070615335336,-0.10558695937951887,0.36075601394843093,0.06280078994500214,0.36075601394843093
215,00,kamis_retail,kospi,77,-0.583451260364683,2.5660950302761397e-08,-0.5270671749704219,8.455459674407058e-07,4.276825050460233e-08,1.8118842159443697e-06
215,00,kamis_retail,nasdaq,76,0.4254903573656425,0.00012728233337723353,0.4147623573067266,0.0001951910491946626,0.0001591029167215419,0.0002661696125381763
215,00,kamis_retail,orange_juice_futures,76,-0.32512630751897226,0.004160799801633418,-0.2743989554843416,0.01645125967060245,0.0048009228480385595,0.01898222269684898
215,00,kamis_retail,rough_rice_futures,76,0.6476602289316093,2.562174115769379e-10,0.5960912720113748,1.3376233321644015e-08,6.405435289423448e-10,3.344058330411004e-08
215,00,kamis_retail,soybean_futures,77,0.47473548865117393,1.2877676970236884e-05,0.3603983173392928,0.001283306992918127,1.756046859577757e-05,0.0016041337411476586
215,00,kamis_retail,sp500,76,0.7444066888417786,1.2878311106037477e-14,0.6350083054974895,7.239298224072645e-10,4.829366664764054e-14,2.303669053082333e-09
215,00,kamis_retail,sugar_futures,77,0.7443064110532432,8.652212804725493e-15,0.6309998041634679,7.678896843607776e-10,4.326106402362747e-14,2.303669053082333e-09
215,00,kamis_retail,usd_krw,79,-0.8333482778878097,1.6168900661555573e-21,-0.7218878066479147,6.061170341140517e-14,1.212667549616668e-20,4.5458777558553877e-13
215,00,kamis_retail,wheat_futures,77,0.5970567212438938,9.964318904522969e-09,0.5140671029876196,1.7357208865153735e-06,1.8683097945980567e-08,3.254476662216325e-06
221,00,kamis_retail,kamis_wholesale,79,0.7319724625529611,1.8066868805135183e-14,0.7362731013659938,1.0603687114255624e-14,2.7100303207702773e-13,1.5905530671383436e-13
221,00,kamis_retail,coffee_futures,77,0.4641733059606622,2.1175234198078932e-05,0.46387537794136985,2.1469300309739005e-05,7.9407128242796e-05,8.050987616152126e-05
221,00,kamis_retail,corn_futures,77,-0.4416012038283453,5.810549484739057e-05,-0.431957721088232,8.75596015953891e-05,0.00017431648454217173,0.0002626788047861673
221,00,kamis_retail,cotton_futures,77,0.22851020636648398,0.0456187701714913,0.23618724614573772,0.038640783055977575,0.06842815525723696,0.05796117458396636
221,00,kamis_retail,dow_jones,76,0.5212582582136791,1.3799938208774892e-06,0.5162040044560414,1.8156509615440375e-06,6.899969104387446e-06,9.078254807720188e-06
221,00,kamis_retail,kosdaq,77,0.06221814473028382,0.5908854779659034,0.0822400420665177,0.4770497615457328,0.6817909361145039,0.5245517025530988
221,00,kamis_retail,kospi,77,0.009578639231161472,0.9341065409607823,-0.2089128434336795,0.06824360206691807,0.9954571693027955,0.09305945736397918
221,00,kamis_retail,nasdaq,76,-0.1984822191152766,0.08565144627630134,-0.19435235254375452,0.09250544672862478,0.11679742674041091,0.11563180841078097
221,00,kamis_retail,orange_juice_futures,76,0.09027516329699875,0.43801891698318507,0.08046511310147193,0.4895815890495589,0.5475236462289813,0.5245517025530988
221,00,kamis_retail,rough_rice_futures,76,-0.4274084833516177,0.00011773542440104246,-0.3726142950891392,0.00091717819080393,0.0002943385610026062,0.001965381837436993
221,00,kamis_retail,soybean_futures,77,-0.5927842369435188,1.347435820313179e-08,-0.5850072301827265,2.3080326429559306e-08,1.0105768652348843e-07,1.731024482216948e-07
221,00,kamis_retail,sp500,76,0.000664110115578884,0.9954571693027955,0.009952765380687486,0.9319988104798644,0.9954571693027955,0.9319988104798644
221,00,kamis_retail,sugar_futures,77,-0.24967314554358738,0.028535448872059777,-0.2917504771964014,0.010038564276450728,0.04755908145343296,0.016730940460751215
221,00,kamis_retail,usd_krw,79,0.2599512887121512,0.02068981332599851,0.37271526869154253,0.0007177071084021104,0.03879339998624721,0.001794267771005276
221,00,kamis_retail,wheat_futures,77,-0.3072773747960797,0.0065609007321483824,-0.33751840660327237,0.0026831114282406523,0.01405907299746082,0.005030833927951223
222,00,kamis_retail,kamis_wholesale,54,0.9490883210132081,9.474027574883822e-28,0.9414524543770644,3.2624836408914884e-26,1.4211041362325734e-26,4.8937254613372325e-25
222,00,kamis_retail,coffee_futures,74,-0.0035868298014869945,0.9758039775600031,0.09749848190879605,0.40857367266100003,0.9758039775600031,0.4377575064225
222,00,kamis_retail,corn_futures,74,0.5211492529596689,1.9303992603325346e-06,0.5440069942738965,5.457815241926485e-07,4.825998150831336e-06,1.0233403578612159e-06
222,00,kamis_retail,cotton_futures,74,0.5127895610720131,2.99566973789839e-06,0.5858708531448238,4.167687352307761e-08,6.41929229549655e-06,1.0419218380769404e-07
222,00,kamis_retail,dow_jones,74,0.24844611560327853,0.03280861217479667,0.2540117446439562,0.028973599808628042,0.04101076521849584,0.03621699976078505
222,00,kamis_retail,kosdaq,74,0.35558537522774997,0.0018767523103445317,0.3572772108591656,0.0017785235470619363,0.002815128465516798,0.002425259382357186
222,00,kamis_retail,kospi,74,0.00420790598997085,0.9716159271956386,0.0006961003569365661,0.9953035706601139,0.9758039775600031,0.9953035706601139
222,00,kamis_retail,nasdaq,74,0.5757246961821496,8.035665114488045e-08,0.6147910636065108,5.637799349702003e-09,2.4106995343464137e-07,1.691339804910601e-08
222,00,kamis_retail,orange_juice_futures,74,-0.1991994167984191,0.08884856315624517,-0.12407710479690322,0.2922233132511636,0.10251757287259058,0.3371807460590349
222,00,kamis_retail,rough_rice_futures,74,0.4570438054638488,4.249947488332345e-05,0.5612272101186333,1.9773136144947568e-07,7.968651540623147e-05,4.237100602488764e-07
222,00,kamis_retail,soybean_futures,74,0.3361417832804298,0.0034105464857232433,0.3787452420800072,0.0008762485641325716,0.004650745207804423,0.0013143728461988574
222,00,kamis_retail,sp500,74,0.627549772713568,2.183690151699101e-09,0.6615324236494428,1.3960439262615142e-10,8.188838068871628e-09,6.980219631307571e-10
222,00,kamis_retail,sugar_futures,74,0.6800090173663003,2.6844001260267954e-11,0.6630575668847031,1.2237466527455534e-10,2.0133000945200966e-10,6.980219631307571e-10
222,00,kamis_retail,usd_krw,76,-0.6221711556210033,1.9806740311864263e-09,-0.6426437578616612,3.890093789083109e-10,8.188838068871628e-09,1.4587851709061659e-09
222,00,kamis_retail,wheat_futures,74,0.3892215118537626,0.0006093336153326454,0.4765865121044017,1.7670324275163035e-05,0.001015556025554409,2.945054045860506e-05
223,01,kamis_retail,kamis_wholesale,79,0.7890218687213775,5.831316289507716e-18,0.7507852638242959,1.6224248055117319e-15,1.7493948868523146e-17,4.808445347402557e-15
223,01,kamis_retail,coffee_futures,77,0.12158832755826131,0.29215936670372783,0.05623767582489812,0.6271112736590665,0.29215936670372783,0.6271112736590665
223,01,kamis_retail,corn_futures,77,0.8247445187978899,2.997724640241148e-20,0.8146799398184342,2.0010311121766985e-19,1.4419175869727618e-19,7.503866670662619e-19
223,01,kamis_retail,cotton_futures,77,0.6962451336478611,2.064610898965505e-12,0.683414178918273,7.458476112014165e-12,3.8711454355603216e-12,1.398464271002656e-11
223,01,kamis_retail,dow_jones,76,0.2264836725127883,0.049141547691037735,0.18047590081106527,0.11873207925292262,0.052651658240397574,0.1272129420567028
223,01,kamis_retail,kosdaq,77,-0.4171473142076963,0.00016054016339434152,-0.3240962271591955,0.004034339766019385,0.0002189184046286475,0.005042924707524231
223,01,kamis_retail,kospi,77,-0.6774013555373772,1.3317653468721635e-11,-0.48794531352701465,6.752343072086853e-06,2.219608911453606e-11,1.0128514608130279e-05
223,01,kamis_retail,nasdaq,76,0.2919414208778688,0.01049999178393203,0.3934213315385217,0.0004383650847123777,0.012115375135306191,0.0005977705700623332
223,01,kamis_retail,orange_juice_futures,76,-0.3626151225223835,0.001285804813492624,-0.26869783371672395,0.01892678642842445,0.0016072560168657799,0.021838599725105136
223,01,kamis_retail,rough_rice_futures,76,0.8264418913224086,3.845113565260698e-20,0.8343199715629442,8.010097019160831e-21,1.4419175869727618e-19,4.0050485095804154e-20
223,01,kamis_retail,soybean_futures,77,0.7510292144964247,3.648495876897101e-15,0.7356842382016564,2.5198680563729365e-14,7.818205450493787e-15,5.399717263656293e-14
223,01,kamis_retail,sp500,76,0.6126328268697725,4.064084391310511e-09,0.579844283092168,4.0439805343431584e-08,6.096126586965767e-09,6.739967557238598e-08
223,01,kamis_retail,sugar_futures,77,0.7929133774696996,8.40699487875167e-18,0.755879841243885,1.9233781389610225e-15,2.1017487196879174e-17,4.808445347402557e-15
223,01,kamis_retail,usd_krw,79,-0.9244611273437235,5.5709850817125845e-34,-0.8820611525700296,6.956961688235919e-27,8.356477622568877e-33,1.043544253235388e-25
223,01,kamis_retail,wheat_futures,77,0.8374028420635958,2.301738119304431e-21,0.8374921145112866,2.2586991441125055e-21,1.7263035894783234e-20,1.6940243580843792e-20
223,02,kamis_retail,kamis_wholesale,79,0.7890218687213775,5.831316289507716e-18,0.7507852638242959,1.6224248055117319e-15,1.7493948868523146e-17,4.808445347402557e-15
223,02,kamis_retail,coffee_futures,77,0.12158832755826131,0.29215936670372783,0.05623767582489812,0.6271112736590665,0.29215936670372783,0.6271112736590665
223,02,kamis_retail,corn_futures,77,0.8247445187978899,2.997724640241148e-20,0.8146799398184342,2.0010311121766985e-19,1.4419175869727618e-19,7.503866670662619e-19
223,02,kamis_retail,cotton_futures,77,0.6962451336478611,2.064610898965505e-12,0.683414178918273,7.458476112014165e-12,3.8711454355603216e-12,1.398464271002656e-11
223,02,kamis_retail,dow_jones,76,0.2264836725127883,0.049141547691037735,0.18047590081106527,0.11873207925292262,0.052651658240397574,0.1272129420567028
223,02,kamis_retail,kosdaq,77,-0.4171473142076963,0.00016054016339434152,-0.3240962271591955,0.004034339766019385,0.0002189184046286475,0.005042924707524231
223,02,kamis_retail,kospi,77,-0.6774013555373772,1.3317653468721635e-11,-0.48794531352701465,6.752343072086853e-06,2.219608911453606e-11,1.0128514608130279e-05
223,02,kamis_retail,nasdaq,76,0.2919414208778688,0.01049999178393203,0.3934213315385217,0.0004383650847123777,0.012115375135306191,0.0005977705700623332
223,02,kamis_retail,orange_juice_futures,76,-0.3626151225223835,0.001285804813492624,-0.26869783371672395,0.01892678642842445,0.0016072560168657799,0.021838599725105136
223,02,kamis_retail,rough_rice_futures,76,0.8264418913224086,3.845113565260698e-20,0.8343199715629442,8.010097019160831e-21,1.4419175869727618e-19,4.0050485095804154e-20
223,02,kamis_retail,soybean_futures,77,0.7510292144964247,3.648495876897101e-15,0.7356842382016564,2.5198680563729365e-14,7.818205450493787e-15,5.399717263656293e-14
223,02,kamis_retail,sp500,76,0.6126328268697725,4.064084391310511e-09,0.579844283092168,4.0439805343431584e-08,6.096126586965767e-09,6.739967557238598e-08
223,02,kamis_retail,sugar_futures,77,0.7929133774696996,8.40699487875167e-18,0.755879841243885,1.9233781389610225e-15,2.1017487196879174e-17,4.808445347402557e-15
223,02,kamis_retail,usd_krw,79,-0.9244611273437235,5.5709850817125845e-34,-0.8820611525700296,6.956961688235919e-27,8.356477622568877e-33,1.043544253235388e-25
223,02,kamis_retail,wheat_futures,77,0.8374028420635958,2.301738119304431e-21,0.8374921145112866,2.2586991441125055e-21,1.7263035894783234e-20,1.6940243580843792e-20
223,03,kamis_retail,kamis_wholesale,79,0.7890218687213775,5.831316289507716e-18,0.7507852638242959,1.6224248055117319e-15,1.7493948868523146e-17,4.808445347402557e-15
223,03,kamis_retail,coffee_futures,77,0.12158832755826131,0.29215936670372783,0.05623767582489812,0.6271112736590665,0.29215936670372783,0.6271112736590665
223,03,kamis_retail,corn_futures,77,0.8247445187978899,2.997724640241148e-20,0.8146799398184342,2.0010311121766985e-19,1.4419175869727618e-19,7.503866670662619e-19
223,03,kamis_retail,cotton_futures,77,0.6962451336478611,2.064610898965505e-12,0.683414178918273,7.458476112014165e-12,3.8711454355603216e-12,1.398464271002656e-11
223,03,kamis_retail,dow_jones,76,0.2264836725127883,0.049141547691037735,0.18047590081106527,0.11873207925292262,0.052651658240397574,0.1272129420567028
223,03,kamis_retail,kosdaq,77,-0.4171473142076963,0.00016054016339434152,-0.3240962271591955,0.004034339766019385,0.0002189184046286475,0.005042924707524231
223,03,kamis_retail,kospi,77,-0.6774013555373772,1.3317653468721635e-11,-0.48794531352701465,6.752343072086853e-06,2.219608911453606e-11,1.0128514608130279e-05
223,03,kamis_retail,nasdaq,76,0.2919414208778688,0.01049999178393203,0.3934213315385217,0.0004383650847123777,0.012115375135306191,0.0005977705700623332
223,03,kamis_retail,orange_juice_futures,76,-0.3626151225223835,0.001285804813492624,-0.26869783371672395,0.01892678642842445,0.0016072560168657799,0.021838599725105136
223,03,kamis_retail,rough_rice_futures,76,0.8264418913224086,3.845113565260698e-20,0.8343199715629442,8.010097019160831e-21,1.4419175869727618e-19,4.0050485095804154e-20
223,03,kamis_retail,soybean_futures,77,0.7510292144964247,3.648495876897101e-15,0.7356842382016564,2.5198680563729365e-14,7.818205450493787e-15,5.399717263656293e-14
223,03,kamis_retail,sp500,76,0.6126328268697725,4.064084391310511e-09,0.579844283092168,4.0439805343431584e-08,6.096126586965767e-09,6.739967557238598e-08
223,03,kamis_retail,sugar_futures,77,0.7929133774696996,8.40699487875167e-18,0.755879841243885,1.9233781389610225e-15,2.1017487196879174e-17,4.808445347402557e-15
223,03,kamis_retail,usd_krw,79,-0.9244611273437235,5.5709850817125845e-34,-0.8820611525700296,6.956961688235919e-27,8.356477622568877e-33,1.043544253235388e-25
223,03,kamis_retail,wheat_futures,77,0.8374028420635958,2.301738119304431e-21,0.8374921145112866,2.2586991441125055e-21,1.7263035894783234e-20,1.6940243580843792e-20
224,01,kamis_retail,kamis_wholesale,79,0.8813626876742762,8.615420042815184e-27,0.9108573376512699,2.5252040963223833e-31,1.2923130064222776e-25,1.8939030722417875e-30
224,01,kamis_retail,coffee_futures,77,-0.15435215170765934,0.18013840609927634,-0.06608387011962666,0.567983660074866,0.20785200703762655,0.567983660074866
224,01,kamis_retail,corn_futures,77,0.8263636897031681,2.183994690478994e-20,0.8328227951599779,5.971851275190154e-21,1.0919973452394969e-19,2.2394442281963078e-20
224,01,kamis_retail,cotton_futures,77,0.43599967626422337,7.384349732395894e-05,0.6478684387514074,1.9055586649865148e-10,0.0001107652459859384,3.175931108310858e-10
224,01,kamis_retail,dow_jones,76,0.029754109494524436,0.7986089066697581,0.12866136675501363,0.26800619302892825,0.7986089066697581,0.3092379150333787
224,01,kamis_retail,kosdaq,77,-0.08795134053026532,0.4468827352477944,-0.10500854476140396,0.3634077025038652,0.47880293062263685,0.3893653955398556
224,01,kamis_retail,kospi,77,-0.3367780342108536,0.0027454465907163768,-0.36405941895622457,0.001134635333614515,0.003431808238395471,0.0015472300003834295
224,01,kamis_retail,nasdaq,76,0.4599940165257117,2.9082790385091188e-05,0.5429588971071477,4.0345165560552035e-07,4.847131730848531e-05,6.051774834082806e-07
224,01,kamis_retail,orange_juice_futures,76,-0.36623123971181054,0.0011393380252261512,-0.3079631136126423,0.006802132919153877,0.0015536427616720243,0.008502666148942345
224,01,kamis_retail,rough_rice_futures,76,0.8007578821668676,3.874030723018391e-18,0.8536653724160559,1.1680715392365635e-22,1.1622092169055175e-17,5.840357696182817e-22
224,01,kamis_retail,soybean_futures,77,0.7941937464257403,6.832642296704021e-18,0.7509070592874985,3.707096138539186e-15,1.708160574176005e-17,7.943777439726827e-15
224,01,kamis_retail,sp500,76,0.5679995671172426,8.728522784813894e-08,0.6562946457416247,1.2259838685150056e-10,1.636598022152605e-07,2.2987197534656354e-10
224,01,kamis_retail,sugar_futures,77,0.8105367512510163,4.2291517088666077e-19,0.8232038406005348,4.039826473641831e-20,1.585931890824978e-18,1.2119479420925492e-19
224,01,kamis_retail,usd_krw,79,-0.8421759388780712,2.369039995963063e-22,-0.9320924986514928,1.0663687371825785e-35,1.7767799969722972e-21,1.5995531057738678e-34
224,01,kamis_retail,wheat_futures,77,0.7328657970849757,3.541952280841386e-14,0.8072018325491497,7.622919427629001e-19,7.589897744660113e-14,1.9057298569072502e-18
224,02,kamis_retail,kamis_wholesale,79,0.8813626876742762,8.615420042815184e-27,0.9108573376512699,2.5252040963223833e-31,1.2923130064222776e-25,1.8939030722417875e-30
224,02,kamis_retail,coffee_futures,77,-0.15435215170765934,0.18013840609927634,-0.06608387011962666,0.567983660074866,0.20785200703762655,0.567983660074866
224,02,kamis_retail,corn_futures,77,0.8263636897031681,2.183994690478994e-20,0.8328227951599779,5.971851275190154e-21,1.0919973452394969e-19,2.2394442281963078e-20
224,02,kamis_retail,cotton_futures,77,0.43599967626422337,7.384349732395894e-05,0.6478684387514074,1.9055586649865148e-10,0.0001107652459859384,3.175931108310858e-10
224,02,kamis_retail,dow_jones,76,0.029754109494524436,0.7986089066697581,0.12866136675501363,0.26800619302892825,0.7986089066697581,0.3092379150333787
224,02,kamis_retail,kosdaq,77,-0.08795134053026532,0.4468827352477944,-0.10500854476140396,0.3634077025038652,0.47880293062263685,0.3893653955398556
224,02,kamis_retail,kospi,77,-0.3367780342108536,0.0027454465907163768,-0.36405941895622457,0.001134635333614515,0.003431808238395471,0.0015472300003834295
224,02,kamis_retail,nasdaq,76,0.4599940165257117,2.9082790385091188e-05,0.5429588971071477,4.0345165560552035e-07,4.847131730848531e-05,6.051774834082806e-07
224,02,kamis_retail,orange_juice_futures,76,-0.36623123971181054,0.0011393380252261512,-0.3079631136126423,0.006802132919153877,0.0015536427616720243,0.008502666148942345
224,02,kamis_retail,rough_rice_futures,76,0.8007578821668676,3.874030723018391e-18,0.8536653724160559,1.1680715392365635e-22,1.1622092169055175e-17,5.840357696182817e-22
224,02,kamis_retail,soybean_futures,77,0.7941937464257403,6.832642296704021e-18,0.7509070592874985,3.707096138539186e-15,1.708160574176005e-17,7.943777439726827e-15
224,02,kamis_retail,sp500,76,0.5679995671172426,8.728522784813894e-08,0.6562946457416247,1.2259838685150056e-10,1.636598022152605e-07,2.2987197534656354e-10
224,02,kamis_retail,sugar_futures,77,0.8105367512510163,4.2291517088666077e-19,0.8232038406005348,4.039826473641831e-20,1.585931890824978e-18,1.2119479420925492e-19
224,02,kamis_retail,usd_krw,79,-0.8421759388780712,2.369039995963063e-22,-0.9320924986514928,1.0663687371825785e-35,1.7767799969722972e-21,1.5995531057738678e-34
224,02,kamis_retail,wheat_futures,77,0.7328657970849757,3.541952280841386e-14,0.8072018325491497,7.622919427629001e-19,7.589897744660113e-14,1.9057298569072502e-18
224,03,kamis_retail,kamis_wholesale,79,0.8813626876742762,8.615420042815184e-27,0.9108573376512699,2.5252040963223833e-31,1.2923130064222776e-25,1.8939030722417875e-30
224,03,kamis_retail,coffee_futures,77,-0.15435215170765934,0.18013840609927634,-0.06608387011962666,0.567983660074866,0.20785200703762655,0.567983660074866
224,03,kamis_retail,corn_futures,77,0.8263636897031681,2.183994690478994e-20,0.8328227951599779,5.971851275190154e-21,1.0919973452394969e-19,2.2394442281963078e-20
224,03,kamis_retail,cotton_futures,77,0.43599967626422337,7.384349732395894e-05,0.6478684387514074,1.9055586649865148e-10,0.0001107652459859384,3.175931108310858e-10
224,03,kamis_retail,dow_jones,76,0.029754109494524436,0.7986089066697581,0.12866136675501363,0.26800619302892825,0.7986089066697581,0.3092379150333787
224,03,kamis_retail,kosdaq,77,-0.08795134053026532,0.4468827352477944,-0.10500854476140396,0.3634077025038652,0.47880293062263685,0.3893653955398556
224,03,kamis_retail,kospi,77,-0.3367780342108536,0.0027454465907163768,-0.36405941895622457,0.001134635333614515,0.003431808238395471,0.0015472300003834295
224,03,kamis_retail,nasdaq,76,0.4599940165257117,2.9082790385091188e-05,0.5429588971071477,4.0345165560552035e-07,4.847131730848531e-05,6.051774834082806e-07
224,03,kamis_retail,orange_juice_futures,76,-0.36623123971181054,0.0011393380252261512,-0.3079631136126423,0.006802132919153877,0.0015536427616720243,0.008502666148942345
224,03,kamis_retail,rough_rice_futures,76,0.8007578821668676,3.874030723018391e-18,0.8536653724160559,1.1680715392365635e-22,1.1622092169055175e-17,5.840357696182817e-22
224,03,kamis_retail,soybean_futures,77,0.7941937464257403,6.832642296704021e-18,0.7509070592874985,3.707096138539186e-15,1.708160574176005e-17,7.943777439726827e-15
224,03,kamis_retail,sp500,76,0.5679995671172426,8.728522784813894e-08,0.6562946457416247,1.2259838685150056e-10,1.636598022152605e-07,2.2987197534656354e-10
224,03,kamis_retail,sugar_futures,77,0.8105367512510163,4.2291517088666077e-19,0.8232038406005348,4.039826473641831e-20,1.585931890824978e-18,1.2119479420925492e-19
224,03,kamis_retail,usd_krw,79,-0.8421759388780712,2.369039995963063e-22,-0.9320924986514928,1.0663687371825785e-35,1.7767799969722972e-21,1.5995531057738678e-34
224,03,kamis_retail,wheat_futures,77,0.7328657970849757,3.541952280841386e-14,0.8072018325491497,7.622919427629001e-19,7.589897744660113e-14,1.9057298569072502e-18
225,00,kamis_retail,kamis_wholesale,79,0.9545936637149296,3.031034011595535e-42,0.884404429675948,3.361669838834954e-27,5.455861220871962e-41,6.051005709902917e-26
225,00,kamis_retail,online_combined,6,0.987223671220901,0.00024380909629505613,0.9837387536759294,0.00039449223252331563,0.00043885637333110106,0.0005462200142630524
225,00,kamis_retail,online_coupang,6,-0.8701840612542096,0.02418442627827197,-0.9837387536759294,0.00039449223252331563,0.029021311533926362,0.0005462200142630524
225,00,kamis_retail,online_naver,6,0.968840592296857,0.001441236562783671,0.9837387536759294,0.00039449223252331563,0.0021618548441755064,0.0005462200142630524
225,00,kamis_retail,coffee_futures,77,-0.26611790690690673,0.01931818542832024,-0.03992375443670304,0.7302921775844933,0.024837666979268876,0.7461427359351098
225,00,kamis_retail,corn_futures,77,0.864845638132461,3.796454693510157e-24,0.7827984730044897,4.116312087937501e-17,3.4168092241591413e-23,1.4818723516575003e-16
225,00,kamis_retail,cotton_futures,77,0.4017148243543938,0.0002932624591967843,0.5429927305223934,3.3599525384992803e-07,0.0004798840241401925,6.047914569298705e-07
225,00,kamis_retail,dow_jones,76,-0.14213460348561976,0.22065274106355104,0.03774668298911833,0.7461427359351098,0.23363231406728935,0.7461427359351098
225,00,kamis_retail,kosdaq,77,0.02672910215621192,0.8175076371826622,0.07863809649007493,0.49662242114516736,0.8175076371826622,0.5587002237883133
225,00,kamis_retail,kospi,77,-0.2243772542392002,0.04978692718870052,-0.1024582621269883,0.37524112622165573,0.05601029308728809,0.45028935146598686
225,00,kamis_retail,nasdaq,76,0.611186879444871,4.522501196866213e-09,0.6666302097908001,4.913781693012105e-11,1.017562769294898e-08,9.82756338602421e-11
225,00,kamis_retail,orange_juice_futures,76,-0.2867665777703678,0.01202092080221428,-0.289588275109817,0.011169454512414594,0.016644351879989003,0.014360727230247335
225,00,kamis_retail,rough_rice_futures,76,0.8576601266811501,4.522156320855524e-23,0.826882587772066,3.5294679221752616e-20,2.7132937925133144e-22,2.117680753305157e-19
225,00,kamis_retail,soybean_futures,77,0.8213940007339916,5.714507672255814e-20,0.7740830813724202,1.5138389295117874e-16,2.5715284525151163e-19,4.541516788535362e-16
225,00,kamis_retail,sp500,76,0.5825730932622278,3.3724013491552846e-08,0.6790985092786943,1.5525760386047827e-11,6.744802698310569e-08,3.493296086860761e-11
225,00,kamis_retail,sugar_futures,77,0.8087235864286212,5.834279071440579e-19,0.8361532917558364,2.9941984829918957e-21,2.1003404657186086e-18,2.694778634692706e-20
225,00,kamis_retail,usd_krw,79,-0.7597975354860232,4.733633340576919e-16,-0.8134536911308262,8.355447194635397e-20,1.4200900021730757e-15,3.7599512375859287e-19
225,00,kamis_retail,wheat_futures,77,0.6959384416338146,2.130640950858648e-12,0.7563762118609461,1.799894376388765e-15,5.4787910164936665e-12,4.628299824999681e-15
232,00,kamis_retail,kamis_wholesale,79,0.7582940357362001,5.835241507624708e-16,0.7154301297815872,1.2801326945671196e-13,8.752862261437061e-15,1.9201990418506793e-12
232,00,kamis_retail,coffee_futures,77,-0.24099908280941468,0.03473822433263508,-0.21616931773366638,0.05899321350416576,0.04737030590813874,0.0737415168802072
232,00,kamis_retail,corn_futures,77,0.6783280123035607,1.2190211992173887e-11,0.627808529800534,9.901815153374504e-10,4.0687578939459144e-11,2.9705445460123514e-09
232,00,kamis_retail,cotton_futures,77,0.3185873870869314,0.004745099623816741,0.3629241104019328,0.0011789778341457686,0.0071176494357251124,0.001768466751218653
232,00,kamis_retail,dow_jones,76,0.018671705780004107,0.8728083244214269,0.018880177185067883,0.8714002602046197,0.8728083244214269,0.9336431359335211
232,00,kamis_retail,kosdaq,77,0.12902766501918436,0.26340613435636023,0.26012882871039833,0.022326208625222294,0.28222085823895743,0.03044482994348495
232,00,kamis_retail,kospi,77,-0.14839262015414992,0.19775088536615204,-0.0033127382673853027,0.9771885848562164,0.22840678051287103,0.9771885848562164
232,00,kamis_retail,nasdaq,76,0.554047076887158,2.080163318896809e-07,0.6014724078617388,9.146486134362048e-09,3.900306222931517e-07,2.286621533590512e-08
232,00,kamis_retail,orange_juice_futures,76,-0.14932093086705533,0.1979525431111549,-0.14353291817106503,0.2160983832930487,0.22840678051287103,0.2493442884150562
232,00,kamis_retail,rough_rice_futures,76,0.6805227110867268,1.3562526313153048e-11,0.6483033468227057,2.4272601380754106e-10,4.0687578939459144e-11,9.10222551778279e-10
232,00,kamis_retail,soybean_futures,77,0.5716927245270254,5.6165703450016365e-08,0.5090114368344946,2.277718561199601e-06,1.2035507882146363e-07,3.796197601999335e-06
232,00,kamis_retail,sp500,76,0.5850502644659591,2.8557054276752014e-08,0.5694540335189228,7.954565421045111e-08,7.139263569188004e-08,1.704549733081095e-07
232,00,kamis_retail,sugar_futures,77,0.7205212524034869,1.4981885785719715e-13,0.6596069165634034,6.856539888057535e-11,1.1236414339289786e-12,3.4282699440287677e-10
232,00,kamis_retail,usd_krw,79,-0.6991103085144609,7.751305284288386e-13,-0.6901160759246499,1.9881945699267034e-12,3.875652642144193e-12,1.4911459274450277e-11
232,00,kamis_retail,wheat_futures,77,0.49006732632275807,6.071842889849637e-06,0.521192681470032,1.1745856011990772e-06,1.0119738149749396e-05,2.20234800224827e-06
232,01,kamis_retail,kamis_wholesale,79,0.7582940357362001,5.835241507624708e-16,0.7154301297815872,1.2801326945671196e-13,8.752862261437061e-15,1.9201990418506793e-12
232,01,kamis_retail,coffee_futures,77,-0.24099908280941468,0.03473822433263508,-0.21616931773366638,0.05899321350416576,0.04737030590813874,0.0737415168802072
232,01,kamis_retail,corn_futures,77,0.6783280123035607,1.2190211992173887e-11,0.627808529800534,9.901815153374504e-10,4.0687578939459144e-11,2.9705445460123514e-09
232,01,kamis_retail,cotton_futures,77,0.3185873870869314,0.004745099623816741,0.3629241104019328,0.0011789778341457686,0.0071176494357251124,0.001768466751218653
232,01,kamis_retail,dow_jones,76,0.018671705780004107,0.8728083244214269,0.018880177185067883,0.8714002602046197,0.8728083244214269,0.9336431359335211
232,01,kamis_retail,kosdaq,77,0.12902766501918436,0.26340613435636023,0.26012882871039833,0.022326208625222294,0.28222085823895743,0.03044482994348495
232,01,kamis_retail,kospi,77,-0.14839262015414992,0.19775088536615204,-0.0033127382673853027,0.9771885848562164,0.22840678051287103,0.9771885848562164
232,01,kamis_retail,nasdaq,76,0.554047076887158,2.080163318896809e-07,0.6014724078617388,9.146486134362048e-09,3.900306222931517e-07,2.286621533590512e-08
232,01,kamis_retail,orange_juice_futures,76,-0.14932093086705533,0.1979525431111549,-0.14353291817106503,0.2160983832930487,0.22840678051287103,0.2493442884150562
232,01,kamis_retail,rough_rice_futures,76,0.6805227110867268,1.3562526313153048e-11,0.6483033468227057,2.4272601380754106e-10,4.0687578939459144e-11,9.10222551778279e-10
232,01,kamis_retail,soybean_futures,77,0.5716927245270254,5.6165703450016365e-08,0.5090114368344946,2.277718561199601e-06,1.2035507882146363e-07,3.796197601999335e-06
232,01,kamis_retail,sp500,76,0.5850502644659591,2.8557054276752014e-08,0.5694540335189228,7.954565421045111e-08,7.139263569188004e-08,1.704549733081095e-07
232,01,kamis_retail,sugar_futures,77,0.7205212524034869,1.4981885785719715e-13,0.6596069165634034,6.856539888057535e-11,1.1236414339289786e-12,3.4282699440287677e-10
232,01,kamis_retail,usd_krw,79,-0.6991103085144609,7.751305284288386e-13,-0.6901160759246499,1.9881945699267034e-12,3.875652642144193e-12,1.4911459274450277e-11
232,01,kamis_retail,wheat_futures,77,0.49006732632275807,6.071842889849637e-06,0.521192681470032,1.1745856011990772e-06,1.0119738149749396e-05,2.20234800224827e-06
232,10,kamis_retail,kamis_wholesale,79,0.7582940357362001,5.835241507624708e-16,0.7154301297815872,1.2801326945671196e-13,8.752862261437061e-15,1.9201990418506793e-12
232,10,kamis_retail,coffee_futures,77,-0.24099908280941468,0.03473822433263508,-0.21616931773366638,0.05899321350416576,0.04737030590813874,0.0737415168802072
232,10,kamis_retail,corn_futures,77,0.6783280123035607,1.2190211992173887e-11,0.627808529800534,9.901815153374504e-10,4.0687578939459144e-11,2.9705445460123514e-09
232,10,kamis_retail,cotton_futures,77,0.3185873870869314,0.004745099623816741,0.3629241104019328,0.0011789778341457686,0.0071176494357251124,0.001768466751218653
232,10,kamis_retail,dow_jones,76,0.018671705780004107,0.8728083244214269,0.018880177185067883,0.8714002602046197,0.8728083244214269,0.9336431359335211
232,10,kamis_retail,kosdaq,77,0.12902766501918436,0.26340613435636023,0.26012882871039833,0.022326208625222294,0.28222085823895743,0.03044482994348495
232,10,kamis_retail,kospi,77,-0.14839262015414992,0.19775088536615204,-0.0033127382673853027,0.9771885848562164,0.22840678051287103,0.9771885848562164
232,10,kamis_retail,nasdaq,76,0.554047076887158,2.080163318896809e-07,0.6014724078617388,9.146486134362048e-09,3.900306222931517e-07,2.286621533590512e-08
232,10,kamis_retail,orange_juice_futures,76,-0.14932093086705533,0.1979525431111549,-0.14353291817106503,0.2160983832930487,0.22840678051287103,0.2493442884150562
232,10,kamis_retail,rough_rice_futures,76,0.6805227110867268,1.3562526313153048e-11,0.6483033468227057,2.4272601380754106e-10,4.0687578939459144e-11,9.10222551778279e-10
232,10,kamis_retail,soybean_futures,77,0.5716927245270254,5.6165703450016365e-08,0.5090114368344946,2.277718561199601e-06,1.2035507882146363e-07,3.796197601999335e-06
232,10,kamis_retail,sp500,76,0.5850502644659591,2.8557054276752014e-08,0.5694540335189228,7.954565421045111e-08,7.139263569188004e-08,1.704549733081095e-07
232,10,kamis_retail,sugar_futures,77,0.7205212524034869,1.4981885785719715e-13,0.6596069165634034,6.856539888057535e-11,1.1236414339289786e-12,3.4282699440287677e-10
232,10,kamis_retail,usd_krw,79,-0.6991103085144609,7.751305284288386e-13,-0.6901160759246499,1.9881945699267034e-12,3.875652642144193e-12,1.4911459274450277e-11
232,10,kamis_retail,wheat_futures,77,0.49006732632275807,6.071842889849637e-06,0.521192681470032,1.1745856011990772e-06,1.0119738149749396e-05,2.20234800224827e-06
233,00,kamis_retail,kamis_wholesale,79,0.8941262459049777,1.3775611006284508e-28,0.89887749884341,2.576677290032082e-29,2.0663416509426762e-27,3.865015935048123e-28
233,00,kamis_retail,coffee_futures,77,0.37120314319862013,0.0008885858570383907,0.4024714079137637,0.00028491851433819904,0.0012117079868705328,0.00038852524682481685
233,00,kamis_retail,corn_futures,77,0.43159329850029,8.890560044947412e-05,0.4661530593080547,1.9314547415483892e-05,0.00013335840067421118,2.8971821123225835e-05
233,00,kamis_retail,cotton_futures,77,0.7080814059379504,5.940492690192989e-13,0.7761564854557127,1.1164258604563592e-16,2.970246345096495e-12,8.373193953422695e-16
233,00,kamis_retail,dow_jones,76,0.6385679975040829,5.43092696760681e-10,0.6404221723803909,4.668907645669242e-10,1.3577317419017024e-09,1.1672269114173105e-09
233,00,kamis_retail,kosdaq,77,-0.3605059464389691,0.0012786963797629537,-0.33487577231497306,0.002911590770242517,0.0015983704747036922,0.003359527811818289
233,00,kamis_retail,kospi,77,-0.6940048082260047,2.5960862553042726e-12,-0.7172867096095701,2.1586651490992084e-13,7.788258765912817e-12,1.0793325745496043e-12
233,00,kamis_retail,nasdaq,76,0.2953021410514469,0.009604590685086668,0.3734474438720595,0.0008912856474720437,0.009604590685086668,0.0011141070593400546
233,00,kamis_retail,orange_juice_futures,76,-0.339138112583624,0.002727463440344258,-0.2791567261681088,0.014603778726133715,0.0031470732003972203,0.014603778726133715
233,00,kamis_retail,rough_rice_futures,76,0.5053472593298907,3.225552112650328e-06,0.5417600896860986,4.3279268706704955e-07,5.375920187750547e-06,8.114862882507179e-07
233,00,kamis_retail,soybean_futures,77,0.3207596070769118,0.004452557881751311,0.31796371762850006,0.004832182247805595,0.004770597730447834,0.005177338122648851
233,00,kamis_retail,sp500,76,0.701889105141776,1.6230149550240905e-12,0.7007676481913175,1.8227445869033134e-12,6.086306081340339e-12,6.835292200887425e-12
233,00,kamis_retail,sugar_futures,77,0.5963909897671985,1.0447085935245392e-08,0.5681982527229843,7.047411600684063e-08,2.2386612718382982e-08,1.5101596287180138e-07
233,00,kamis_retail,usd_krw,79,-0.7097167361735169,2.4387383044652953e-13,-0.6310279606255202,4.5529707819073684e-10,1.8290537283489715e-12,1.1672269114173105e-09
233,00,kamis_retail,wheat_futures,77,0.511038548424343,2.043648513320259e-06,0.4847365391605678,7.918334434142222e-06,3.831840962475485e-06,1.3197224056903704e-05
241,00,kamis_retail,kamis_wholesale,79,0.3486480830267404,0.0016389214578524012,0.4107461427216582,0.00016993579741452546,0.0020486518223155016,0.00036414813731684026
241,00,kamis_retail,coffee_futures,77,0.16244969591017333,0.1580765935625868,0.11074665932310145,0.33763100289254583,0.16936777881705728,0.33763100289254583
241,00,kamis_retail,corn_futures,77,0.4075080240726041,0.00023469662288131782,0.41090739387291186,0.00020554761701913036,0.00044005616790247093,0.00038540178191086944
241,00,kamis_retail,cotton_futures,77,0.47344094093866346,1.3699209638337999e-05,0.5044664878797854,2.8973120787783345e-06,3.239265537298232e-05,1.4486560393891673e-05
241,00,kamis_retail,dow_jones,76,0.3895050070376491,0.0005055933261926927,0.3440614714684449,0.0023404634585001763,0.0007905330007535818,0.0035106951877502644
241,00,kamis_retail,kosdaq,77,-0.3859477926024896,0.0005270220005023879,-0.3199479401645679,0.0045599396121000675,0.0007905330007535818,0.006218099471045547
241,00,kamis_retail,kospi,77,-0.6519557999875303,1.34167134759103e-10,-0.606713951538596,4.954932426207077e-09,2.012507021386545e-09,7.432398639310616e-08
241,00,kamis_retail,nasdaq,76,0.1563443835662553,0.17743331966658793,0.2744972049541811,0.01641116541243856,0.17743331966658793,0.01758339151332703
241,00,kamis_retail,orange_juice_futures,76,-0.34605638955885565,0.002198220442086701,-0.29491789650198047,0.009703470057094168,0.0025364082024077316,0.011196311604339426
241,00,kamis_retail,rough_rice_futures,76,0.4944637747678085,5.62775773241324e-06,0.48086191547067836,1.0990941778527053e-05,1.688327319723972e-05,3.297282533558116e-05
241,00,kamis_retail,soybean_futures,77,0.37081236749209023,0.0009006768770850467,0.31010773663853025,0.006056803384704464,0.0012281957414796091,0.00757100423088058
241,00,kamis_retail,sp500,76,0.5064832499846007,3.040119175994967e-06,0.4867584544891546,8.251569260259825e-06,1.244024051515317e-05,3.094338472597434e-05
241,00,kamis_retail,sugar_futures,77,0.4713691454228201,1.511657250739175e-05,0.3698305953892992,0.0009317158962035263,3.239265537298232e-05,0.0015528598270058772
241,00,kamis_retail,usd_krw,79,-0.6127845977162635,1.9459283947872786e-09,-0.5183336666084181,9.934977820683307e-07,1.4594462960904589e-08,7.45123336551248e-06
241,00,kamis_retail,wheat_futures,77,0.5018798902629925,3.317397470707512e-06,0.4306365412127291,9.253105863666255e-05,1.244024051515317e-05,0.00023132764659165636
241,01,kamis_retail,kamis_wholesale,79,0.3486480830267404,0.0016389214578524012,0.4107461427216582,0.00016993579741452546,0.0020486518223155016,0.00036414813731684026
241,01,kamis_retail,coffee_futures,77,0.16244969591017333,0.1580765935625868,0.11074665932310145,0.33763100289254583,0.16936777881705728,0.33763100289254583
241,01,kamis_retail,corn_futures,77,0.4075080240726041,0.00023469662288131782,0.41090739387291186,0.00020554761701913036,0.00044005616790247093,0.00038540178191086944
241,01,kamis_retail,cotton_futures,77,0.47344094093866346,1.3699209638337999e-05,0.5044664878797854,2.8973120787783345e-06,3.239265537298232e-05,1.4486560393891673e-05
241,01,kamis_retail,dow_jones,76,0.3895050070376491,0.0005055933261926927,0.3440614714684449,0.0023404634585001763,0.0007905330007535818,0.0035106951877502644
241,01,kamis_retail,kosdaq,77,-0.3859477926024896,0.0005270220005023879,-0.3199479401645679,0.0045599396121000675,0.0007905330007535818,0.006218099471045547
241,01,kamis_retail,kospi,77,-0.6519557999875303,1.34167134759103e-10,-0.606713951538596,4.954932426207077e-09,2.012507021386545e-09,7.432398639310616e-08
241,01,kamis_retail,nasdaq,76,0.1563443835662553,0.17743331966658793,0.2744972049541811,0.01641116541243856,0.17743331966658793,0.01758339151332703
241,01,kamis_retail,orange_juice_futures,76,-0.34605638955885565,0.002198220442086701,-0.29491789650198047,0.009703470057094168,0.0025364082024077316,0.011196311604339426
241,01,kamis_retail,rough_rice_futures,76,0.4944637747678085,5.62775773241324e-06,0.48086191547067836,1.0990941778527053e-05,1.688327319723972e-05,3.297282533558116e-05
241,01,kamis_retail,soybean_futures,77,0.37081236749209023,0.0009006768770850467,0.31010773663853025,0.006056803384704464,0.0012281957414796091,0.00757100423088058
241,01,kamis_retail,sp500,76,0.5064832499846007,3.040119175994967e-06,0.4867584544891546,8.251569260259825e-06,1.244024051515317e-05,3.094338472597434e-05
241,01,kamis_retail,sugar_futures,77,0.4713691454228201,1.511657250739175e-05,0.3698305953892992,0.0009317158962035263,3.239265537298232e-05,0.0015528598270058772
241,01,kamis_retail,usd_krw,79,-0.6127845977162635,1.9459283947872786e-09,-0.5183336666084181,9.934977820683307e-07,1.4594462960904589e-08,7.45123336551248e-06
241,01,kamis_retail,wheat_futures,77,0.5018798902629925,3.317397470707512e-06,0.4306365412127291,9.253105863666255e-05,1.244024051515317e-05,0.00023132764659165636
242,00,kamis_retail,kamis_wholesale,79,0.8077686005354618,2.367839229809263e-19,0.874455185176167,6.657542297339087e-26,3.551758844713895e-18,9.98631344600863e-25
242,00,kamis_retail,coffee_futures,77,-0.6548905219077767,1.0394538852173728e-10,-0.6270145918233205,1.054361375719003e-09,7.795904139130296e-10,3.9538551589462614e-09
242,00,kamis_retail,corn_futures,77,0.3880694965955652,0.0004878692964531907,0.1569094047111045,0.17294171139021997,0.0015412491565965517,0.25941256708532995
242,00,kamis_retail,cotton_futures,77,-0.3354466924397071,0.0028608065112087576,-0.4658937046057266,1.9549307281436497e-05,0.005364012208516421,4.887326820359124e-05
242,00,kamis_retail,dow_jones,76,-0.6168019280395602,2.9772209548624498e-09,-0.6341606798744089,7.747881128915314e-10,1.4886104774312249e-08,3.873940564457657e-09
242,00,kamis_retail,kosdaq,77,0.31929059493649603,0.0046485827228497055,0.48960168266070725,6.215417414560747e-06,0.006972874084274558,1.8646252243682245e-05
242,00,kamis_retail,kospi,77,0.3247599598887627,0.003955441066113355,0.6581832522676483,7.780143114655736e-11,0.0065924017768555915,5.835107335991802e-10
242,00,kamis_retail,nasdaq,76,0.3783985426444051,0.0007506340453440957,0.13294050901346854,0.252279206772239,0.0016522498053766195,0.32119942374066823
242,00,kamis_retail,orange_juice_futures,76,0.22046878116305502,0.0556497335411782,0.2464402168397897,0.031870826134011626,0.06956216692647275,0.06829462743002492
242,00,kamis_retail,rough_rice_futures,76,0.3890627121277723,0.0005137497188655172,0.11393279011265449,0.32709725621124625,0.0015412491565965517,0.37741991101297645
242,00,kamis_retail,soybean_futures,77,0.37527633907711067,0.0007710499091757558,0.2269817273563823,0.04712537567771566,0.0016522498053766195,0.08836007939571686
242,00,kamis_retail,sp500,76,0.03814078650749714,0.7435831300054381,-0.18352461877795165,0.11252953210875784,0.7435831300054381,0.18754922018126308
242,00,kamis_retail,sugar_futures,77,0.24531252547177293,0.03152562002902664,0.13076973669216857,0.2569595389925346,0.0429894818577636,0.32119942374066823
242,00,kamis_retail,usd_krw,79,-0.18719154897761875,0.09855238277680178,-0.09141980756004586,0.42296643095219233,0.11371428781938667,0.45317831887734894
242,00,kamis_retail,wheat_futures,77,0.06286217854161685,0.5870412485801074,-0.0015644720284263393,0.9892259755230356,0.6289727663358294,0.9892259755230356
242,02,kamis_retail,kamis_wholesale,79,0.8077686005354618,2.367839229809263e-19,0.874455185176167,6.657542297339087e-26,3.551758844713895e-18,9.98631344600863e-25
242,02,kamis_retail,coffee_futures,77,-0.6548905219077767,1.0394538852173728e-10,-0.6270145918233205,1.054361375719003e-09,7.795904139130296e-10,3.9538551589462614e-09
242,02,kamis_retail,corn_futures,77,0.3880694965955652,0.0004878692964531907,0.1569094047111045,0.17294171139021997,0.0015412491565965517,0.25941256708532995
242,02,kamis_retail,cotton_futures,77,-0.3354466924397071,0.0028608065112087576,-0.4658937046057266,1.9549307281436497e-05,0.005364012208516421,4.887326820359124e-05
242,02,kamis_retail,dow_jones,76,-0.6168019280395602,2.9772209548624498e-09,-0.6341606798744089,7.747881128915314e-10,1.4886104774312249e-08,3.873940564457657e-09
242,02,kamis_retail,kosdaq,77,0.31929059493649603,0.0046485827228497055,0.48960168266070725,6.215417414560747e-06,0.006972874084274558,1.8646252243682245e-05
242,02,kamis_retail,kospi,77,0.3247599598887627,0.003955441066113355,0.6581832522676483,7.780143114655736e-11,0.0065924017768555915,5.835107335991802e-10
242,02,kamis_retail,nasdaq,76,0.3783985426444051,0.0007506340453440957,0.13294050901346854,0.252279206772239,0.0016522498053766195,0.32119942374066823
242,02,kamis_retail,orange_juice_futures,76,0.22046878116305502,0.0556497335411782,0.2464402168397897,0.031870826134011626,0.06956216692647275,0.06829462743002492
242,02,kamis_retail,rough_rice_futures,76,0.3890627121277723,0.0005137497188655172,0.11393279011265449,0.32709725621124625,0.0015412491565965517,0.37741991101297645
242,02,kamis_retail,soybean_futures,77,0.37527633907711067,0.0007710499091757558,0.2269817273563823,0.04712537567771566,0.0016522498053766195,0.08836007939571686
242,02,kamis_retail,sp500,76,0.03814078650749714,0.7435831300054381,-0.18352461877795165,0.11252953210875784,0.7435831300054381,0.18754922018126308
242,02,kamis_retail,sugar_futures,77,0.24531252547177293,0.03152562002902664,0.13076973669216857,0.2569595389925346,0.0429894818577636,0.32119942374066823
242,02,kamis_retail,usd_krw,79,-0.18719154897761875,0.09855238277680178,-0.09141980756004586,0.42296643095219233,0.11371428781938667,0.45317831887734894
242,02,kamis_retail,wheat_futures,77,0.06286217854161685,0.5870412485801074,-0.0015644720284263393,0.9892259755230356,0.6289727663358294,0.9892259755230356
242,03,kamis_retail,kamis_wholesale,79,0.8077686005354618,2.367839229809263e-19,0.874455185176167,6.657542297339087e-26,3.551758844713895e-18,9.98631344600863e-25
242,03,kamis_retail,coffee_futures,77,-0.6548905219077767,1.0394538852173728e-10,-0.6270145918233205,1.054361375719003e-09,7.795904139130296e-10,3.9538551589462614e-09
242,03,kamis_retail,corn_futures,77,0.3880694965955652,0.0004878692964531907,0.1569094047111045,0.17294171139021997,0.0015412491565965517,0.25941256708532995
242,03,kamis_retail,cotton_futures,77,-0.3354466924397071,0.0028608065112087576,-0.4658937046057266,1.9549307281436497e-05,0.005364012208516421,4.887326820359124e-05
242,03,kamis_retail,dow_jones,76,-0.6168019280395602,2.9772209548624498e-09,-0.6341606798744089,7.747881128915314e-10,1.4886104774312249e-08,3.873940564457657e-09
242,03,kamis_retail,kosdaq,77,0.31929059493649603,0.0046485827228497055,0.48960168266070725,6.215417414560747e-06,0.006972874084274558,1.8646252243682245e-05
242,03,kamis_retail,kospi,77,0.3247599598887627,0.003955441066113355,0.6581832522676483,7.780143114655736e-11,0.0065924017768555915,5.835107335991802e-10
242,03,kamis_retail,nasdaq,76,0.3783985426444051,0.0007506340453440957,0.13294050901346854,0.252279206772239,0.0016522498053766195,0.32119942374066823
242,03,kamis_retail,orange_juice_futures,76,0.22046878116305502,0.0556497335411782,0.2464402168397897,0.031870826134011626,0.06956216692647275,0.06829462743002492
242,03,kamis_retail,rough_rice_futures,76,0.3890627121277723,0.0005137497188655172,0.11393279011265449,0.32709725621124625,0.0015412491565965517,0.37741991101297645
242,03,kamis_retail,soybean_futures,77,0.37527633907711067,0.0007710499091757558,0.2269817273563823,0.04712537567771566,0.0016522498053766195,0.08836007939571686
242,03,kamis_retail,sp500,76,0.03814078650749714,0.7435831300054381,-0.18352461877795165,0.11252953210875784,0.7435831300054381,0.18754922018126308
242,03,kamis_retail,sugar_futures,77,0.24531252547177293,0.03152562002902664,0.13076973669216857,0.2569595389925346,0.0429894818577636,0.32119942374066823
242,03,kamis_retail,usd_krw,79,-0.18719154897761875,0.09855238277680178,-0.09141980756004586,0.42296643095219233,0.11371428781938667,0.45317831887734894
242,03,kamis_retail,wheat_futures,77,0.06286217854161685,0.5870412485801074,-0.0015644720284263393,0.9892259755230356,0.6289727663358294,0.9892259755230356
242,04,kamis_retail,kamis_wholesale,79,0.8077686005354618,2.367839229809263e-19,0.874455185176167,6.657542297339087e-26,3.551758844713895e-18,9.98631344600863e-25
242,04,kamis_retail,coffee_futures,77,-0.6548905219077767,1.0394538852173728e-10,-0.6270145918233205,1.054361375719003e-09,7.795904139130296e-10,3.9538551589462614e-09
242,04,kamis_retail,corn_futures,77,0.3880694965955652,0.0004878692964531907,0.1569094047111045,0.17294171139021997,0.0015412491565965517,0.25941256708532995
242,04,kamis_retail,cotton_futures,77,-0.3354466924397071,0.0028608065112087576,-0.4658937046057266,1.9549307281436497e-05,0.005364012208516421,4.887326820359124e-05
242,04,kamis_retail,dow_jones,76,-0.6168019280395602,2.9772209548624498e-09,-0.6341606798744089,7.747881128915314e-10,1.4886104774312249e-08,3.873940564457657e-09
242,04,kamis_retail,kosdaq,77,0.31929059493649603,0.0046485827228497055,0.48960168266070725,6.215417414560747e-06,0.006972874084274558,1.8646252243682245e-05
242,04,kamis_retail,kospi,77,0.3247599598887627,0.003955441066113355,0.6581832522676483,7.780143114655736e-11,0.0065924017768555915,5.835107335991802e-10
242,04,kamis_retail,nasdaq,76,0.3783985426444051,0.0007506340453440957,0.13294050901346854,0.252279206772239,0.0016522498053766195,0.32119942374066823
242,04,kamis_retail,orange_juice_futures,76,0.22046878116305502,0.0556497335411782,0.2464402168397897,0.031870826134011626,0.06956216692647275,0.06829462743002492
242,04,kamis_retail,rough_rice_futures,76,0.3890627121277723,0.0005137497188655172,0.11393279011265449,0.32709725621124625,0.0015412491565965517,0.37741991101297645
242,04,kamis_retail,soybean_futures,77,0.37527633907711067,0.0007710499091757558,0.2269817273563823,0.04712537567771566,0.0016522498053766195,0.08836007939571686
242,04,kamis_retail,sp500,76,0.03814078650749714,0.7435831300054381,-0.18352461877795165,0.11252953210875784,0.7435831300054381,0.18754922018126308
242,04,kamis_retail,sugar_futures,77,0.24531252547177293,0.03152562002902664,0.13076973669216857,0.2569595389925346,0.0429894818577636,0.32119942374066823
242,04,kamis_retail,usd_krw,79,-0.18719154897761875,0.09855238277680178,-0.09141980756004586,0.42296643095219233,0.11371428781938667,0.45317831887734894
242,04,kamis_retail,wheat_futures,77,0.06286217854161685,0.5870412485801074,-0.0015644720284263393,0.9892259755230356,0.6289727663358294,0.9892259755230356
243,00,kamis_retail,kamis_wholesale,79,0.851928267107726,2.463408823386983e-23,0.6623487301857849,2.973425069890076e-11,3.6951132350804744e-22,4.460137604835114e-10
243,00,kamis_retail,coffee_futures,77,-0.5921290608203844,1.4107099303755812e-08,-0.5246220586302089,9.702381406937648e-07,7.053549651877907e-08,3.638393027601618e-06
243,00,kamis_retail,corn_futures,77,0.16334131423906378,0.15577570049659029,-0.11974284525418849,0.2996003796036172,0.2920794384311068,0.3745004745045215
243,00,kamis_retail,cotton_futures,77,-0.3550660147648312,0.001531448057492233,-0.5707694128347406,5.965180570434046e-08,0.005742930215595873,2.982590285217023e-07
243,00,kamis_retail,dow_jones,76,-0.60211344219548,8.737456368312068e-09,-0.6240165151594775,1.718703815941037e-09,6.55309227623405e-08,1.2890278619557778e-08
243,00,kamis_retail,kosdaq,77,0.10055936325802355,0.3842017716063791,0.09851452609438675,0.39399315776268257,0.556002714566948,0.45460748972617215
243,00,kamis_retail,kospi,77,0.05799370866090811,0.6163774009262564,0.2001314578677534,0.08096323032955695,0.7161998739404428,0.12144484549433543
243,00,kamis_retail,nasdaq,76,0.20098720438853407,0.08169412299739381,0.008148143086387007,0.9443068862246375,0.19686372705113447,0.9443068862246375
243,00,kamis_retail,orange_juice_futures,76,0.15418320450314657,0.18357469764440226,0.21607524934367742,0.06083493916379826,0.30595782940733707,0.11406551093212174
243,00,kamis_retail,rough_rice_futures,76,0.22753496876646734,0.048070979310785814,-0.13511019359072515,0.24455074598064455,0.14421293793235743,0.3334782899736062
243,00,kamis_retail,soybean_futures,77,0.19343879516409407,0.09186973929052943,-0.060963586170632314,0.5984063047422485,0.19686372705113447,0.6411496122238377
243,00,kamis_retail,sp500,76,-0.051780218298901844,0.6568789303814532,-0.2695996336636775,0.018515164078996785,0.7161998739404428,0.03967535159785025
243,00,kamis_retail,sugar_futures,77,0.004748347348718679,0.9673076269947654,-0.3891671605068437,0.00046867407948990666,0.9673076269947654,0.00140602223846972
243,00,kamis_retail,usd_krw,79,-0.09444128333114594,0.4077353240157619,0.19864026894338593,0.07926861768579367,0.556002714566948,0.12144484549433543
243,00,kamis_retail,wheat_futures,77,-0.049587127837202705,0.6684532156777466,-0.2910443845823723,0.010229231113639888,0.7161998739404428,0.02557307778409972
245,00,kamis_retail,kamis_wholesale,79,0.43367534864529617,6.535976446054902e-05,0.5077281780233972,1.7879703325468898e-06,0.00019607929338164704,1.0727821995281338e-05
245,00,kamis_retail,online_combined,6,-0.9595660506067161,0.002419303577180576,-1.0,0.0,0.003948562941040399,0.0
245,00,kamis_retail,online_coupang,6,-0.9778037067579488,0.0007335453663310539,-0.9837387536759294,0.00039449223252331563,0.0014670907326621077,0.0005917383487849734
245,00,kamis_retail,online_naver,6,-0.9578105636698688,0.0026323752940269327,-1.0,0.0,0.003948562941040399,0.0
245,00,kamis_retail,coffee_futures,77,-0.03715979925885108,0.7483215356456083,-0.005389772577888787,0.9628943492357829,0.7483215356456083,0.9628943492357828
245,00,kamis_retail,corn_futures,77,0.4785460700856736,1.0718763021139667e-05,0.47100430106242397,1.5379929863673757e-05,4.8234433595128504e-05,3.954839107801824e-05
245,00,kamis_retail,cotton_futures,77,0.5020074274340601,3.2954096219981355e-06,0.473307830883135,1.3786403412212472e-05,1.9772457731988814e-05,3.954839107801824e-05
245,00,kamis_retail,dow_jones,76,0.12545283036429977,0.2802225293584702,0.03393236768525596,0.7710538393521378,0.3362670352301642,0.8674355692711551
245,00,kamis_retail,kosdaq,77,0.1927268686847453,0.093094900114274,0.2510056526883134,0.02767091498541947,0.11969344300406658,0.035576890695539314
245,00,kamis_retail,kospi,77,-0.0865316916233667,0.4542803614054154,-0.05834100170895229,0.6142639378785583,0.5110654065810923,0.7371167254542699
245,00,kamis_retail,nasdaq,76,0.3863232774949024,0.0005670016213720082,0.4151178132131797,0.00019248921082352789,0.0012757536480870186,0.00034648057948235016
245,00,kamis_retail,orange_juice_futures,76,-0.06755197058540323,0.5620445785859816,0.023699987012386643,0.8389662182218085,0.5951060243851569,0.8883171722348561
245,00,kamis_retail,rough_rice_futures,76,0.39801468040123644,0.0003699812994279818,0.4383886579897189,7.466669388540295e-05,0.0009513804842433817,0.00016800006124215663
245,00,kamis_retail,soybean_futures,77,0.28711292218229434,0.011349660842896974,0.29175101879847515,0.010038419225595594,0.015714915013241963,0.013899349696978515
245,00,kamis_retail,sp500,76,0.465209363670523,2.2939642898326926e-05,0.4187817433258504,0.00016657716163608494,8.258271443397693e-05,0.0003331543232721699
245,00,kamis_retail,sugar_futures,77,0.5539045563761749,1.7359624714322383e-07,0.4837704605206011,8.30473569511016e-06,1.6421275016594063e-06,2.989704850239658e-05
245,00,kamis_retail,usd_krw,79,-0.5470459511267696,1.8245861129548959e-07,-0.5000456531227115,2.7035153944045567e-06,1.6421275016594063e-06,1.2165819274820505e-05
245,00,kamis_retail,wheat_futures,77,0.35936699467576705,0.001328255022515016,0.40297644214558115,0.00027947064955377603,0.002390859040527029,0.00045731560836072445
245,02,kamis_retail,kamis_wholesale,79,0.43367534864529617,6.535976446054902e-05,0.5077281780233972,1.7879703325468898e-06,0.00019607929338164704,1.0727821995281338e-05
245,02,kamis_retail,online_combined,6,-0.9595660506067161,0.002419303577180576,-1.0,0.0,0.003948562941040399,0.0
245,02,kamis_retail,online_coupang,6,-0.9778037067579488,0.0007335453663310539,-0.9837387536759294,0.00039449223252331563,0.0014670907326621077,0.0005917383487849734
245,02,kamis_retail,online_naver,6,-0.9578105636698688,0.0026323752940269327,-1.0,0.0,0.003948562941040399,0.0
245,02,kamis_retail,coffee_futures,77,-0.03715979925885108,0.7483215356456083,-0.005389772577888787,0.9628943492357829,0.7483215356456083,0.9628943492357828
245,02,kamis_retail,corn_futures,77,0.4785460700856736,1.0718763021139667e-05,0.47100430106242397,1.5379929863673757e-05,4.8234433595128504e-05,3.954839107801824e-05
245,02,kamis_retail,cotton_futures,77,0.5020074274340601,3.2954096219981355e-06,0.473307830883135,1.3786403412212472e-05,1.9772457731988814e-05,3.954839107801824e-05
245,02,kamis_retail,dow_jones,76,0.12545283036429977,0.2802225293584702,0.03393236768525596,0.7710538393521378,0.3362670352301642,0.8674355692711551
245,02,kamis_retail,kosdaq,77,0.1927268686847453,0.093094900114274,0.2510056526883134,0.02767091498541947,0.11969344300406658,0.035576890695539314
245,02,kamis_retail,kospi,77,-0.0865316916233667,0.4542803614054154,-0.05834100170895229,0.6142639378785583,0.5110654065810923,0.7371167254542699
245,02,kamis_retail,nasdaq,76,0.3863232774949024,0.0005670016213720082,0.4151178132131797,0.00019248921082352789,0.0012757536480870186,0.00034648057948235016
245,02,kamis_retail,orange_juice_futures,76,-0.06755197058540323,0.5620445785859816,0.023699987012386643,0.8389662182218085,0.5951060243851569,0.8883171722348561
245,02,kamis_retail,rough_rice_futures,76,0.39801468040123644,0.0003699812994279818,0.4383886579897189,7.466669388540295e-05,0.0009513804842433817,0.00016800006124215663
245,02,kamis_retail,soybean_futures,77,0.28711292218229434,0.011349660842896974,0.29175101879847515,0.010038419225595594,0.015714915013241963,0.013899349696978515
245,02,kamis_retail,sp500,76,0.465209363670523,2.2939642898326926e-05,0.4187817433258504,0.00016657716163608494,8.258271443397693e-05,0.0003331543232721699
245,02,kamis_retail,sugar_futures,77,0.5539045563761749,1.7359624714322383e-07,0.4837704605206011,8.30473569511016e-06,1.6421275016594063e-06,2.989704850239658e-05
245,02,kamis_retail,usd_krw,79,-0.5470459511267696,1.8245861129548959e-07,-0.5000456531227115,2.7035153944045567e-06,1.6421275016594063e-06,1.2165819274820505e-05
245,02,kamis_retail,wheat_futures,77,0.35936699467576705,0.001328255022515016,0.40297644214558115,0.00027947064955377603,0.002390859040527029,0.00045731560836072445
246,00,kamis_retail,kamis_wholesale,79,0.8492576326691211,4.6516395049300065e-23,0.850373761231099,3.571759905201929e-23,6.97745925739501e-22,5.357639857802894e-22
246,00,kamis_retail,coffee_futures,77,0.0992632206617508,0.39039110368825664,0.12296568949651637,0.2866857851896501,0.45045127348645,0.33079129060344237
246,00,kamis_retail,corn_futures,77,0.24386525089190744,0.0325744941974533,0.12730236831316505,0.2698975618030486,0.06768990819660506,0.33079129060344237
246,00,kamis_retail,cotton_futures,77,0.23926936877719665,0.0361012843715227,0.24839952152111425,0.029382976108487547,0.06768990819660506,0.10935721026598073
246,00,kamis_retail,dow_jones,76,0.176122192190038,0.12804051375665002,0.1923153167721578,0.09604139339268696,0.17460070057725002,0.20580298584147205
246,00,kamis_retail,kosdaq,77,0.3991962831045859,0.00032268014943137753,0.47968975943210207,1.0140044576916153e-05,0.0016134007471568877,7.605033432687115e-05
246,00,kamis_retail,kospi,77,0.27122090213503275,0.017035812705571224,0.23883265413434993,0.03645240342199357,0.04258953176392807,0.10935721026598073
246,00,kamis_retail,nasdaq,76,0.29404207246679187,0.009932177464488193,0.1351689441193093,0.24434376473710165,0.037245665491830726,0.33079129060344237
246,00,kamis_retail,orange_juice_futures,76,-0.003567778073798708,0.9755982904741215,-0.03011204003160172,0.7962382282808775,0.9755982904741215,0.8119362967255123
246,00,kamis_retail,rough_rice_futures,76,0.19008545958769063,0.10003260095856012,0.15399075795690692,0.18412895560780218,0.15004890143784017,0.33079129060344237
246,00,kamis_retail,soybean_futures,77,0.09160647717544003,0.4281486551464288,0.027560141974497177,0.8119362967255123,0.4587307019426023,0.8119362967255123
246,00,kamis_retail,sp500,76,0.2744725453249554,0.016421220756507666,0.19939709213918538,0.08418891957541016,0.04258953176392807,0.20580298584147205
246,00,kamis_retail,sugar_futures,77,0.4182519057418734,0.0001535908063679701,0.3392230336652282,0.0025443832600295967,0.0011519310477597757,0.012721916300147983
246,00,kamis_retail,usd_krw,79,-0.1966925698224881,0.08231801780854639,-0.1327595767310067,0.24347052459092233,0.13719669634757733,0.33079129060344237
246,00,kamis_retail,wheat_futures,77,0.1181971967114467,0.30592693661373505,0.1278791547941429,0.2677155471712212,0.3824086707671688,0.33079129060344237
246,02,kamis_retail,kamis_wholesale,79,0.8492576326691211,4.6516395049300065e-23,0.850373761231099,3.571759905201929e-23,6.97745925739501e-22,5.357639857802894e-22
246,02,kamis_retail,coffee_futures,77,0.0992632206617508,0.39039110368825664,0.12296568949651637,0.2866857851896501,0.45045127348645,0.33079129060344237
246,02,kamis_retail,corn_futures,77,0.24386525089190744,0.0325744941974533,0.12730236831316505,0.2698975618030486,0.06768990819660506,0.33079129060344237
246,02,kamis_retail,cotton_futures,77,0.23926936877719665,0.0361012843715227,0.24839952152111425,0.029382976108487547,0.06768990819660506,0.10935721026598073
246,02,kamis_retail,dow_jones,76,0.176122192190038,0.12804051375665002,0.1923153167721578,0.09604139339268696,0.17460070057725002,0.20580298584147205
246,02,kamis_retail,kosdaq,77,0.3991962831045859,0.00032268014943137753,0.47968975943210207,1.0140044576916153e-05,0.0016134007471568877,7.605033432687115e-05
246,02,kamis_retail,kospi,77,0.27122090213503275,0.017035812705571224,0.23883265413434993,0.03645240342199357,0.04258953176392807,0.10935721026598073
246,02,kamis_retail,nasdaq,76,0.29404207246679187,0.009932177464488193,0.1351689441193093,0.24434376473710165,0.037245665491830726,0.33079129060344237
246,02,kamis_retail,orange_juice_futures,76,-0.003567778073798708,0.9755982904741215,-0.03011204003160172,0.7962382282808775,0.9755982904741215,0.8119362967255123
246,02,kamis_retail,rough_rice_futures,76,0.19008545958769063,0.10003260095856012,0.15399075795690692,0.18412895560780218,0.15004890143784017,0.33079129060344237
246,02,kamis_retail,soybean_futures,77,0.09160647717544003,0.4281486551464288,0.027560141974497177,0.8119362967255123,0.4587307019426023,0.8119362967255123
246,02,kamis_retail,sp500,76,0.2744725453249554,0.016421220756507666,0.19939709213918538,0.08418891957541016,0.04258953176392807,0.20580298584147205
246,02,kamis_retail,sugar_futures,77,0.4182519057418734,0.0001535908063679701,0.3392230336652282,0.0025443832600295967,0.0011519310477597757,0.012721916300147983
246,02,kamis_retail,usd_krw,79,-0.1966925698224881,0.08231801780854639,-0.1327595767310067,0.24347052459092233,0.13719669634757733,0.33079129060344237
246,02,kamis_retail,wheat_futures,77,0.1181971967114467,0.30592693661373505,0.1278791547941429,0.2677155471712212,0.3824086707671688,0.33079129060344237
247,00,kamis_retail,kamis_wholesale,79,-0.5556212567521852,1.065976129819772e-07,-0.1232239606349446,0.27929216987468647,5.32988064909886e-07,0.3491152123433581
247,00,kamis_retail,coffee_futures,77,-0.4031807293115743,0.0002772942722321973,-0.3982647561456553,0.000334229369536062,0.0008318828166965919,0.0015780476075484802
247,00,kamis_retail,corn_futures,77,-0.1428783270107272,0.21511719928655576,-0.1416588886269083,0.21909870495904127,0.23048271352130972,0.30672330495813993
247,00,kamis_retail,cotton_futures,77,-0.423000397215126,0.00012676165194176257,-0.3920942277947859,0.0004208126953462614,0.00047535619478160964,0.0015780476075484802
247,00,kamis_retail,dow_jones,76,-0.37681166718632647,0.0007933450578060146,-0.3259257234554803,0.004063839743206994,0.0019833626445150366,0.012191519229620982
247,00,kamis_retail,kosdaq,77,0.645284197200466,2.372371840206689e-10,0.5572761929801499,1.4087700974783803e-07,1.7792788801550166e-09,1.0565775731087853e-06
247,00,kamis_retail,kospi,77,0.7818259650578424,4.7741586856071657e-17,0.6572367556198239,8.458883794846168e-11,7.161238028410749e-16,1.2688325692269252e-09
247,00,kamis_retail,nasdaq,76,-0.0010121377410566602,0.9930765424228054,-0.057474485797266744,0.6219031498180696,0.9930765424228054,0.6219031498180695
247,00,kamis_retail,orange_juice_futures,76,0.21813436012135626,0.058357970514576696,0.14083958246789793,0.2249304236359693,0.07957905070169549,0.30672330495813993
247,00,kamis_retail,rough_rice_futures,76,-0.2844217496325653,0.012770815622107115,-0.19157415509132666,0.09735390023305822,0.019156223433160674,0.18253856293698417
247,00,kamis_retail,soybean_futures,77,-0.171430059495109,0.13602770999749153,-0.10997107926909426,0.34104611233574217,0.15695504999710563,0.39351474500277944
247,00,kamis_retail,sp500,76,-0.3408239994965059,0.0025889367517071436,-0.27528692816692746,0.0160919333360839,0.0048542564094508946,0.04022983334020975
247,00,kamis_retail,sugar_futures,77,-0.17377299966671614,0.13067748786590958,-0.10283310348910651,0.37348737379394165,0.15695504999710563,0.4001650433506518
247,00,kamis_retail,usd_krw,79,0.35972718029906997,0.0011295597663163292,0.19983323048012158,0.07744578941781817,0.0024204852135349913,0.16595526303818178
247,00,kamis_retail,wheat_futures,77,-0.29387219622091054,0.009484169810169437,-0.14604806524191769,0.20500762849196993,0.015806949683615727,0.30672330495813993
247,01,kamis_retail,kamis_wholesale,79,-0.5556212567521852,1.065976129819772e-07,-0.1232239606349446,0.27929216987468647,5.32988064909886e-07,0.3491152123433581
247,01,kamis_retail,coffee_futures,77,-0.4031807293115743,0.0002772942722321973,-0.3982647561456553,0.000334229369536062,0.0008318828166965919,0.0015780476075484802
247,01,kamis_retail,corn_futures,77,-0.1428783270107272,0.21511719928655576,-0.1416588886269083,0.21909870495904127,0.23048271352130972,0.30672330495813993
247,01,kamis_retail,cotton_futures,77,-0.423000397215126,0.00012676165194176257,-0.3920942277947859,0.0004208126953462614,0.00047535619478160964,0.0015780476075484802
247,01,kamis_retail,dow_jones,76,-0.37681166718632647,0.0007933450578060146,-0.3259257234554803,0.004063839743206994,0.0019833626445150366,0.012191519229620982
247,01,kamis_retail,kosdaq,77,0.645284197200466,2.372371840206689e-10,0.5572761929801499,1.4087700974783803e-07,1.7792788801550166e-09,1.0565775731087853e-06
247,01,kamis_retail,kospi,77,0.7818259650578424,4.7741586856071657e-17,0.6572367556198239,8.458883794846168e-11,7.161238028410749e-16,1.2688325692269252e-09
247,01,kamis_retail,nasdaq,76,-0.0010121377410566602,0.9930765424228054,-0.057474485797266744,0.6219031498180696,0.9930765424228054,0.6219031498180695
247,01,kamis_retail,orange_juice_futures,76,0.21813436012135626,0.058357970514576696,0.14083958246789793,0.2249304236359693,0.07957905070169549,0.30672330495813993
247,01,kamis_retail,rough_rice_futures,76,-0.2844217496325653,0.012770815622107115,-0.19157415509132666,0.09735390023305822,0.019156223433160674,0.18253856293698417
247,01,kamis_retail,soybean_futures,77,-0.171430059495109,0.13602770999749153,-0.10997107926909426,0.34104611233574217,0.15695504999710563,0.39351474500277944
247,01,kamis_retail,sp500,76,-0.3408239994965059,0.0025889367517071436,-0.27528692816692746,0.0160919333360839,0.0048542564094508946,0.04022983334020975
247,01,kamis_retail,sugar_futures,77,-0.17377299966671614,0.13067748786590958,-0.10283310348910651,0.37348737379394165,0.15695504999710563,0.4001650433506518
247,01,kamis_retail,usd_krw,79,0.35972718029906997,0.0011295597663163292,0.19983323048012158,0.07744578941781817,0.0024204852135349913,0.16595526303818178
247,01,kamis_retail,wheat_futures,77,-0.29387219622091054,0.009484169810169437,-0.14604806524191769,0.20500762849196993,0.015806949683615727,0.30672330495813993
251,00,kamis_retail,kamis_wholesale,24,0.09918726363185809,0.6447151484228277,0.15087719298245614,0.48160052093766115,0.6447151484228277,0.5083296200733369
251,00,kamis_retail,coffee_futures,22,-0.8934679518589342,2.1748887020154843e-08,-0.8583548464955353,3.2271906013328534e-07,3.2623330530232263e-07,2.5858257153196017e-06
251,00,kamis_retail,corn_futures,22,0.5904616796712467,0.003814591869542865,0.5972261773340259,0.0033385003058154193,0.007152359755392871,0.006259688073403911
251,00,kamis_retail,cotton_futures,22,-0.7361982781361623,9.38306622793669e-05,-0.6855204716453208,0.00042965534860702555,0.00023457665569841726,0.001074138371517564
251,00,kamis_retail,dow_jones,21,-0.8775792955242206,1.7433467107604003e-07,-0.8513825190003038,9.886681076575396e-07,1.3075100330703002e-06,4.943340538287698e-06
251,00,kamis_retail,kosdaq,22,0.754994905678093,4.882989822196859e-05,0.7238256932654216,0.00014016153061818256,0.0001831121183323822,0.0005256057398181846
251,00,kamis_retail,kospi,22,0.3080116007654572,0.1631513649431477,0.279003961516695,0.20860630618341583,0.24472704741472154,0.284463144795567
251,00,kamis_retail,nasdaq,21,0.570097946889183,0.0069700447200729395,0.5339839939642853,0.012654478532570542,0.011616741200121565,0.021090797554284238
251,00,kamis_retail,orange_juice_futures,21,0.7562177567156811,7.308381328603145e-05,0.708293020008656,0.00032679413387288423,0.00021925143985809434,0.0009803824016186527
251,00,kamis_retail,rough_rice_futures,21,0.8680108150809149,3.4276746691804963e-07,0.867924711999862,3.4477676204261354e-07,1.713837334590248e-06,2.5858257153196017e-06
251,00,kamis_retail,soybean_futures,22,0.24135003041415667,0.27923043880646226,0.22844226481172353,0.3065223124642026,0.3490380485080778,0.3587361782771357
251,00,kamis_retail,sp500,21,0.11252350777470267,0.6272366411695484,0.15284560119562365,0.5083296200733369,0.6447151484228277,0.5083296200733369
251,00,kamis_retail,sugar_futures,22,-0.22682982156120562,0.31004227163324705,-0.22643646533991507,0.3109046878401843,0.3577410826537466,0.3587361782771357
251,00,kamis_retail,usd_krw,24,0.2814744860493468,0.18271136863183632,0.34418291492350156,0.09957952310505534,0.24915186631614042,0.149369284657583
251,00,kamis_retail,wheat_futures,22,-0.683529616044342,0.00045337353527398705,-0.6113784564177707,0.0025018483603181907,0.0009715147184442579,0.005361103629253266
252,00,kamis_retail,kamis_wholesale,79,0.9445170938360563,5.633712756832615e-39,0.9314324673111106,1.5283504949454663e-35,8.450569135248923e-38,2.2925257424181996e-34
252,00,kamis_retail,coffee_futures,77,-0.14721624052626153,0.2013685919386442,-0.14169843565137374,0.21896877468293097,0.23234837531382022,0.2737109683536637
252,00,kamis_retail,corn_futures,77,0.884494638753577,1.5208983749430067e-26,0.8428671005809485,7.095374522700222e-22,5.703368906036275e-26,2.1286123568100666e-21
252,00,kamis_retail,cotton_futures,77,0.5363961139517879,4.95280229197377e-07,0.5398246375563377,4.0524157569191616e-07,7.429203437960655e-07,6.078623635378743e-07
252,00,kamis_retail,dow_jones,76,0.05664474583967783,0.6269502728183698,0.04489681526123311,0.700156760364711,0.6717324351625391,0.7501679575336189
252,00,kamis_retail,kosdaq,77,0.012893794484571272,0.9113811627421318,0.021769422899960564,0.8509364945036626,0.9113811627421318,0.8509364945036626
252,00,kamis_retail,kospi,77,-0.3137101287017743,0.00546483147299968,-0.25881425003286446,0.023037371164265893,0.007452042917726836,0.03141459704218076
252,00,kamis_retail,nasdaq,76,0.5680782930946239,8.684865234257133e-08,0.5773971058900484,4.752564652176718e-08,1.4474775390428554e-07,7.920941086961197e-08
252,00,kamis_retail,orange_juice_futures,76,-0.22949633644862624,0.04612497339058754,-0.10540239392673484,0.3648428969680287,0.05765621673823443,0.42097257342464844
252,00,kamis_retail,rough_rice_futures,76,0.8475386578915868,4.746299815062061e-22,0.8529134310401398,1.3921231398441197e-22,1.4238899445186183e-21,6.960615699220598e-22
252,00,kamis_retail,soybean_futures,77,0.7655998866305893,5.092624646259474e-16,0.7266793742605495,7.368294777447896e-14,1.2731561615648684e-15,1.842073694361974e-13
252,00,kamis_retail,sp500,76,0.6735014880541316,2.6221176846548505e-11,0.6435939327764342,3.5963811344241223e-10,4.9164706587278445e-11,6.743214627045229e-10
252,00,kamis_retail,sugar_futures,77,0.9041542380963283,2.0104014190484779e-29,0.848655756779889,1.9403883437096395e-22,1.5078010642863584e-28,7.276456288911148e-22
252,00,kamis_retail,usd_krw,79,-0.8890379164314596,7.610380867649987e-28,-0.8947698448593358,1.1029011058334709e-28,3.805190433824993e-27,8.27175829375103e-28
252,00,kamis_retail,wheat_futures,77,0.7064121072567591,7.107840750784969e-13,0.7224968470100664,1.1956133613024875e-13,1.5231087323110648e-12,2.562028631362473e-13
253,00,kamis_retail,kamis_wholesale,79,0.9661886661390648,4.418761615578667e-47,0.9384450558815652,2.739787717717263e-37,6.628142423368001e-46,4.1096815765758946e-36
253,00,kamis_retail,coffee_futures,77,-0.2642530000837587,0.02021523708498969,-0.1939266465097936,0.09103754626246106,0.025269046356237113,0.11379693282807633
253,00,kamis_retail,corn_futures,77,0.8796553780525986,6.470678187625523e-26,0.8344004347548947,4.3142912155869365e-21,4.853008640719142e-25,2.1571456077934682e-20
253,00,kamis_retail,cotton_futures,77,0.4323189849227944,8.6243907129606e-05,0.5197512850286735,1.2720452768423954e-06,0.00012936586069440902,1.908067915263593e-06
253,00,kamis_retail,dow_jones,76,-0.07946898407789667,0.49499042187676534,-0.013712395160480149,0.9064113935926064,0.5303468805822485,0.9064113935926064
253,00,kamis_retail,kosdaq,77,0.017147224401075335,0.8823300988441776,0.06546601814118576,0.5716159314948127,0.8823300988441776,0.6124456408872992
253,00,kamis_retail,kospi,77,-0.3003112277256355,0.007962124607770843,-0.2297620612593664,0.04441465334224981,0.01085744264696024,0.060565436375795194
253,00,kamis_retail,nasdaq,76,0.5588185061686239,1.5525995244293292e-07,0.5764537805998459,5.055967498114306e-08,2.587665874048882e-07,8.426612496857177e-08
253,00,kamis_retail,orange_juice_futures,76,-0.20369855287890293,0.07757600377530893,-0.14392939906137894,0.21481918319706939,0.08951077358689491,0.24786828830431082
253,00,kamis_retail,rough_rice_futures,76,0.8573776701312824,4.8405574371717366e-23,0.8299313682598709,1.9384421385984784e-20,1.8152090389394013e-22,7.269158019744295e-20
253,00,kamis_retail,soybean_futures,77,0.7793482360380806,6.941753652962493e-17,0.7135467332719864,3.272449854476191e-13,1.7354384132406233e-16,7.012392545306124e-13
253,00,kamis_retail,sp500,76,0.6248612763416316,1.6101330513794546e-09,0.6254793529283421,1.5348755388677735e-09,3.0189994713364773e-09,2.8778916353770755e-09
253,00,kamis_retail,sugar_futures,77,0.8468113549388835,2.9499768685265503e-22,0.77887333370137,7.454011573921954e-17,8.84993060557965e-22,2.2362034721765865e-16
253,00,kamis_retail,usd_krw,79,-0.8640432501983699,1.1678507692973306e-24,-0.8759989602711079,4.26049199270547e-26,5.8392538464866536e-24,3.1953689945291027e-25
253,00,kamis_retail,wheat_futures,77,0.6883873284437988,4.5692203152522565e-12,0.7155027367653369,2.634710036142345e-13,9.791186389826262e-12,6.586775090355862e-13
254,00,kamis_retail,kamis_wholesale,24,-0.1562330231734216,0.46599029919750834,-0.2473684210526316,0.2438644142747038,0.6599016313579719,0.6431996122936107
254,00,kamis_retail,coffee_futures,22,-0.40278022198490726,0.06309094482467728,-0.22674591136015132,0.3102261186500171,0.15772736206169322,0.6431996122936107
254,00,kamis_retail,corn_futures,22,0.07987516263674511,0.7238304870571486,0.0407585637611847,0.8570822027163953,0.7755326647040878,0.8570822027163953
254,00,kamis_retail,cotton_futures,22,-0.37735901467535327,0.08339301238473264,-0.04920815266760966,0.8278457626065473,0.1786993122529985,0.8570822027163953
254,00,kamis_retail,dow_jones,21,-0.14593059914089931,0.5279213050863775,-0.12487810821089254,0.5896517211010179,0.6599016313579719,0.8570822027163953
254,00,kamis_retail,kosdaq,22,0.4990380957991148,0.018062545690042182,0.45783814374646287,0.03214195192296085,0.06773454633765819,0.16070975961480424
254,00,kamis_retail,kospi,22,0.34000332867291055,0.12157147133485037,0.21222410865874364,0.343039793223259,0.22794650875284445,0.6431996122936107
254,00,kamis_retail,nasdaq,21,0.7268095804268474,0.00018998389443422809,0.6712198316335473,0.0008647150231630898,0.0028497584165134214,0.012970725347446347
254,00,kamis_retail,orange_juice_futures,21,0.21468163499762824,0.350038876637088,0.11707322644771173,0.6132854277941405,0.58339812772848,0.8570822027163953
254,00,kamis_retail,rough_rice_futures,21,0.44707690133766254,0.042156740120632634,0.23096946983504568,0.3137765618336349,0.1264702203618979,0.6431996122936107
254,00,kamis_retail,soybean_futures,22,-0.003519974149771678,0.9875962796915656,-0.06615778461131597,0.7698931521475105,0.9875962796915656,0.8570822027163953
254,00,kamis_retail,sp500,21,0.6585313752730428,0.0011708942629775722,0.6373986773264306,0.0018836254610832077,0.008781706972331792,0.014127190958124059
254,00,kamis_retail,sugar_futures,22,-0.08881013276580789,0.6943051893236796,0.08831022148256687,0.6959463287640586,0.7755326647040878,0.8570822027163953
254,00,kamis_retail,usd_krw,24,0.13791407426182542,0.5204496216947219,0.08124114489311078,0.7058935604098805,0.6599016313579719,0.8570822027163953
254,00,kamis_retail,wheat_futures,22,-0.50179972395312,0.017335477879233264,-0.32097368961932965,0.14525841058819086,0.06773454633765819,0.5447190397057158
255,00,kamis_retail,kamis_wholesale,79,0.8554619860882883,1.0418521852235173e-23,0.919890915288904,4.902867407356868e-33,1.562778277835276e-22,7.354301111035302e-32
255,00,kamis_retail,coffee_futures,77,-0.6156697762700545,2.5377683206235966e-09,-0.5238464572104641,1.0132837035288151e-06,1.2688841603117984e-08,5.066418517644076e-06
255,00,kamis_retail,corn_futures,77,0.620425337540229,1.7636341848959746e-09,0.5065011919480529,2.602556942734737e-06,1.2688841603117984e-08,9.759588535255264e-06
255,00,kamis_retail,cotton_futures,77,-0.08807931348814071,0.4462191992830114,-0.06379566458202622,0.5814895229155582,0.4780919992317979,0.5814895229155582
255,00,kamis_retail,dow_jones,76,-0.49997256207571944,4.256160026041155e-06,-0.4754359462620714,1.4242407406309879e-05,9.120342912945332e-06,2.857479771212087e-05
255,00,kamis_retail,kosdaq,77,0.29219257422002604,0.009920769489604832,0.39395293808334425,0.0003927870994123896,0.013528322031279317,0.0005356187719259858
255,00,kamis_retail,kospi,77,0.1872911478186628,0.102877592524868,0.43749178388326543,6.930448560184355e-05,0.11870491445177077,0.00011550747600307259
255,00,kamis_retail,nasdaq,76,0.5366206794856451,5.829837183866991e-07,0.3757442358829875,0.0008233054771945044,1.4574592959667478e-06,0.0010291318464931306
255,00,kamis_retail,orange_juice_futures,76,0.015257306217069258,0.8959230110812604,-0.08080690697243223,0.4877329069898383,0.8959230110812604,0.5225709717748267
255,00,kamis_retail,rough_rice_futures,76,0.5830608652258359,3.264112006522418e-08,0.4740033358853768,1.5239892113131131e-05,9.792336019567253e-08,2.857479771212087e-05
255,00,kamis_retail,soybean_futures,77,0.597370503184406,9.744209780130455e-09,0.5544827132903904,1.6751680119437998e-07,3.654078667548921e-08,1.2563760089578498e-06
255,00,kamis_retail,sp500,76,0.2628955957331948,0.02176718018537724,0.13739737922515005,0.23658169837246956,0.027208975231721545,0.2729788827374649
255,00,kamis_retail,sugar_futures,77,0.47541225419595545,1.2466751284301513e-05,0.48885821442628813,6.451268721295687e-06,2.3375158658065336e-05,1.612817180323922e-05
255,00,kamis_retail,usd_krw,79,-0.4227240086984581,0.00010404570575814428,-0.48349026853127847,6.373760895558707e-06,0.00017340950959690712,1.612817180323922e-05
255,00,kamis_retail,wheat_futures,77,0.33490881213669527,0.0029086299958028397,0.4342132954190348,7.96395092814947e-05,0.00436294499370426,0.00011945926392224206
256,00,kamis_retail,kamis_wholesale,79,0.9253825928262269,3.5342541931547337e-34,0.8447490808152135,1.3236686221286751e-22,5.301381289732101e-33,1.9855029331930127e-21
256,00,kamis_retail,coffee_futures,77,-0.4416380301033165,5.801319915816661e-05,-0.312698830024977,0.005625616513900776,9.668866526361101e-05,0.008438424770851164
256,00,kamis_retail,corn_futures,77,0.8376508295289807,2.1840974621737264e-21,0.7145655605243361,2.923719716321306e-13,1.6380730966302948e-20,1.4618598581606528e-12
256,00,kamis_retail,cotton_futures,77,0.19115403617134408,0.095847136035876,0.29277911427382813,0.009766351651873652,0.119808920044845,0.01331775225255498
256,00,kamis_retail,dow_jones,76,-0.3313386666311957,0.0034585096963853767,-0.22425166282886927,0.05147950692130113,0.004716149585980059,0.05939943106303976
256,00,kamis_retail,kosdaq,77,0.054396099818864826,0.6384516944799631,0.24535296437491785,0.031496725486279055,0.6384516944799631,0.03937090685784882
256,00,kamis_retail,kospi,77,-0.1407729279837919,0.22202372587061084,0.08326541343499409,0.47155464164328137,0.23788256343279732,0.47155464164328137
256,00,kamis_retail,nasdaq,76,0.46303614706677415,2.5335581364204726e-05,0.41163161105373564,0.0002205402654628005,4.750421505788386e-05,0.00041351299774275093
256,00,kamis_retail,orange_juice_futures,76,-0.18755332527509208,0.10472066037398445,-0.21852249345975305,0.057900394477127665,0.12083153120075128,0.06203613693977964
256,00,kamis_retail,rough_rice_futures,76,0.8036852575836172,2.370812282675405e-18,0.6672385978344088,4.651084444917122e-11,8.890546060032769e-18,1.1627711112292805e-10
256,00,kamis_retail,soybean_futures,77,0.8115068473264639,3.555289081120589e-19,0.6728342316287631,2.0500100575928156e-11,1.7776445405602945e-18,6.150030172778448e-11
256,00,kamis_retail,sp500,76,0.39809332793598773,0.00036890059438601786,0.3464464663626395,0.0021713317120432727,0.0005533508915790267,0.003618886186738788
256,00,kamis_retail,sugar_futures,77,0.7187219925372943,1.8368454658112885e-13,0.6762900165797261,1.4801909631416084e-11,4.592113664528221e-13,5.5507161117810314e-11
256,00,kamis_retail,usd_krw,79,-0.7267769906423573,3.3932193054561315e-14,-0.7318940758642074,1.8241469898106188e-14,1.0179657916368394e-13,1.3681102423579642e-13
256,00,kamis_retail,wheat_futures,77,0.6233778410735018,1.4026347647020632e-09,0.6347417983567404,5.678159059082559e-10,3.0056459243615636e-09,1.2167483698034054e-09
257,00,kamis_retail,kamis_wholesale,79,0.8674305550166601,4.723275303828477e-25,0.44357057634712316,4.234777060209484e-05,7.084912955742716e-24,6.352165590314226e-05
257,00,kamis_retail,coffee_futures,77,-0.45872936433782574,2.718948580048058e-05,-0.22230840015774947,0.05198807544938177,3.398685725060072e-05,0.0557015094100519
257,00,kamis_retail,corn_futures,77,-0.6458240322269223,2.266620980542084e-10,-0.6775436180302875,1.313829339482543e-11,3.7777016342368067e-10,3.9414880184476284e-11
257,00,kamis_retail,cotton_futures,77,-0.5824028943694891,2.7551878995640605e-08,-0.5856371022314585,2.210749180984454e-08,4.132781849346091e-08,4.737319673538116e-08
257,00,kamis_retail,dow_jones,76,-0.38587444234595786,0.0005761915968584244,-0.25536772602453506,0.025987242482188692,0.0006648364579135667,0.029985279787140797
257,00,kamis_retail,kosdaq,77,0.6838268465453048,7.1639209869052965e-12,0.47119758117523336,1.5239884496976476e-05,1.7909802467263243e-11,2.5399807494960792e-05
257,00,kamis_retail,kospi,77,0.8206459060088762,6.587812080864239e-20,0.5522545024319705,1.921167205151988e-07,4.940859060648179e-19,3.6021885096599776e-07
257,00,kamis_retail,nasdaq,76,-0.16998256360443312,0.14209853744913759,-0.18509682759495585,0.10943026661986081,0.14209853744913759,0.10943026661986081
257,00,kamis_retail,orange_juice_futures,76,0.25648179405210236,0.025322115839811157,0.38045075776590104,0.000698501275224545,0.027130838399797668,0.0008731265940306812
257,00,kamis_retail,rough_rice_futures,76,-0.707125733510045,9.372322174434207e-13,-0.7317141529038608,6.003772105207565e-14,3.5146208154128276e-12,4.502829078905674e-13
257,00,kamis_retail,soybean_futures,77,-0.6743671800470183,1.7752087788412208e-11,-0.6851518338372552,6.291738017347454e-12,3.328516460327289e-11,2.3594017565052952e-11
257,00,kamis_retail,sp500,76,-0.542085084792565,4.246452092812212e-07,-0.44414215511317906,5.8446503765622786e-05,5.790616490198471e-07,7.969977786221288e-05
257,00,kamis_retail,sugar_futures,77,-0.6781569868806471,1.2391159169622756e-11,-0.6489055427152657,1.744123066266964e-10,2.6552483934905904e-11,4.36030766566741e-10
257,00,kamis_retail,usd_krw,79,0.6887277519585759,2.292406218468291e-12,0.7073288066689779,3.1781338358556114e-13,6.8772186554048725e-12,1.5890669179278057e-12
257,00,kamis_retail,wheat_futures,77,-0.7100588576163198,4.795314108526244e-13,-0.7683266746663204,3.4675980640832677e-16,2.3976570542631217e-12,5.201397096124902e-15
258,01,kamis_retail,online_combined,6,0.923373041171252,0.008582571323679516,0.8064516129032258,0.05256621127186068,0.01122336250019629,0.06383039940154511
258,01,kamis_retail,online_coupang,6,0.2003127555335092,0.7035496613918504,-0.1796053020267749,0.7334889066699469,0.7035496613918504,0.7334889066699469
258,01,kamis_retail,online_naver,6,0.9782827283308716,0.0007023384673290851,0.9837387536759294,0.00039449223252331563,0.0013266393271771607,0.0011177279921493943
258,01,kamis_retail,coffee_futures,77,-0.2663585620629957,0.019204947501079414,-0.2875810120008185,0.011210890734179309,0.02332029339416786,0.01841541638823664
258,01,kamis_retail,corn_futures,77,-0.45316678486381057,3.495028356680711e-05,-0.4527950896262723,3.553613951694431e-05,9.902580343928682e-05,0.0001510285929470133
258,01,kamis_retail,cotton_futures,77,-0.40972012676062947,0.00021532657018824065,-0.31843039316908156,0.004766888511331141,0.00045756896165001135,0.010129638086578675
258,01,kamis_retail,dow_jones,76,-0.0690224982836114,0.5535433222817854,-0.05474095799873857,0.6385951386969776,0.5881397799243969,0.6785073348655387
258,01,kamis_retail,kosdaq,77,0.55804224189139,1.3430514286873184e-07,0.45715074475811224,2.921064175101676e-05,7.61062476256147e-07,0.0001510285929470133
258,01,kamis_retail,kospi,77,0.5842880306806443,2.424087342453354e-08,0.28819887210156997,0.011029981588629034,2.414606477258184e-07,0.01841541638823664
258,01,kamis_retail,nasdaq,76,-0.15058334413147756,0.19414429880891948,-0.15982062912219125,0.16787157197238864,0.22003020531677542,0.19025444823537377
258,01,kamis_retail,orange_juice_futures,76,0.31655272436742854,0.0053373488291526975,0.26868099942522033,0.018934544288072307,0.007561244174632988,0.024760557915171476
258,01,kamis_retail,rough_rice_futures,76,-0.5048648801150184,3.3074625293066242e-06,-0.433937629068624,8.997411085315278e-05,1.1245372599642522e-05,0.00030591197690071946
258,01,kamis_retail,soybean_futures,77,-0.5469964822927816,2.6441364539494686e-07,-0.5163272818545506,1.5349763697115198e-06,1.123757992928524e-06,2.6094598285095837e-05
258,01,kamis_retail,sp500,76,-0.3361394472162979,0.002990331347808909,-0.2780933632997855,0.015000359520128816,0.004621421173886495,0.02125050932018249
258,01,kamis_retail,sugar_futures,77,-0.3542834281015249,0.0015713013557632236,-0.28525320821941247,0.01191585766297665,0.0026712123047974803,0.01841541638823664
258,01,kamis_retail,usd_krw,79,0.42822435392529573,8.254227357207283e-05,0.3496150251854797,0.0015873723669185583,0.0002004598072464626,0.003855047176802213
258,01,kamis_retail,wheat_futures,77,-0.5819510105172823,2.840713502656687e-08,-0.4954971547457863,4.611696349078268e-06,2.414606477258184e-07,3.919941896716528e-05
258,03,kamis_retail,online_combined,6,0.923373041171252,0.008582571323679516,0.8064516129032258,0.05256621127186068,0.01122336250019629,0.06383039940154511
258,03,kamis_retail,online_coupang,6,0.2003127555335092,0.7035496613918504,-0.1796053020267749,0.7334889066699469,0.7035496613918504,0.7334889066699469
258,03,kamis_retail,online_naver,6,0.9782827283308716,0.0007023384673290851,0.9837387536759294,0.00039449223252331563,0.0013266393271771607,0.0011177279921493943
258,03,kamis_retail,coffee_futures,77,-0.2663585620629957,0.019204947501079414,-0.2875810120008185,0.011210890734179309,0.02332029339416786,0.01841541638823664
258,03,kamis_retail,corn_futures,77,-0.45316678486381057,3.495028356680711e-05,-0.4527950896262723,3.553613951694431e-05,9.902580343928682e-05,0.0001510285929470133
258,03,kamis_retail,cotton_futures,77,-0.40972012676062947,0.00021532657018824065,-0.31843039316908156,0.004766888511331141,0.00045756896165001135,0.010129638086578675
258,03,kamis_retail,dow_jones,76,-0.0690224982836114,0.5535433222817854,-0.05474095799873857,0.6385951386969776,0.5881397799243969,0.6785073348655387
258,03,kamis_retail,kosdaq,77,0.55804224189139,1.3430514286873184e-07,0.45715074475811224,2.921064175101676e-05,7.61062476256147e-07,0.0001510285929470133
258,03,kamis_retail,kospi,77,0.5842880306806443,2.424087342453354e-08,0.28819887210156997,0.011029981588629034,2.414606477258184e-07,0.01841541638823664
258,03,kamis_retail,nasdaq,76,-0.15058334413147756,0.19414429880891948,-0.15982062912219125,0.16787157197238864,0.22003020531677542,0.19025444823537377
258,03,kamis_retail,orange_juice_futures,76,0.31655272436742854,0.0053373488291526975,0.26868099942522033,0.018934544288072307,0.007561244174632988,0.024760557915171476
258,03,kamis_retail,rough_rice_futures,76,-0.5048648801150184,3.3074625293066242e-06,-0.433937629068624,8.997411085315278e-05,1.1245372599642522e-05,0.00030591197690071946
258,03,kamis_retail,soybean_futures,77,-0.5469964822927816,2.6441364539494686e-07,-0.5163272818545506,1.5349763697115198e-06,1.123757992928524e-06,2.6094598285095837e-05
258,03,kamis_retail,sp500,76,-0.3361394472162979,0.002990331347808909,-0.2780933632997855,0.015000359520128816,0.004621421173886495,0.02125050932018249
258,03,kamis_retail,sugar_futures,77,-0.3542834281015249,0.0015713013557632236,-0.28525320821941247,0.01191585766297665,0.0026712123047974803,0.01841541638823664
258,03,kamis_retail,usd_krw,79,0.42822435392529573,8.254227357207283e-05,0.3496150251854797,0.0015873723669185583,0.0002004598072464626,0.003855047176802213
258,03,kamis_retail,wheat_futures,77,-0.5819510105172823,2.840713502656687e-08,-0.4954971547457863,4.611696349078268e-06,2.414606477258184e-07,3.919941896716528e-05
258,04,kamis_retail,online_combined,6,0.923373041171252,0.008582571323679516,0.8064516129032258,0.05256621127186068,0.01122336250019629,0.06383039940154511
258,04,kamis_retail,online_coupang,6,0.2003127555335092,0.7035496613918504,-0.1796053020267749,0.7334889066699469,0.7035496613918504,0.7334889066699469
258,04,kamis_retail,online_naver,6,0.9782827283308716,0.0007023384673290851,0.9837387536759294,0.00039449223252331563,0.0013266393271771607,0.0011177279921493943
258,04,kamis_retail,coffee_futures,77,-0.2663585620629957,0.019204947501079414,-0.2875810120008185,0.011210890734179309,0.02332029339416786,0.01841541638823664
258,04,kamis_retail,corn_futures,77,-0.45316678486381057,3.495028356680711e-05,-0.4527950896262723,3.553613951694431e-05,9.902580343928682e-05,0.0001510285929470133
258,04,kamis_retail,cotton_futures,77,-0.40972012676062947,0.00021532657018824065,-0.31843039316908156,0.004766888511331141,0.00045756896165001135,0.010129638086578675
258,04,kamis_retail,dow_jones,76,-0.0690224982836114,0.5535433222817854,-0.05474095799873857,0.6385951386969776,0.5881397799243969,0.6785073348655387
258,04,kamis_retail,kosdaq,77,0.55804224189139,1.3430514286873184e-07,0.45715074475811224,2.921064175101676e-05,7.61062476256147e-07,0.0001510285929470133
258,04,kamis_retail,kospi,77,0.5842880306806443,2.424087342453354e-08,0.28819887210156997,0.011029981588629034,2.414606477258184e-07,0.01841541638823664
258,04,kamis_retail,nasdaq,76,-0.15058334413147756,0.19414429880891948,-0.15982062912219125,0.16787157197238864,0.22003020531677542,0.19025444823537377
258,04,kamis_retail,orange_juice_futures,76,0.31655272436742854,0.0053373488291526975,0.26868099942522033,0.018934544288072307,0.007561244174632988,0.024760557915171476
258,04,kamis_retail,rough_rice_futures,76,-0.5048648801150184,3.3074625293066242e-06,-0.433937629068624,8.997411085315278e-05,1.1245372599642522e-05,0.00030591197690071946
258,04,kamis_retail,soybean_futures,77,-0.5469964822927816,2.6441364539494686e-07,-0.5163272818545506,1.5349763697115198e-06,1.123757992928524e-06,2.6094598285095837e-05
258,04,kamis_retail,sp500,76,-0.3361394472162979,0.002990331347808909,-0.2780933632997855,0.015000359520128816,0.004621421173886495,0.02125050932018249
258,04,kamis_retail,sugar_futures,77,-0.3542834281015249,0.0015713013557632236,-0.28525320821941247,0.01191585766297665,0.0026712123047974803,0.01841541638823664
258,04,kamis_retail,usd_krw,79,0.42822435392529573,8.254227357207283e-05,0.3496150251854797,0.0015873723669185583,0.0002004598072464626,0.003855047176802213
258,04,kamis_retail,wheat_futures,77,-0.5819510105172823,2.840713502656687e-08,-0.4954971547457863,4.611696349078268e-06,2.414606477258184e-07,3.919941896716528e-05
258,05,kamis_retail,online_combined,6,0.923373041171252,0.008582571323679516,0.8064516129032258,0.05256621127186068,0.01122336250019629,0.06383039940154511
258,05,kamis_retail,online_coupang,6,0.2003127555335092,0.7035496613918504,-0.1796053020267749,0.7334889066699469,0.7035496613918504,0.7334889066699469
258,05,kamis_retail,online_naver,6,0.9782827283308716,0.0007023384673290851,0.9837387536759294,0.00039449223252331563,0.0013266393271771607,0.0011177279921493943
258,05,kamis_retail,coffee_futures,77,-0.2663585620629957,0.019204947501079414,-0.2875810120008185,0.011210890734179309,0.02332029339416786,0.01841541638823664
258,05,kamis_retail,corn_futures,77,-0.45316678486381057,3.495028356680711e-05,-0.4527950896262723,3.553613951694431e-05,9.902580343928682e-05,0.0001510285929470133
258,05,kamis_retail,cotton_futures,77,-0.40972012676062947,0.00021532657018824065,-0.31843039316908156,0.004766888511331141,0.00045756896165001135,0.010129638086578675
258,05,kamis_retail,dow_jones,76,-0.0690224982836114,0.5535433222817854,-0.05474095799873857,0.6385951386969776,0.5881397799243969,0.6785073348655387
258,05,kamis_retail,kosdaq,77,0.55804224189139,1.3430514286873184e-07,0.45715074475811224,2.921064175101676e-05,7.61062476256147e-07,0.0001510285929470133
258,05,kamis_retail,kospi,77,0.5842880306806443,2.424087342453354e-08,0.28819887210156997,0.011029981588629034,2.414606477258184e-07,0.01841541638823664
258,05,kamis_retail,nasdaq,76,-0.15058334413147756,0.19414429880891948,-0.15982062912219125,0.16787157197238864,0.22003020531677542,0.19025444823537377
258,05,kamis_retail,orange_juice_futures,76,0.31655272436742854,0.0053373488291526975,0.26868099942522033,0.018934544288072307,0.007561244174632988,0.024760557915171476
258,05,kamis_retail,rough_rice_futures,76,-0.5048648801150184,3.3074625293066242e-06,-0.433937629068624,8.997411085315278e-05,1.1245372599642522e-05,0.00030591197690071946
258,05,kamis_retail,soybean_futures,77,-0.5469964822927816,2.6441364539494686e-07,-0.5163272818545506,1.5349763697115198e-06,1.123757992928524e-06,2.6094598285095837e-05
258,05,kamis_retail,sp500,76,-0.3361394472162979,0.002990331347808909,-0.2780933632997855,0.015000359520128816,0.004621421173886495,0.02125050932018249
258,05,kamis_retail,sugar_futures,77,-0.3542834281015249,0.0015713013557632236,-0.28525320821941247,0.01191585766297665,0.0026712123047974803,0.01841541638823664
258,05,kamis_retail,usd_krw,79,0.42822435392529573,8.254227357207283e-05,0.3496150251854797,0.0015873723669185583,0.0002004598072464626,0.003855047176802213
258,05,kamis_retail,wheat_futures,77,-0.5819510105172823,2.840713502656687e-08,-0.4954971547457863,4.611696349078268e-06,2.414606477258184e-07,3.919941896716528e-05
258,06,kamis_retail,online_combined,6,0.923373041171252,0.008582571323679516,0.8064516129032258,0.05256621127186068,0.01122336250019629,0.06383039940154511
258,06,kamis_retail,online_coupang,6,0.2003127555335092,0.7035496613918504,-0.1796053020267749,0.7334889066699469,0.7035496613918504,0.7334889066699469
258,06,kamis_retail,online_naver,6,0.9782827283308716,0.0007023384673290851,0.9837387536759294,0.00039449223252331563,0.0013266393271771607,0.0011177279921493943
258,06,kamis_retail,coffee_futures,77,-0.2663585620629957,0.019204947501079414,-0.2875810120008185,0.011210890734179309,0.02332029339416786,0.01841541638823664
258,06,kamis_retail,corn_futures,77,-0.45316678486381057,3.495028356680711e-05,-0.4527950896262723,3.553613951694431e-05,9.902580343928682e-05,0.0001510285929470133
258,06,kamis_retail,cotton_futures,77,-0.40972012676062947,0.00021532657018824065,-0.31843039316908156,0.004766888511331141,0.00045756896165001135,0.010129638086578675
258,06,kamis_retail,dow_jones,76,-0.0690224982836114,0.5535433222817854,-0.05474095799873857,0.6385951386969776,0.5881397799243969,0.6785073348655387
258,06,kamis_retail,kosdaq,77,0.55804224189139,1.3430514286873184e-07,0.45715074475811224,2.921064175101676e-05,7.61062476256147e-07,0.0001510285929470133
258,06,kamis_retail,kospi,77,0.5842880306806443,2.424087342453354e-08,0.28819887210156997,0.011029981588629034,2.414606477258184e-07,0.01841541638823664
258,06,kamis_retail,nasdaq,76,-0.15058334413147756,0.19414429880891948,-0.15982062912219125,0.16787157197238864,0.22003020531677542,0.19025444823537377
258,06,kamis_retail,orange_juice_futures,76,0.31655272436742854,0.0053373488291526975,0.26868099942522033,0.018934544288072307,0.007561244174632988,0.024760557915171476
258,06,kamis_retail,rough_rice_futures,76,-0.5048648801150184,3.3074625293066242e-06,-0.433937629068624,8.997411085315278e-05,1.1245372599642522e-05,0.00030591197690071946
258,06,kamis_retail,soybean_futures,77,-0.5469964822927816,2.6441364539494686e-07,-0.5163272818545506,1.5349763697115198e-06,1.123757992928524e-06,2.6094598285095837e-05
258,06,kamis_retail,sp500,76,-0.3361394472162979,0.002990331347808909,-0.2780933632997855,0.015000359520128816,0.004621421173886495,0.02125050932018249
258,06,kamis_retail,sugar_futures,77,-0.3542834281015249,0.0015713013557632236,-0.28525320821941247,0.01191585766297665,0.0026712123047974803,0.01841541638823664
258,06,kamis_retail,usd_krw,79,0.42822435392529573,8.254227357207283e-05,0.3496150251854797,0.0015873723669185583,0.0002004598072464626,0.003855047176802213
258,06,kamis_retail,wheat_futures,77,-0.5819510105172823,2.840713502656687e-08,-0.4954971547457863,4.611696349078268e-06,2.414606477258184e-07,3.919941896716528e-05
279,00,kamis_retail,kamis_wholesale,79,0.9547584370721446,2.643268187370111e-42,0.8618666147215661,2.0629042060553883e-24,3.9649022810551663e-41,3.0943563090830827e-23
279,00,kamis_retail,coffee_futures,77,-0.12655776383519965,0.27273207051515835,-0.20537662679111343,0.07315713171860559,0.3146908505944135,0.09975972507082581
279,00,kamis_retail,corn_futures,77,0.9029068635621558,3.1898994090290703e-29,0.7711896749852265,2.3030976430656107e-16,1.594949704514535e-28,6.909292929196833e-16
279,00,kamis_retail,cotton_futures,77,0.5337353432665,5.77849247441959e-07,0.48641400800827,7.287113508264379e-06,8.667738711629386e-07,1.0930670262396568e-05
279,00,kamis_retail,dow_jones,76,0.03155770755583822,0.7866820916450425,0.025415097311398405,0.8274861230469062,0.8428736696196885,0.8274861230469062
279,00,kamis_retail,kosdaq,77,0.018256323143120555,0.8747787637433421,0.16779282240042068,0.14465953761046485,0.8747787637433421,0.17539632267820557
279,00,kamis_retail,kospi,77,-0.30847623972579874,0.006343034142927754,-0.16482187458919417,0.15201014632111148,0.008649592013083301,0.17539632267820557
279,00,kamis_retail,nasdaq,76,0.6034769374844148,7.924585329251155e-09,0.6447833429249504,3.258513919741603e-10,1.320764221541859e-08,5.973153283039305e-10
279,00,kamis_retail,orange_juice_futures,76,-0.2820746554963063,0.013561711838628077,-0.1325271555261436,0.2537702848582302,0.016952139798285096,0.2718967337766752
279,00,kamis_retail,rough_rice_futures,76,0.8672459039582509,4.102799407390973e-24,0.8058008859236574,1.6539692176508623e-18,1.230839822217292e-23,8.269846088254313e-18
279,00,kamis_retail,soybean_futures,77,0.8074633311714461,7.281790392494279e-19,0.6403509925069015,3.583891969823583e-10,1.82044759812357e-18,5.973153283039305e-10
279,00,kamis_retail,sp500,76,0.6926053161642609,4.175422799388571e-12,0.6660286690260333,5.187457029215199e-11,7.82891774885357e-12,1.2309784785601708e-10
279,00,kamis_retail,sugar_futures,77,0.9183114036389632,6.523041854415737e-32,0.7943600884840556,6.6503228132325595e-18,4.892281390811803e-31,2.49387105496221e-17
279,00,kamis_retail,usd_krw,79,-0.886938383191547,1.503902335775759e-27,-0.8503137680005758,3.6230345200797286e-23,5.6396337591590966e-27,2.7172758900597966e-22
279,00,kamis_retail,wheat_futures,77,0.7511786119937295,3.578040022233742e-15,0.6615876124915855,5.744566233280797e-11,7.667228619072304e-15,1.2309784785601708e-10
280,00,kamis_retail,kamis_wholesale,79,0.8997836404053816,1.853999149786812e-29,0.887012631274995,1.4684474416798493e-27,9.26999574893406e-29,1.101335581259887e-26
280,00,kamis_retail,coffee_futures,77,-0.17416373958004686,0.12980099517803628,-0.18296306033916132,0.11122512990708723,0.14977037905158033,0.12833668835433143
280,00,kamis_retail,corn_futures,77,0.9141640443599282,3.869462121666416e-31,0.8486912200855166,1.9247172461056644e-22,2.902096591249812e-30,7.217689672896242e-22
280,00,kamis_retail,cotton_futures,77,0.5370291145327435,4.77348502130338e-07,0.5402452972032828,3.9532674464944613e-07,7.955808368838967e-07,6.588779077490768e-07
280,00,kamis_retail,dow_jones,76,0.0019640449489469886,0.9865655443275443,-0.013206554062835319,0.909849109277851,0.9865655443275443,0.9610856916915199
280,00,kamis_retail,kosdaq,77,-0.07474933331556351,0.5182152144497253,-0.005652688313395557,0.9610856916915198,0.5552305869104199,0.9610856916915199
280,00,kamis_retail,kospi,77,-0.38373202116840954,0.00057095454195985,-0.27727093466543973,0.01463371712713659,0.0007785743753997953,0.019955068809731715
280,00,kamis_retail,nasdaq,76,0.5102128495004183,2.4992921519635004e-06,0.5248443172590558,1.13282454186803e-06,3.7489382279452503e-06,1.699236812802045e-06
280,00,kamis_retail,orange_juice_futures,76,-0.35180397218782994,0.0018307574037569703,-0.27024274201346443,0.01822632894245145,0.0022884467546962126,0.022782911178064313
280,00,kamis_retail,rough_rice_futures,76,0.8929875229953544,2.2756831564740563e-27,0.8711787706442085,1.4512877502443376e-24,8.533811836777712e-27,7.256438751221688e-24
280,00,kamis_retail,soybean_futures,77,0.8244789454934482,3.1565766480407847e-20,0.7439529380833444,9.047364447330744e-15,7.891441620101962e-20,1.938720952999445e-14
280,00,kamis_retail,sp500,76,0.6418546443202618,4.151311674018922e-10,0.5939394769211361,1.5541748937726188e-08,7.783709388785479e-10,2.9140779258236604e-08
280,00,kamis_retail,sugar_futures,77,0.8841509083807816,1.6892193128605328e-26,0.7793729064362953,6.916092973265462e-17,5.0676579385815983e-26,2.0748278919796387e-16
280,00,kamis_retail,usd_krw,79,-0.9182269918966536,1.0482179333252e-32,-0.8977887679318912,3.8109850660809374e-29,1.5723268999878e-31,5.716477599121406e-28
280,00,kamis_retail,wheat_futures,77,0.7835726077088448,3.656095220884078e-17,0.7742821858333552,1.4704179622201557e-16,7.83448975903731e-17,3.676044905550389e-16
312,01,kamis_retail,kamis_wholesale,79,0.9030421790865668,5.5277048974160885e-30,0.8090287077844602,1.88532511308953e-19,8.291557346124133e-29,7.069969174085738e-19
312,01,kamis_retail,coffee_futures,77,0.24968823404292237,0.028525533287888673,0.1274484027869068,0.26934397878425614,0.035656916609860846,0.310781513981834
312,01,kamis_retail,corn_futures,77,-0.8829338682719766,2.4430951656011583e-26,-0.7640640028148522,6.309108766082961e-16,1.221547582800579e-25,1.8927326298248885e-15
312,01,kamis_retail,cotton_futures,77,-0.4033308899963067,0.00027570446651835275,-0.5037399272168235,3.0099625038753946e-06,0.00041355669977752915,4.514943755813092e-06
312,01,kamis_retail,dow_jones,76,0.06920080196974845,0.5525167424966672,-0.08250678444017716,0.47859374816021855,0.5919822241035719,0.47859374816021855
312,01,kamis_retail,kosdaq,77,0.042868658693650516,0.7112421063201115,-0.10805836729328251,0.34956059151673946,0.7112421063201115,0.3745292051965065
312,01,kamis_retail,kospi,77,0.32198608997251554,0.004294554361774273,0.1813855659261207,0.11439461343673721,0.005856210493328554,0.15599265468645981
312,01,kamis_retail,nasdaq,76,-0.5893461272811874,2.1331483219648464e-08,-0.6081987273223134,5.630715378773449e-09,3.5552472032747436e-08,9.384525631289081e-09
312,01,kamis_retail,orange_juice_futures,76,0.24623456694968343,0.03201855685316616,0.1727768017704276,0.13556299822455065,0.03694448867673018,0.1694537477806883
312,01,kamis_retail,rough_rice_futures,76,-0.8987281036412961,3.289214293646597e-28,-0.8252146450836705,4.874773113901786e-20,2.4669107202349477e-27,2.437386556950893e-19
312,01,kamis_retail,soybean_futures,77,-0.8060991229263221,9.239200901423437e-19,-0.6649861969238859,4.227152526270852e-11,2.3098002253558595e-18,7.925910986757847e-11
312,01,kamis_retail,sp500,76,-0.629046169333755,1.1620040872047095e-09,-0.673848698968002,2.5390813668129297e-11,2.1787576635088302e-09,6.347703417032324e-11
312,01,kamis_retail,sugar_futures,77,-0.8487754755779322,1.8879750528352883e-22,-0.8229934941858292,4.206836175536358e-20,5.663925158505865e-22,2.437386556950893e-19
312,01,kamis_retail,usd_krw,79,0.8493999242595606,4.498128474858984e-23,0.8469296526208563,8.015691571238397e-23,1.6867981780721192e-22,1.2023537356857596e-21
312,01,kamis_retail,wheat_futures,77,-0.6852175816767246,6.2512266621883414e-12,-0.6679769688429739,3.2165439144228376e-11,1.3395485704689303e-11,6.892594102334652e-11
312,02,kamis_retail,kamis_wholesale,79,0.9030421790865668,5.5277048974160885e-30,0.8090287077844602,1.88532511308953e-19,8.291557346124133e-29,7.069969174085738e-19
312,02,kamis_retail,coffee_futures,77,0.24968823404292237,0.028525533287888673,0.1274484027869068,0.26934397878425614,0.035656916609860846,0.310781513981834
312,02,kamis_retail,corn_futures,77,-0.8829338682719766,2.4430951656011583e-26,-0.7640640028148522,6.309108766082961e-16,1.221547582800579e-25,1.8927326298248885e-15
312,02,kamis_retail,cotton_futures,77,-0.4033308899963067,0.00027570446651835275,-0.5037399272168235,3.0099625038753946e-06,0.00041355669977752915,4.514943755813092e-06
312,02,kamis_retail,dow_jones,76,0.06920080196974845,0.5525167424966672,-0.08250678444017716,0.47859374816021855,0.5919822241035719,0.47859374816021855
312,02,kamis_retail,kosdaq,77,0.042868658693650516,0.7112421063201115,-0.10805836729328251,0.34956059151673946,0.7112421063201115,0.3745292051965065
312,02,kamis_retail,kospi,77,0.32198608997251554,0.004294554361774273,0.1813855659261207,0.11439461343673721,0.005856210493328554,0.15599265468645981
312,02,kamis_retail,nasdaq,76,-0.5893461272811874,2.1331483219648464e-08,-0.6081987273223134,5.630715378773449e-09,3.5552472032747436e-08,9.384525631289081e-09
312,02,kamis_retail,orange_juice_futures,76,0.24623456694968343,0.03201855685316616,0.1727768017704276,0.13556299822455065,0.03694448867673018,0.1694537477806883
312,02,kamis_retail,rough_rice_futures,76,-0.8987281036412961,3.289214293646597e-28,-0.8252146450836705,4.874773113901786e-20,2.4669107202349477e-27,2.437386556950893e-19
312,02,kamis_retail,soybean_futures,77,-0.8060991229263221,9.239200901423437e-19,-0.6649861969238859,4.227152526270852e-11,2.3098002253558595e-18,7.925910986757847e-11
312,02,kamis_retail,sp500,76,-0.629046169333755,1.1620040872047095e-09,-0.673848698968002,2.5390813668129297e-11,2.1787576635088302e-09,6.347703417032324e-11
312,02,kamis_retail,sugar_futures,77,-0.8487754755779322,1.8879750528352883e-22,-0.8229934941858292,4.206836175536358e-20,5.663925158505865e-22,2.437386556950893e-19
312,02,kamis_retail,usd_krw,79,0.8493999242595606,4.498128474858984e-23,0.8469296526208563,8.015691571238397e-23,1.6867981780721192e-22,1.2023537356857596e-21
312,02,kamis_retail,wheat_futures,77,-0.6852175816767246,6.2512266621883414e-12,-0.6679769688429739,3.2165439144228376e-11,1.3395485704689303e-11,6.892594102334652e-11
312,03,kamis_retail,kamis_wholesale,79,0.9030421790865668,5.5277048974160885e-30,0.8090287077844602,1.88532511308953e-19,8.291557346124133e-29,7.069969174085738e-19
312,03,kamis_retail,coffee_futures,77,0.24968823404292237,0.028525533287888673,0.1274484027869068,0.26934397878425614,0.035656916609860846,0.310781513981834
312,03,kamis_retail,corn_futures,77,-0.8829338682719766,2.4430951656011583e-26,-0.7640640028148522,6.309108766082961e-16,1.221547582800579e-25,1.8927326298248885e-15
312,03,kamis_retail,cotton_futures,77,-0.4033308899963067,0.00027570446651835275,-0.5037399272168235,3.0099625038753946e-06,0.00041355669977752915,4.514943755813092e-06
312,03,kamis_retail,dow_jones,76,0.06920080196974845,0.5525167424966672,-0.08250678444017716,0.47859374816021855,0.5919822241035719,0.47859374816021855
312,03,kamis_retail,kosdaq,77,0.042868658693650516,0.7112421063201115,-0.10805836729328251,0.34956059151673946,0.7112421063201115,0.3745292051965065
312,03,kamis_retail,kospi,77,0.32198608997251554,0.004294554361774273,0.1813855659261207,0.11439461343673721,0.005856210493328554,0.15599265468645981
312,03,kamis_retail,nasdaq,76,-0.5893461272811874,2.1331483219648464e-08,-0.6081987273223134,5.630715378773449e-09,3.5552472032747436e-08,9.384525631289081e-09
312,03,kamis_retail,orange_juice_futures,76,0.24623456694968343,0.03201855685316616,0.1727768017704276,0.13556299822455065,0.03694448867673018,0.1694537477806883
312,03,kamis_retail,rough_rice_futures,76,-0.8987281036412961,3.289214293646597e-28,-0.8252146450836705,4.874773113901786e-20,2.4669107202349477e-27,2.437386556950893e-19
312,03,kamis_retail,soybean_futures,77,-0.8060991229263221,9.239200901423437e-19,-0.6649861969238859,4.227152526270852e-11,2.3098002253558595e-18,7.925910986757847e-11
312,03,kamis_retail,sp500,76,-0.629046169333755,1.1620040872047095e-09,-0.673848698968002,2.5390813668129297e-11,2.1787576635088302e-09,6.347703417032324e-11
312,03,kamis_retail,sugar_futures,77,-0.8487754755779322,1.8879750528352883e-22,-0.8229934941858292,4.206836175536358e-20,5.663925158505865e-22,2.437386556950893e-19
312,03,kamis_retail,usd_krw,79,0.8493999242595606,4.498128474858984e-23,0.8469296526208563,8.015691571238397e-23,1.6867981780721192e-22,1.2023537356857596e-21
312,03,kamis_retail,wheat_futures,77,-0.6852175816767246,6.2512266621883414e-12,-0.6679769688429739,3.2165439144228376e-11,1.3395485704689303e-11,6.892594102334652e-11
314,01,kamis_retail,kamis_wholesale,79,-0.11223566785709813,0.32472830540053527,-0.2902513243476689,0.009464386514730432,0.6326433000001022,0.04732193257365216
314,01,kamis_retail,coffee_futures,77,-0.24008185741550656,0.035455558526601406,-0.17807399812398686,0.12127429788590717,0.5318333778990211,0.22738930853607595
314,01,kamis_retail,corn_futures,77,0.11079707398202446,0.3374097600000545,0.25269350955045006,0.02660769501857545,0.6326433000001022,0.09977885631965794
314,01,kamis_retail,cotton_futures,77,0.01425818674624663,0.9020478022089435,0.056894591212643654,0.623086610990789,0.9020478022089435,0.623086610990789
314,01,kamis_retail,dow_jones,76,-0.060790749994538,0.6019062698185604,-0.06600587875869568,0.57104876838419,0.8207812770253097,0.611837966125918
314,01,kamis_retail,kosdaq,77,0.09020477685303525,0.43527942997691454,0.09813394330396884,0.39583171581094795,0.7254657166281908,0.5646849798588057
314,01,kamis_retail,kospi,77,-0.044844667299739335,0.6985571569844955,-0.23486417027042292,0.03977566612144277,0.8731964462306193,0.1193269983643283
314,01,kamis_retail,nasdaq,76,0.12165450451684072,0.2951563864170365,0.3539408026478609,0.0017089136745409694,0.6326433000001022,0.02563370511811454
314,01,kamis_retail,orange_juice_futures,76,0.17175544607330226,0.13792498451925767,0.16987955101650196,0.14234392850265812,0.6326433000001022,0.2372398808377635
314,01,kamis_retail,rough_rice_futures,76,0.11809897588057844,0.3096003807955032,0.21567876845336342,0.06132153632511518,0.6326433000001022,0.13140329212524682
314,01,kamis_retail,soybean_futures,77,-0.015930665840981455,0.8906251212007089,0.09079197313179649,0.4322840872652069,0.9020478022089435,0.5646849798588057
314,01,kamis_retail,sp500,76,0.13704204906147385,0.23780779932895132,0.30826440643145614,0.006745304465637994,0.6326433000001022,0.04732193257365216
314,01,kamis_retail,sugar_futures,77,0.062368885352517264,0.5899846926753481,0.0848621894746704,0.46306581189100043,0.8207812770253097,0.5646849798588057
314,01,kamis_retail,usd_krw,79,-0.13485367768206022,0.23604812505939665,-0.21363880018186415,0.058693039758540844,0.6326433000001022,0.13140329212524682
314,01,kamis_retail,wheat_futures,77,0.023631489676286817,0.8383517836108714,0.07995950772577794,0.48939364921096495,0.9020478022089435,0.5646849798588057
314,02,kamis_retail,kamis_wholesale,79,-0.11223566785709813,0.32472830540053527,-0.2902513243476689,0.009464386514730432,0.6326433000001022,0.04732193257365216
314,02,kamis_retail,coffee_futures,77,-0.24008185741550656,0.035455558526601406,-0.17807399812398686,0.12127429788590717,0.5318333778990211,0.22738930853607595
314,02,kamis_retail,corn_futures,77,0.11079707398202446,0.3374097600000545,0.25269350955045006,0.02660769501857545,0.6326433000001022,0.09977885631965794
314,02,kamis_retail,cotton_futures,77,0.01425818674624663,0.9020478022089435,0.056894591212643654,0.623086610990789,0.9020478022089435,0.623086610990789
314,02,kamis_retail,dow_jones,76,-0.060790749994538,0.6019062698185604,-0.06600587875869568,0.57104876838419,0.8207812770253097,0.611837966125918
314,02,kamis_retail,kosdaq,77,0.09020477685303525,0.43527942997691454,0.09813394330396884,0.39583171581094795,0.7254657166281908,0.5646849798588057
314,02,kamis_retail,kospi,77,-0.044844667299739335,0.6985571569844955,-0.23486417027042292,0.03977566612144277,0.8731964462306193,0.1193269983643283
314,02,kamis_retail,nasdaq,76,0.12165450451684072,0.2951563864170365,0.3539408026478609,0.0017089136745409694,0.6326433000001022,0.02563370511811454
314,02,kamis_retail,orange_juice_futures,76,0.17175544607330226,0.13792498451925767,0.16987955101650196,0.14234392850265812,0.6326433000001022,0.2372398808377635
314,02,kamis_retail,rough_rice_futures,76,0.11809897588057844,0.3096003807955032,0.21567876845336342,0.06132153632511518,0.6326433000001022,0.13140329212524682
314,02,kamis_retail,soybean_futures,77,-0.015930665840981455,0.8906251212007089,0.09079197313179649,0.4322840872652069,0.9020478022089435,0.5646849798588057
314,02,kamis_retail,sp500,76,0.13704204906147385,0.23780779932895132,0.30826440643145614,0.006745304465637994,0.6326433000001022,0.04732193257365216
314,02,kamis_retail,sugar_futures,77,0.062368885352517264,0.5899846926753481,0.0848621894746704,0.46306581189100043,0.8207812770253097,0.5646849798588057
314,02,kamis_retail,usd_krw,79,-0.13485367768206022,0.23604812505939665,-0.21363880018186415,0.058693039758540844,0.6326433000001022,0.13140329212524682
314,02,kamis_retail,wheat_futures,77,0.023631489676286817,0.8383517836108714,0.07995950772577794,0.48939364921096495,0.9020478022089435,0.5646849798588057
315,00,kamis_retail,kamis_wholesale,79,0.9603095969280685,1.898027746596964e-44,0.942048747230271,2.8737609825504656e-38,2.847041619895446e-43,4.310641473825699e-37
315,00,kamis_retail,coffee_futures,77,-0.44246437849457476,5.5977596840820184e-05,-0.14536611016169318,0.2071535503600484,9.329599473470031e-05,0.2824821141273387
315,00,kamis_retail,corn_futures,77,0.7324154065856144,3.7385159303105685e-14,0.6971983779836265,1.8716918845668163e-12,1.8692579651552842e-13,9.358459422834081e-12
315,00,kamis_retail,cotton_futures,77,0.08376817115719667,0.46887283507537103,0.2681573793135695,0.018376395875375033,0.5410071173946589,0.02756459381306255
315,00,kamis_retail,dow_jones,76,-0.35442308095076996,0.0016824452004190206,-0.09766834598850467,0.40127244841866627,0.0022942434551168466,0.40127244841866627
315,00,kamis_retail,kosdaq,77,0.040021914007904356,0.729654491246141,0.1068226633364007,0.3551310218647073,0.729654491246141,0.40127244841866627
315,00,kamis_retail,kospi,77,-0.11578195595179859,0.315985341193871,0.10490337846720128,0.36389110823241094,0.3949816764923388,0.40127244841866627
315,00,kamis_retail,nasdaq,76,0.5555864394921786,1.8937775251976394e-07,0.4447847100209981,5.6853924020120644e-05,4.0580946968520845e-07,0.0001066011075377262
315,00,kamis_retail,orange_juice_futures,76,0.055922488749833035,0.631357581014746,0.09848448597849853,0.39733027072805593,0.6764545510872279,0.40127244841866627
315,00,kamis_retail,rough_rice_futures,76,0.7478468299360325,8.353298706857306e-15,0.6522818002843704,1.7319684587725494e-10,6.26497403014298e-14,4.3299211469313733e-10
315,00,kamis_retail,soybean_futures,77,0.7012472781671197,1.2286103660138533e-12,0.6780662547653478,1.2499051242555221e-11,4.60728887255195e-12,3.7497153727665664e-11
315,00,kamis_retail,sp500,76,0.42988702779397053,0.00010637805413747668,0.4368006235068203,7.982734182083789e-05,0.000159567081206215,0.00013304556970139647
315,00,kamis_retail,sugar_futures,77,0.6124132765851437,3.2446314822826386e-09,0.7324788026079082,3.710226263019518e-14,9.20760201161415e-09,2.7826696972646384e-13
315,00,kamis_retail,usd_krw,79,-0.6043867718084551,3.6830408046456597e-09,-0.6861233066996572,2.9879003636780357e-12,9.20760201161415e-09,1.1204626363792633e-11
315,00,kamis_retail,wheat_futures,77,0.4463144794822938,4.733792504936645e-05,0.5407288615897088,3.8421260143091137e-07,8.875860946756209e-05,8.23312717351953e-07
315,01,kamis_retail,kamis_wholesale,79,0.9603095969280685,1.898027746596964e-44,0.942048747230271,2.8737609825504656e-38,2.847041619895446e-43,4.310641473825699e-37
315,01,kamis_retail,coffee_futures,77,-0.44246437849457476,5.5977596840820184e-05,-0.14536611016169318,0.2071535503600484,9.329599473470031e-05,0.2824821141273387
315,01,kamis_retail,corn_futures,77,0.7324154065856144,3.7385159303105685e-14,0.6971983779836265,1.8716918845668163e-12,1.8692579651552842e-13,9.358459422834081e-12
315,01,kamis_retail,cotton_futures,77,0.08376817115719667,0.46887283507537103,0.2681573793135695,0.018376395875375033,0.5410071173946589,0.02756459381306255
315,01,kamis_retail,dow_jones,76,-0.35442308095076996,0.0016824452004190206,-0.09766834598850467,0.40127244841866627,0.0022942434551168466,0.40127244841866627
315,01,kamis_retail,kosdaq,77,0.040021914007904356,0.729654491246141,0.1068226633364007,0.3551310218647073,0.729654491246141,0.40127244841866627
315,01,kamis_retail,kospi,77,-0.11578195595179859,0.315985341193871,0.10490337846720128,0.36389110823241094,0.3949816764923388,0.40127244841866627
315,01,kamis_retail,nasdaq,76,0.5555864394921786,1.8937775251976394e-07,0.4447847100209981,5.6853924020120644e-05,4.0580946968520845e-07,0.0001066011075377262
315,01,kamis_retail,orange_juice_futures,76,0.055922488749833035,0.631357581014746,0.09848448597849853,0.39733027072805593,0.6764545510872279,0.40127244841866627
315,01,kamis_retail,rough_rice_futures,76,0.7478468299360325,8.353298706857306e-15,0.6522818002843704,1.7319684587725494e-10,6.26497403014298e-14,4.3299211469313733e-10
315,01,kamis_retail,soybean_futures,77,0.7012472781671197,1.2286103660138533e-12,0.6780662547653478,1.2499051242555221e-11,4.60728887255195e-12,3.7497153727665664e-11
315,01,kamis_retail,sp500,76,0.42988702779397053,0.00010637805413747668,0.4368006235068203,7.982734182083789e-05,0.000159567081206215,0.00013304556970139647
315,01,kamis_retail,sugar_futures,77,0.6124132765851437,3.2446314822826386e-09,0.7324788026079082,3.710226263019518e-14,9.20760201161415e-09,2.7826696972646384e-13
315,01,kamis_retail,usd_krw,79,-0.6043867718084551,3.6830408046456597e-09,-0.6861233066996572,2.9879003636780357e-12,9.20760201161415e-09,1.1204626363792633e-11
315,01,kamis_retail,wheat_futures,77,0.4463144794822938,4.733792504936645e-05,0.5407288615897088,3.8421260143091137e-07,8.875860946756209e-05,8.23312717351953e-07
316,00,kamis_retail,kamis_wholesale,79,0.0069267825926466,0.9516889404514481,-0.09756750833962356,0.3923186956590432,0.9516889404514483,0.45267541806812683
316,00,kamis_retail,coffee_futures,77,-0.46881834095801045,1.704974324691446e-05,-0.5062968318653872,2.630835448184882e-06,6.393653717592922e-05,9.865632930693307e-06
316,00,kamis_retail,corn_futures,77,-0.057080605903030227,0.6219489664186181,-0.1147206925437032,0.32047154113389437,0.7576013953003102,0.41510969582216006
316,00,kamis_retail,cotton_futures,77,-0.5828616293979434,2.670872010931176e-08,-0.5997686372460223,8.208423635462162e-09,4.006308016396764e-07,1.2312635453193243e-07
316,00,kamis_retail,dow_jones,76,-0.5336190418774457,6.922008184090957e-07,-0.5443670493519428,3.713876738814371e-07,3.4610040920454785e-06,1.8569383694071856e-06
316,00,kamis_retail,kosdaq,77,0.42918140005463734,9.830802502373983e-05,0.4606809517549625,2.4870870137472066e-05,0.0002949240750712195,7.46126104124162e-05
316,00,kamis_retail,kospi,77,0.5704893113009071,6.074933134772191e-08,0.5554357828316026,1.5793302525192642e-07,4.556199851079143e-07,1.1844976893894482e-06
316,00,kamis_retail,nasdaq,76,0.03336383022451646,0.7747875100661401,-0.0901764291909542,0.4385221377430277,0.8301294750708644,0.4698451475818154
316,00,kamis_retail,orange_juice_futures,76,0.36334319090170825,0.0012550146897155946,0.3641813695081911,0.001220394720698344,0.0031375367242889862,0.0030509868017458597
316,00,kamis_retail,rough_rice_futures,76,-0.06083525379835157,0.6016398549304283,-0.11277069889532974,0.33208775665772805,0.7576013953003102,0.41510969582216006
316,00,kamis_retail,soybean_futures,77,-0.051478562145480494,0.6565878759269356,-0.06981070067043513,0.5463068174781692,0.7576013953003102,0.5463068174781692
316,00,kamis_retail,sp500,76,-0.32278265578619814,0.004457012159762861,-0.3335816968252399,0.0032321956134081036,0.009550740342348986,0.006926133457303079
316,00,kamis_retail,sugar_futures,77,-0.11070009037616933,0.3378354501479878,-0.12910011202544439,0.2631358821220595,0.5067531752219818,0.3947038231830893
316,00,kamis_retail,usd_krw,79,0.2898530679599387,0.009567354769503766,0.21840934583786192,0.05314537026998664,0.015945591282506277,0.0885756171166444
316,00,kamis_retail,wheat_futures,77,-0.31293680467768825,0.005587409664916938,-0.2724021884789391,0.01654182435609373,0.010476393121719258,0.031015920667675747
317,00,kamis_retail,kamis_wholesale,79,0.6924937679493988,1.555099306486073e-12,0.4825537510044072,6.681768296338731e-06,2.3326489597291095e-11,5.011326222254049e-05
317,00,kamis_retail,coffee_futures,77,-0.5601569068076483,1.1763812100160105e-07,-0.6240830813724202,1.3274928563651743e-09,5.881906050080053e-07,1.9912392845477615e-08
317,00,kamis_retail,corn_futures,77,0.488697772202554,6.503254407159306e-06,0.3154621840002474,0.005195875122961064,2.4387204026847397e-05,0.007793812684441596
317,00,kamis_retail,cotton_futures,77,-0.06319509248813576,0.5850585497118599,-0.18271088852783482,0.11172717893781402,0.5850585497118599,0.11970769171908645
317,00,kamis_retail,dow_jones,76,-0.217535261034455,0.05907002931534745,-0.3456125121205764,0.0022291810491868627,0.0805500399754738,0.004179714467225368
317,00,kamis_retail,kosdaq,77,0.38360861915127004,0.0005734967666521615,0.4473248323912186,4.528541182979227e-05,0.0010753064374728028,0.00022642705914896138
317,00,kamis_retail,kospi,77,0.19908452768587434,0.0825979006105531,0.363454712764559,0.0011580621063308105,0.10324737576319137,0.0028951552658270266
317,00,kamis_retail,nasdaq,76,0.5727616085964339,6.429663333047243e-08,0.4059853306935379,0.00027404437678795027,4.822247499785433e-07,0.0010276664129548136
317,00,kamis_retail,orange_juice_futures,76,0.1438131501805664,0.21519369160359816,0.19309302946030732,0.09467911647685287,0.23056466957528374,0.1183488955960661
317,00,kamis_retail,rough_rice_futures,76,0.47668499212479115,1.342283031372384e-05,0.3357965109920157,0.0030217918789821247,4.026849094117152e-05,0.005036319798303541
317,00,kamis_retail,soybean_futures,77,0.37773465056786454,0.0007071432767307152,0.2796568949651637,0.01377019165787663,0.0011785721278845254,0.018777534078922676
317,00,kamis_retail,sp500,76,0.3730540966664647,0.0009034262155944755,0.18817288832387716,0.10355809364770305,0.0013551393233917131,0.11949010805504198
317,00,kamis_retail,sugar_futures,77,0.4589121388565013,2.6964081754087893e-05,0.3514625656708992,0.0017228364851268774,6.741020438521973e-05,0.003691792468129023
317,00,kamis_retail,usd_krw,79,-0.43763503815327626,5.502835057317923e-05,-0.3790696148361955,0.0005709173042329662,0.00011791789408538407,0.0017127519126988987
317,00,kamis_retail,wheat_futures,77,0.1893210318368311,0.09913471445950996,0.1654790707714482,0.15036061039620824,0.11438620899174225,0.15036061039620824
411,01,kamis_retail,online_combined,3,nan,nan,nan,nan,nan,nan
411,01,kamis_retail,online_coupang,3,nan,nan,nan,nan,nan,nan
411,01,kamis_retail,online_naver,2,nan,nan,nan,nan,nan,nan
411,01,kamis_retail,coffee_futures,56,-0.049270777520819486,0.7183896007980971,0.005879236404368595,0.9656981715066848,0.7183896007980971,0.9656981715066848
411,01,kamis_retail,corn_futures,56,0.5746931212754854,3.62247613563465e-06,0.20028715003589373,0.13885988530000765,5.07146658988851e-05,0.32264628374114324
411,01,kamis_retail,cotton_futures,56,0.34307137690579903,0.009639881451680044,0.0903078056996618,0.5080263626246668,0.021478047171681676,0.7112369076745335
411,01,kamis_retail,dow_jones,56,-0.10193537954208284,0.45472548369740795,-0.18974210046889578,0.16132314187057162,0.5305130643136425,0.32264628374114324
411,01,kamis_retail,kosdaq,56,0.3786767966220719,0.004003841192528389,0.5359425751714026,2.073235448058423e-05,0.01121075533907949,0.0002902529627281792
411,01,kamis_retail,kospi,56,0.22301227240181426,0.09851212030885365,0.46265595732795045,0.00033049485627673655,0.12537906221126827,0.0023134639939371556
411,01,kamis_retail,nasdaq,56,0.3322284831502098,0.012363404960354273,0.21763429178264446,0.10712039388610013,0.021478047171681676,0.32264628374114324
411,01,kamis_retail,orange_juice_futures,56,-0.06080327621914373,0.6562042304865041,0.02712449581129429,0.8427012321116231,0.706681478985466,0.9075244038125171
411,01,kamis_retail,rough_rice_futures,56,0.3302561072648033,0.012924208691658678,0.0692030286848603,0.6122978704497101,0.021478047171681676,0.7792881987541764
411,01,kamis_retail,soybean_futures,56,0.4039311218303252,0.0020199617779170158,0.1370239967984539,0.3139220721275466,0.007069866222709555,0.5493636262232066
411,01,kamis_retail,sp500,56,0.25203835212473885,0.06094154670296731,0.04860624515704734,0.7220335012186042,0.08531816538415424,0.8423724180883716
411,01,kamis_retail,sugar_futures,56,0.5064756181128264,6.812266871920316e-05,0.200946960249161,0.13753648878855,0.00047685868103442214,0.32264628374114324
411,01,kamis_retail,usd_krw,58,-0.47556361521087964,0.00016151140814108048,-0.26507063708910833,0.044335918037146246,0.0007537199046583756,0.2069009508400158
411,01,kamis_retail,wheat_futures,56,0.32729445735638235,0.01380731603893822,0.11946395927027785,0.38050316664342815,0.021478047171681676,0.5918938147786661
411,05,kamis_retail,online_combined,3,nan,nan,nan,nan,nan,nan
411,05,kamis_retail,online_coupang,3,nan,nan,nan,nan,nan,nan
411,05,kamis_retail,online_naver,2,nan,nan,nan,nan,nan,nan
411,05,kamis_retail,coffee_futures,56,-0.049270777520819486,0.7183896007980971,0.005879236404368595,0.9656981715066848,0.7183896007980971,0.9656981715066848
411,05,kamis_retail,corn_futures,56,0.5746931212754854,3.62247613563465e-06,0.20028715003589373,0.13885988530000765,5.07146658988851e-05,0.32264628374114324
411,05,kamis_retail,cotton_futures,56,0.34307137690579903,0.009639881451680044,0.0903078056996618,0.5080263626246668,0.021478047171681676,0.7112369076745335
411,05,kamis_retail,dow_jones,56,-0.10193537954208284,0.45472548369740795,-0.18974210046889578,0.16132314187057162,0.5305130643136425,0.32264628374114324
411,05,kamis_retail,kosdaq,56,0.3786767966220719,0.004003841192528389,0.5359425751714026,2.073235448058423e-05,0.01121075533907949,0.0002902529627281792
411,05,kamis_retail,kospi,56,0.22301227240181426,0.09851212030885365,0.46265595732795045,0.00033049485627673655,0.12537906221126827,0.0023134639939371556
411,05,kamis_retail,nasdaq,56,0.3322284831502098,0.012363404960354273,0.21763429178264446,0.10712039388610013,0.021478047171681676,0.32264628374114324
411,05,kamis_retail,orange_juice_futures,56,-0.06080327621914373,0.6562042304865041,0.02712449581129429,0.8427012321116231,0.706681478985466,0.9075244038125171
411,05,kamis_retail,rough_rice_futures,56,0.3302561072648033,0.012924208691658678,0.0692030286848603,0.6122978704497101,0.021478047171681676,0.7792881987541764
411,05,kamis_retail,soybean_futures,56,0.4039311218303252,0.0020199617779170158,0.1370239967984539,0.3139220721275466,0.007069866222709555,0.5493636262232066
411,05,kamis_retail,sp500,56,0.25203835212473885,0.06094154670296731,0.04860624515704734,0.7220335012186042,0.08531816538415424,0.8423724180883716
411,05,kamis_retail,sugar_futures,56,0.5064756181128264,6.812266871920316e-05,0.200946960249161,0.13753648878855,0.00047685868103442214,0.32264628374114324
411,05,kamis_retail,usd_krw,58,-0.47556361521087964,0.00016151140814108048,-0.26507063708910833,0.044335918037146246,0.0007537199046583756,0.2069009508400158
411,05,kamis_retail,wheat_futures,56,0.32729445735638235,0.01380731603893822,0.11946395927027785,0.38050316664342815,0.021478047171681676,0.5918938147786661
411,06,kamis_retail,online_combined,3,nan,nan,nan,nan,nan,nan
411,06,kamis_retail,online_coupang,3,nan,nan,nan,nan,nan,nan
411,06,kamis_retail,online_naver,2,nan,nan,nan,nan,nan,nan
411,06,kamis_retail,coffee_futures,56,-0.049270777520819486,0.7183896007980971,0.005879236404368595,0.9656981715066848,0.7183896007980971,0.9656981715066848
411,06,kamis_retail,corn_futures,56,0.5746931212754854,3.62247613563465e-06,0.20028715003589373,0.13885988530000765,5.07146658988851e-05,0.32264628374114324
411,06,kamis_retail,cotton_futures,56,0.34307137690579903,0.009639881451680044,0.0903078056996618,0.5080263626246668,0.021478047171681676,0.7112369076745335
411,06,kamis_retail,dow_jones,56,-0.10193537954208284,0.45472548369740795,-0.18974210046889578,0.16132314187057162,0.5305130643136425,0.32264628374114324
411,06,kamis_retail,kosdaq,56,0.3786767966220719,0.004003841192528389,0.5359425751714026,2.073235448058423e-05,0.01121075533907949,0.0002902529627281792
411,06,kamis_retail,kospi,56,0.22301227240181426,0.09851212030885365,0.46265595732795045,0.00033049485627673655,0.12537906221126827,0.0023134639939371556
411,06,kamis_retail,nasdaq,56,0.3322284831502098,0.012363404960354273,0.21763429178264446,0.10712039388610013,0.021478047171681676,0.32264628374114324
411,06,kamis_retail,orange_juice_futures,56,-0.06080327621914373,0.6562042304865041,0.02712449581129429,0.8427012321116231,0.706681478985466,0.9075244038125171
411,06,kamis_retail,rough_rice_futures,56,0.3302561072648033,0.012924208691658678,0.0692030286848603,0.6122978704497101,0.021478047171681676,0.7792881987541764
411,06,kamis_retail,soybean_futures,56,0.4039311218303252,0.0020199617779170158,0.1370239967984539,0.3139220721275466,0.007069866222709555,0.5493636262232066
411,06,kamis_retail,sp500,56,0.25203835212473885,0.06094154670296731,0.04860624515704734,0.7220335012186042,0.08531816538415424,0.8423724180883716
411,06,kamis_retail,sugar_futures,56,0.5064756181128264,6.812266871920316e-05,0.200946960249161,0.13753648878855,0.00047685868103442214,0.32264628374114324
411,06,kamis_retail,usd_krw,58,-0.47556361521087964,0.00016151140814108048,-0.26507063708910833,0.044335918037146246,0.0007537199046583756,0.2069009508400158
411,06,kamis_retail,wheat_futures,56,0.32729445735638235,0.01380731603893822,0.11946395927027785,0.38050316664342815,0.021478047171681676,0.5918938147786661
411,07,kamis_retail,online_combined,3,nan,nan,nan,nan,nan,nan
411,07,kamis_retail,online_coupang,3,nan,nan,nan,nan,nan,nan
411,07,kamis_retail,online_naver,2,nan,nan,nan,nan,nan,nan
411,07,kamis_retail,coffee_futures,56,-0.049270777520819486,0.7183896007980971,0.005879236404368595,0.9656981715066848,0.7183896007980971,0.9656981715066848
411,07,kamis_retail,corn_futures,56,0.5746931212754854,3.62247613563465e-06,0.20028715003589373,0.13885988530000765,5.07146658988851e-05,0.32264628374114324
411,07,kamis_retail,cotton_futures,56,0.34307137690579903,0.009639881451680044,0.0903078056996618,0.5080263626246668,0.021478047171681676,0.7112369076745335
411,07,kamis_retail,dow_jones,56,-0.10193537954208284,0.45472548369740795,-0.18974210046889578,0.16132314187057162,0.5305130643136425,0.32264628374114324
411,07,kamis_retail,kosdaq,56,0.3786767966220719,0.004003841192528389,0.5359425751714026,2.073235448058423e-05,0.01121075533907949,0.0002902529627281792
411,07,kamis_retail,kospi,56,0.22301227240181426,0.09851212030885365,0.46265595732795045,0.00033049485627673655,0.12537906221126827,0.0023134639939371556
411,07,kamis_retail,nasdaq,56,0.3322284831502098,0.012363404960354273,0.21763429178264446,0.10712039388610013,0.021478047171681676,0.32264628374114324
411,07,kamis_retail,orange_juice_futures,56,-0.06080327621914373,0.6562042304865041,0.02712449581129429,0.8427012321116231,0.706681478985466,0.9075244038125171
411,07,kamis_retail,rough_rice_futures,56,0.3302561072648033,0.012924208691658678,0.0692030286848603,0.6122978704497101,0.021478047171681676,0.7792881987541764
411,07,kamis_retail,soybean_futures,56,0.4039311218303252,0.0020199617779170158,0.1370239967984539,0.3139220721275466,0.007069866222709555,0.5493636262232066
411,07,kamis_retail,sp500,56,0.25203835212473885,0.06094154670296731,0.04860624515704734,0.7220335012186042,0.08531816538415424,0.8423724180883716
411,07,kamis_retail,sugar_futures,56,0.5064756181128264,6.812266871920316e-05,0.200946960249161,0.13753648878855,0.00047685868103442214,0.32264628374114324
411,07,kamis_retail,usd_krw,58,-0.47556361521087964,0.00016151140814108048,-0.26507063708910833,0.044335918037146246,0.0007537199046583756,0.2069009508400158
411,07,kamis_retail,wheat_futures,56,0.32729445735638235,0.01380731603893822,0.11946395927027785,0.38050316664342815,0.021478047171681676,0.5918938147786661
411,08,kamis_retail,online_combined,3,nan,nan,nan,nan,nan,nan
411,08,kamis_retail,online_coupang,3,nan,nan,nan,nan,nan,nan
411,08,kamis_retail,online_naver,2,nan,nan,nan,nan,nan,nan
411,08,kamis_retail,coffee_futures,56,-0.049270777520819486,0.7183896007980971,0.005879236404368595,0.9656981715066848,0.7183896007980971,0.9656981715066848
411,08,kamis_retail,corn_futures,56,0.5746931212754854,3.62247613563465e-06,0.20028715003589373,0.13885988530000765,5.07146658988851e-05,0.32264628374114324
411,08,kamis_retail,cotton_futures,56,0.34307137690579903,0.009639881451680044,0.0903078056996618,0.5080263626246668,0.021478047171681676,0.7112369076745335
411,08,kamis_retail,dow_jones,56,-0.10193537954208284,0.45472548369740795,-0.18974210046889578,0.16132314187057162,0.5305130643136425,0.32264628374114324
411,08,kamis_retail,kosdaq,56,0.3786767966220719,0.004003841192528389,0.5359425751714026,2.073235448058423e-05,0.01121075533907949,0.0002902529627281792
411,08,kamis_retail,kospi,56,0.22301227240181426,0.09851212030885365,0.46265595732795045,0.00033049485627673655,0.12537906221126827,0.0023134639939371556
411,08,kamis_retail,nasdaq,56,0.3322284831502098,0.012363404960354273,0.21763429178264446,0.10712039388610013,0.021478047171681676,0.32264628374114324
411,08,kamis_retail,orange_juice_futures,56,-0.06080327621914373,0.6562042304865041,0.02712449581129429,0.8427012321116231,0.706681478985466,0.9075244038125171
411,08,kamis_retail,rough_rice_futures,56,0.3302561072648033,0.012924208691658678,0.0692030286848603,0.6122978704497101,0.021478047171681676,0.7792881987541764
411,08,kamis_retail,soybean_futures,56,0.4039311218303252,0.0020199617779170158,0.1370239967984539,0.3139220721275466,0.007069866222709555,0.5493636262232066
411,08,kamis_retail,sp500,56,0.25203835212473885,0.06094154670296731,0.04860624515704734,0.7220335012186042,0.08531816538415424,0.8423724180883716
411,08,kamis_retail,sugar_futures,56,0.5064756181128264,6.812266871920316e-05,0.200946960249161,0.13753648878855,0.00047685868103442214,0.32264628374114324
411,08,kamis_retail,usd_krw,58,-0.47556361521087964,0.00016151140814108048,-0.26507063708910833,0.044335918037146246,0.0007537199046583756,0.2069009508400158
411,08,kamis_retail,wheat_futures,56,0.32729445735638235,0.01380731603893822,0.11946395927027785,0.38050316664342815,0.021478047171681676,0.5918938147786661
412,01,kamis_retail,online_combined,6,-0.3384472633715685,0.5117130881448892,0.3592106040535498,0.4843589716005489,0.5117130881448892,0.5166495697072522
412,01,kamis_retail,online_coupang,6,-0.3384472633715685,0.5117130881448892,0.3592106040535498,0.4843589716005489,0.5117130881448892,0.5166495697072522
412,01,kamis_retail,online_naver,3,nan,nan,nan,nan,nan,nan
412,01,kamis_retail,coffee_futures,68,0.6242980436166022,1.280672705494256e-08,0.5456107207021649,1.4965759064445598e-06,2.0490763287908095e-07,7.981738167704318e-06
412,01,kamis_retail,corn_futures,68,-0.5586138919221526,7.407700531309502e-07,-0.20074257190403838,0.10070793649205498,5.926160425047602e-06,0.16113269838728797
412,01,kamis_retail,cotton_futures,68,0.1241095227221425,0.31327963202508763,0.12936045139136287,0.2930832093385195,0.35803386517152874,0.39077761245135934
412,01,kamis_retail,dow_jones,67,0.4342687015928057,0.00024092781745764513,0.3743888574089593,0.001801198874316035,0.00048185563491529027,0.004803196998176094
412,01,kamis_retail,kosdaq,68,-0.353620851073215,0.0030945342995113327,-0.6402733503753029,4.11837718781961e-09,0.00550139431024237,6.589403500511377e-08
412,01,kamis_retail,kospi,68,-0.14159098759588434,0.24942136453078306,-0.37625746852446473,0.0015655538299495593,0.3325618193743774,0.004803196998176094
412,01,kamis_retail,nasdaq,67,-0.510927989548747,9.970665055232955e-06,-0.5607551246304437,8.002515373208199e-07,3.08607441600718e-05,6.402012298566559e-06
412,01,kamis_retail,orange_juice_futures,67,-0.12736902489773808,0.3043587156078183,-0.23411961927669886,0.056535883538705575,0.35803386517152874,0.10050823740214325
412,01,kamis_retail,rough_rice_futures,67,-0.5278691697326618,4.422546900277751e-06,-0.19022151282363117,0.12311155116853705,2.358691680148134e-05,0.1790713471542357
412,01,kamis_retail,soybean_futures,68,-0.5043780438358527,1.1572779060026926e-05,-0.12185158678342567,0.32223297144387086,3.08607441600718e-05,0.39659442639245646
412,01,kamis_retail,sp500,67,-0.2888126978978168,0.017773793804295956,-0.29803835538632306,0.014301970253118822,0.02843807008687353,0.028603940506237643
412,01,kamis_retail,sugar_futures,68,-0.5117441431231805,8.18739068297092e-06,-0.3404346707005147,0.004502455254797868,3.08607441600718e-05,0.010291326296680841
412,01,kamis_retail,usd_krw,70,0.4917918129674101,1.535033797247439e-05,0.3668198000521844,0.0017875800662264262,3.508648679422718e-05,0.004803196998176094
412,01,kamis_retail,wheat_futures,68,-0.2622557503159725,0.03073462688543354,-0.07107267636648436,0.5646533158209663,0.044704911833357876,0.5646533158209663
412,02,kamis_retail,online_combined,6,-0.3384472633715685,0.5117130881448892,0.3592106040535498,0.4843589716005489,0.5117130881448892,0.5166495697072522
412,02,kamis_retail,online_coupang,6,-0.3384472633715685,0.5117130881448892,0.3592106040535498,0.4843589716005489,0.5117130881448892,0.5166495697072522
412,02,kamis_retail,online_naver,3,nan,nan,nan,nan,nan,nan
412,02,kamis_retail,coffee_futures,68,0.6242980436166022,1.280672705494256e-08,0.5456107207021649,1.4965759064445598e-06,2.0490763287908095e-07,7.981738167704318e-06
412,02,kamis_retail,corn_futures,68,-0.5586138919221526,7.407700531309502e-07,-0.20074257190403838,0.10070793649205498,5.926160425047602e-06,0.16113269838728797
412,02,kamis_retail,cotton_futures,68,0.1241095227221425,0.31327963202508763,0.12936045139136287,0.2930832093385195,0.35803386517152874,0.39077761245135934
412,02,kamis_retail,dow_jones,67,0.4342687015928057,0.00024092781745764513,0.3743888574089593,0.001801198874316035,0.00048185563491529027,0.004803196998176094
412,02,kamis_retail,kosdaq,68,-0.353620851073215,0.0030945342995113327,-0.6402733503753029,4.11837718781961e-09,0.00550139431024237,6.589403500511377e-08
412,02,kamis_retail,kospi,68,-0.14159098759588434,0.24942136453078306,-0.37625746852446473,0.0015655538299495593,0.3325618193743774,0.004803196998176094
412,02,kamis_retail,nasdaq,67,-0.510927989548747,9.970665055232955e-06,-0.5607551246304437,8.002515373208199e-07,3.08607441600718e-05,6.402012298566559e-06
412,02,kamis_retail,orange_juice_futures,67,-0.12736902489773808,0.3043587156078183,-0.23411961927669886,0.056535883538705575,0.35803386517152874,0.10050823740214325
412,02,kamis_retail,rough_rice_futures,67,-0.5278691697326618,4.422546900277751e-06,-0.19022151282363117,0.12311155116853705,2.358691680148134e-05,0.1790713471542357
412,02,kamis_retail,soybean_futures,68,-0.5043780438358527,1.1572779060026926e-05,-0.12185158678342567,0.32223297144387086,3.08607441600718e-05,0.39659442639245646
412,02,kamis_retail,sp500,67,-0.2888126978978168,0.017773793804295956,-0.29803835538632306,0.014301970253118822,0.02843807008687353,0.028603940506237643
412,02,kamis_retail,sugar_futures,68,-0.5117441431231805,8.18739068297092e-06,-0.3404346707005147,0.004502455254797868,3.08607441600718e-05,0.010291326296680841
412,02,kamis_retail,usd_krw,70,0.4917918129674101,1.535033797247439e-05,0.3668198000521844,0.0017875800662264262,3.508648679422718e-05,0.004803196998176094
412,02,kamis_retail,wheat_futures,68,-0.2622557503159725,0.03073462688543354,-0.07107267636648436,0.5646533158209663,0.044704911833357876,0.5646533158209663
412,03,kamis_retail,online_combined,6,-0.3384472633715685,0.5117130881448892,0.3592106040535498,0.4843589716005489,0.5117130881448892,0.5166495697072522
412,03,kamis_retail,online_coupang,6,-0.3384472633715685,0.5117130881448892,0.3592106040535498,0.4843589716005489,0.5117130881448892,0.5166495697072522
412,03,kamis_retail,online_naver,3,nan,nan,nan,nan,nan,nan
412,03,kamis_retail,coffee_futures,68,0.6242980436166022,1.280672705494256e-08,0.5456107207021649,1.4965759064445598e-06,2.0490763287908095e-07,7.981738167704318e-06
412,03,kamis_retail,corn_futures,68,-0.5586138919221526,7.407700531309502e-07,-0.20074257190403838,0.10070793649205498,5.926160425047602e-06,0.16113269838728797
412,03,kamis_retail,cotton_futures,68,0.1241095227221425,0.31327963202508763,0.12936045139136287,0.2930832093385195,0.35803386517152874,0.39077761245135934
412,03,kamis_retail,dow_jones,67,0.4342687015928057,0.00024092781745764513,0.3743888574089593,0.001801198874316035,0.00048185563491529027,0.004803196998176094
412,03,kamis_retail,kosdaq,68,-0.353620851073215,0.0030945342995113327,-0.6402733503753029,4.11837718781961e-09,0.00550139431024237,6.589403500511377e-08
412,03,kamis_retail,kospi,68,-0.14159098759588434,0.24942136453078306,-0.37625746852446473,0.0015655538299495593,0.3325618193743774,0.004803196998176094
412,03,kamis_retail,nasdaq,67,-0.510927989548747,9.970665055232955e-06,-0.5607551246304437,8.002515373208199e-07,3.08607441600718e-05,6.402012298566559e-06
412,03,kamis_retail,orange_juice_futures,67,-0.12736902489773808,0.3043587156078183,-0.23411961927669886,0.056535883538705575,0.35803386517152874,0.10050823740214325
412,03,kamis_retail,rough_rice_futures,67,-0.5278691697326618,4.422546900277751e-06,-0.19022151282363117,0.12311155116853705,2.358691680148134e-05,0.1790713471542357
412,03,kamis_retail,soybean_futures,68,-0.5043780438358527,1.1572779060026926e-05,-0.12185158678342567,0.32223297144387086,3.08607441600718e-05,0.39659442639245646
412,03,kamis_retail,sp500,67,-0.2888126978978168,0.017773793804295956,-0.29803835538632306,0.014301970253118822,0.02843807008687353,0.028603940506237643
412,03,kamis_retail,sugar_futures,68,-0.5117441431231805,8.18739068297092e-06,-0.3404346707005147,0.004502455254797868,3.08607441600718e-05,0.010291326296680841
412,03,kamis_retail,usd_krw,70,0.4917918129674101,1.535033797247439e-05,0.3668198000521844,0.0017875800662264262,3.508648679422718e-05,0.004803196998176094
412,03,kamis_retail,wheat_futures,68,-0.2622557503159725,0.03073462688543354,-0.07107267636648436,0.5646533158209663,0.044704911833357876,0.5646533158209663
412,04,kamis_retail,online_combined,6,-0.3384472633715685,0.5117130881448892,0.3592106040535498,0.4843589716005489,0.5117130881448892,0.5166495697072522
412,04,kamis_retail,online_coupang,6,-0.3384472633715685,0.5117130881448892,0.3592106040535498,0.4843589716005489,0.5117130881448892,0.5166495697072522
412,04,kamis_retail,online_naver,3,nan,nan,nan,nan,nan,nan
412,04,kamis_retail,coffee_futures,68,0.6242980436166022,1.280672705494256e-08,0.5456107207021649,1.4965759064445598e-06,2.0490763287908095e-07,7.981738167704318e-06
412,04,kamis_retail,corn_futures,68,-0.5586138919221526,7.407700531309502e-07,-0.20074257190403838,0.10070793649205498,5.926160425047602e-06,0.16113269838728797
412,04,kamis_retail,cotton_futures,68,0.1241095227221425,0.31327963202508763,0.12936045139136287,0.2930832093385195,0.35803386517152874,0.39077761245135934
412,04,kamis_retail,dow_jones,67,0.4342687015928057,0.00024092781745764513,0.3743888574089593,0.001801198874316035,0.00048185563491529027,0.004803196998176094
412,04,kamis_retail,kosdaq,68,-0.353620851073215,0.0030945342995113327,-0.6402733503753029,4.11837718781961e-09,0.00550139431024237,6.589403500511377e-08
412,04,kamis_retail,kospi,68,-0.14159098759588434,0.24942136453078306,-0.37625746852446473,0.0015655538299495593,0.3325618193743774,0.004803196998176094
412,04,kamis_retail,nasdaq,67,-0.510927989548747,9.970665055232955e-06,-0.5607551246304437,8.002515373208199e-07,3.08607441600718e-05,6.402012298566559e-06
412,04,kamis_retail,orange_juice_futures,67,-0.12736902489773808,0.3043587156078183,-0.23411961927669886,0.056535883538705575,0.35803386517152874,0.10050823740214325
412,04,kamis_retail,rough_rice_futures,67,-0.5278691697326618,4.422546900277751e-06,-0.19022151282363117,0.12311155116853705,2.358691680148134e-05,0.1790713471542357
412,04,kamis_retail,soybean_futures,68,-0.5043780438358527,1.1572779060026926e-05,-0.12185158678342567,0.32223297144387086,3.08607441600718e-05,0.39659442639245646
412,04,kamis_retail,sp500,67,-0.2888126978978168,0.017773793804295956,-0.29803835538632306,0.014301970253118822,0.02843807008687353,0.028603940506237643
412,04,kamis_retail,sugar_futures,68,-0.5117441431231805,8.18739068297092e-06,-0.3404346707005147,0.004502455254797868,3.08607441600718e-05,0.010291326296680841
412,04,kamis_retail,usd_krw,70,0.4917918129674101,1.535033797247439e-05,0.3668198000521844,0.0017875800662264262,3.508648679422718e-05,0.004803196998176094
412,04,kamis_retail,wheat_futures,68,-0.2622557503159725,0.03073462688543354,-0.07107267636648436,0.5646533158209663,0.044704911833357876,0.5646533158209663
413,01,kamis_retail,kamis_wholesale,47,0.5305312036530528,0.00012508465162177886,0.566005000836865,3.3768883439756536e-05,0.00031271162905444717,0.0001428185428306398
413,01,kamis_retail,coffee_futures,59,-0.5422216741265478,9.174293390639561e-06,-0.35189244498443284,0.006273779129220025,4.5871466953197804e-05,0.01045629854870004
413,01,kamis_retail,corn_futures,59,0.5278568525989715,1.7364826036592448e-05,0.4802759508951453,0.00011831419006976981,6.511809763722168e-05,0.0003242681322650211
413,01,kamis_retail,cotton_futures,59,-0.2862835245499942,0.027937091455632956,-0.13847322913531865,0.29559587271309057,0.034921364319541195,0.31670986362116843
413,01,kamis_retail,dow_jones,59,-0.44920386865891226,0.0003586134586379725,-0.33457542503052157,0.009596261430335096,0.0007684574113670839,0.01308581104136604
413,01,kamis_retail,kosdaq,59,0.4004910817890932,0.0016716913102966015,0.39597825451569524,0.0019062960792464096,0.002887161557004377,0.003574305148587018
413,01,kamis_retail,kospi,59,0.553400588069027,5.469506456705061e-06,0.5250482258724498,1.9605940929575387e-05,4.102129842528796e-05,0.0001428185428306398
413,01,kamis_retail,nasdaq,59,0.3956442852068653,0.0019247743713362514,0.33746876597025094,0.008952794495765344,0.002887161557004377,0.01308581104136604
413,01,kamis_retail,orange_juice_futures,59,0.11773771538083619,0.37448418380961634,0.05019654839620798,0.7057607998646169,0.37448418380961634,0.7057607998646169
413,01,kamis_retail,rough_rice_futures,59,0.5104225000522825,3.6265561277674545e-05,0.4778097650395377,0.00012970725290600843,0.00010879668383302363,0.0003242681322650211
413,01,kamis_retail,soybean_futures,59,0.6089384418105613,3.0985624833697103e-07,0.6028320094469501,4.3641022757626087e-07,4.647843725054566e-06,6.546153413643913e-06
413,01,kamis_retail,sp500,59,0.14752155119696939,0.26484887505561233,0.1496646358823638,0.2578929371721114,0.2837666518452989,0.29756877366012857
413,01,kamis_retail,sugar_futures,59,0.39671669373758356,0.00186600047039397,0.509229083426959,3.808494475483728e-05,0.002887161557004377,0.0001428185428306398
413,01,kamis_retail,usd_krw,61,-0.30081858595874805,0.01848725760927432,-0.4617480374315611,0.00017982700591150674,0.025209896739919524,0.0003853435840960859
413,01,kamis_retail,wheat_futures,59,0.1700026926229834,0.19800029464108476,0.3024071572804418,0.01991587379999904,0.22846187843202087,0.0248948422499988
413,04,kamis_retail,kamis_wholesale,47,0.5305312036530528,0.00012508465162177886,0.566005000836865,3.3768883439756536e-05,0.00031271162905444717,0.0001428185428306398
413,04,kamis_retail,coffee_futures,59,-0.5422216741265478,9.174293390639561e-06,-0.35189244498443284,0.006273779129220025,4.5871466953197804e-05,0.01045629854870004
413,04,kamis_retail,corn_futures,59,0.5278568525989715,1.7364826036592448e-05,0.4802759508951453,0.00011831419006976981,6.511809763722168e-05,0.0003242681322650211
413,04,kamis_retail,cotton_futures,59,-0.2862835245499942,0.027937091455632956,-0.13847322913531865,0.29559587271309057,0.034921364319541195,0.31670986362116843
413,04,kamis_retail,dow_jones,59,-0.44920386865891226,0.0003586134586379725,-0.33457542503052157,0.009596261430335096,0.0007684574113670839,0.01308581104136604
413,04,kamis_retail,kosdaq,59,0.4004910817890932,0.0016716913102966015,0.39597825451569524,0.0019062960792464096,0.002887161557004377,0.003574305148587018
413,04,kamis_retail,kospi,59,0.553400588069027,5.469506456705061e-06,0.5250482258724498,1.9605940929575387e-05,4.102129842528796e-05,0.0001428185428306398
413,04,kamis_retail,nasdaq,59,0.3956442852068653,0.0019247743713362514,0.33746876597025094,0.008952794495765344,0.002887161557004377,0.01308581104136604
413,04,kamis_retail,orange_juice_futures,59,0.11773771538083619,0.37448418380961634,0.05019654839620798,0.7057607998646169,0.37448418380961634,0.7057607998646169
413,04,kamis_retail,rough_rice_futures,59,0.5104225000522825,3.6265561277674545e-05,0.4778097650395377,0.00012970725290600843,0.00010879668383302363,0.0003242681322650211
413,04,kamis_retail,soybean_futures,59,0.6089384418105613,3.0985624833697103e-07,0.6028320094469501,4.3641022757626087e-07,4.647843725054566e-06,6.546153413643913e-06
413,04,kamis_retail,sp500,59,0.14752155119696939,0.26484887505561233,0.1496646358823638,0.2578929371721114,0.2837666518452989,0.29756877366012857
413,04,kamis_retail,sugar_futures,59,0.39671669373758356,0.00186600047039397,0.509229083426959,3.808494475483728e-05,0.002887161557004377,0.0001428185428306398
413,04,kamis_retail,usd_krw,61,-0.30081858595874805,0.01848725760927432,-0.4617480374315611,0.00017982700591150674,0.025209896739919524,0.0003853435840960859
413,04,kamis_retail,wheat_futures,59,0.1700026926229834,0.19800029464108476,0.3024071572804418,0.01991587379999904,0.22846187843202087,0.0248948422499988
413,05,kamis_retail,kamis_wholesale,47,0.5305312036530528,0.00012508465162177886,0.566005000836865,3.3768883439756536e-05,0.00031271162905444717,0.0001428185428306398
413,05,kamis_retail,coffee_futures,59,-0.5422216741265478,9.174293390639561e-06,-0.35189244498443284,0.006273779129220025,4.5871466953197804e-05,0.01045629854870004
413,05,kamis_retail,corn_futures,59,0.5278568525989715,1.7364826036592448e-05,0.4802759508951453,0.00011831419006976981,6.511809763722168e-05,0.0003242681322650211
413,05,kamis_retail,cotton_futures,59,-0.2862835245499942,0.027937091455632956,-0.13847322913531865,0.29559587271309057,0.034921364319541195,0.31670986362116843
413,05,kamis_retail,dow_jones,59,-0.44920386865891226,0.0003586134586379725,-0.33457542503052157,0.009596261430335096,0.0007684574113670839,0.01308581104136604
413,05,kamis_retail,kosdaq,59,0.4004910817890932,0.0016716913102966015,0.39597825451569524,0.0019062960792464096,0.002887161557004377,0.003574305148587018
413,05,kamis_retail,kospi,59,0.553400588069027,5.469506456705061e-06,0.5250482258724498,1.9605940929575387e-05,4.102129842528796e-05,0.0001428185428306398
413,05,kamis_retail,nasdaq,59,0.3956442852068653,0.0019247743713362514,0.33746876597025094,0.008952794495765344,0.002887161557004377,0.01308581104136604
413,05,kamis_retail,orange_juice_futures,59,0.11773771538083619,0.37448418380961634,0.05019654839620798,0.7057607998646169,0.37448418380961634,0.7057607998646169
413,05,kamis_retail,rough_rice_futures,59,0.5104225000522825,3.6265561277674545e-05,0.4778097650395377,0.00012970725290600843,0.00010879668383302363,0.0003242681322650211
413,05,kamis_retail,soybean_futures,59,0.6089384418105613,3.0985624833697103e-07,0.6028320094469501,4.3641022757626087e-07,4.647843725054566e-06,6.546153413643913e-06
413,05,kamis_retail,sp500,59,0.14752155119696939,0.26484887505561233,0.1496646358823638,0.2578929371721114,0.2837666518452989,0.29756877366012857
413,05,kamis_retail,sugar_futures,59,0.39671669373758356,0.00186600047039397,0.509229083426959,3.808494475483728e-05,0.002887161557004377,0.0001428185428306398
413,05,kamis_retail,usd_krw,61,-0.30081858595874805,0.01848725760927432,-0.4617480374315611,0.00017982700591150674,0.025209896739919524,0.0003853435840960859
413,05,kamis_retail,wheat_futures,59,0.1700026926229834,0.19800029464108476,0.3024071572804418,0.01991587379999904,0.22846187843202087,0.0248948422499988
414,01,kamis_retail,kamis_wholesale,59,0.9641450818443169,1.5757420386388893e-34,0.9734487396923798,3.417763187160057e-38,2.363613057958334e-33,5.1266447807400855e-37
414,01,kamis_retail,coffee_futures,57,0.2899565837457563,0.028679569867488163,0.47189044802842633,0.00021083337552455292,0.035849462334360205,0.00031625006328682935
414,01,kamis_retail,corn_futures,57,-0.788187312931608,3.417123109731904e-13,-0.8799014536586098,2.0377855055124452e-19,1.281421166149464e-12,7.641695645671669e-19
414,01,kamis_retail,cotton_futures,57,-0.37331702474738215,0.004233278542336218,-0.1760987946135004,0.1900846302658794,0.005772652557731206,0.20366210385629938
414,01,kamis_retail,dow_jones,56,-0.010512581314905164,0.9387057149231904,0.25447336582233976,0.05840558283173966,0.9528324843505682,0.06739105711354576
414,01,kamis_retail,kosdaq,57,-0.5203790139868206,3.336246124069417e-05,-0.5282333873581849,2.4086782661218335e-05,5.004369186104125e-05,4.014463776869723e-05
414,01,kamis_retail,kospi,57,-0.21013542118463385,0.11666806061368055,-0.38294975688816857,0.0032807650097522187,0.13461699301578525,0.004100956262190273
414,01,kamis_retail,nasdaq,56,-0.5793450024749962,2.8937116174766386e-06,-0.5949447153127799,1.327663531081445e-06,5.425709282768698e-06,2.4893691207777093e-06
414,01,kamis_retail,orange_juice_futures,56,-0.008086538265363784,0.9528324843505682,-0.05809064820792984,0.6706432010816679,0.9528324843505682,0.670643201081668
414,01,kamis_retail,rough_rice_futures,56,-0.7720022157699187,3.263349251703409e-12,-0.9038471410420884,1.465418789935657e-21,9.790047755110227e-12,7.327093949678285e-21
414,01,kamis_retail,soybean_futures,57,-0.6070785803113343,5.542997762547109e-07,-0.7884936416778301,3.2980846292145883e-13,1.1877852348315234e-06,8.24521157303647e-13
414,01,kamis_retail,sp500,56,-0.6235964567263919,2.8374616516665246e-07,-0.4358005929126706,0.0007873693503329047,7.093654129166312e-07,0.0010736854777266883
414,01,kamis_retail,sugar_futures,57,-0.8675259601671909,2.55541059188749e-18,-0.7980356246692357,1.0605397977052023e-13,1.277705295943745e-17,3.1816193931156067e-13
414,01,kamis_retail,usd_krw,59,0.9423438063557837,8.87910207926327e-29,0.898431718659698,4.940082241573067e-22,6.659326559447453e-28,3.7050616811798e-21
414,01,kamis_retail,wheat_futures,57,-0.5452066561950966,1.158109025974435e-05,-0.6847139010368529,4.264554026615537e-09,1.9301817099573916e-05,9.138330057033292e-09
414,02,kamis_retail,kamis_wholesale,59,0.9641450818443169,1.5757420386388893e-34,0.9734487396923798,3.417763187160057e-38,2.363613057958334e-33,5.1266447807400855e-37
414,02,kamis_retail,coffee_futures,57,0.2899565837457563,0.028679569867488163,0.47189044802842633,0.00021083337552455292,0.035849462334360205,0.00031625006328682935
414,02,kamis_retail,corn_futures,57,-0.788187312931608,3.417123109731904e-13,-0.8799014536586098,2.0377855055124452e-19,1.281421166149464e-12,7.641695645671669e-19
414,02,kamis_retail,cotton_futures,57,-0.37331702474738215,0.004233278542336218,-0.1760987946135004,0.1900846302658794,0.005772652557731206,0.20366210385629938
414,02,kamis_retail,dow_jones,56,-0.010512581314905164,0.9387057149231904,0.25447336582233976,0.05840558283173966,0.9528324843505682,0.06739105711354576
414,02,kamis_retail,kosdaq,57,-0.5203790139868206,3.336246124069417e-05,-0.5282333873581849,2.4086782661218335e-05,5.004369186104125e-05,4.014463776869723e-05
414,02,kamis_retail,kospi,57,-0.21013542118463385,0.11666806061368055,-0.38294975688816857,0.0032807650097522187,0.13461699301578525,0.004100956262190273
414,02,kamis_retail,nasdaq,56,-0.5793450024749962,2.8937116174766386e-06,-0.5949447153127799,1.327663531081445e-06,5.425709282768698e-06,2.4893691207777093e-06
414,02,kamis_retail,orange_juice_futures,56,-0.008086538265363784,0.9528324843505682,-0.05809064820792984,0.6706432010816679,0.9528324843505682,0.670643201081668
414,02,kamis_retail,rough_rice_futures,56,-0.7720022157699187,3.263349251703409e-12,-0.9038471410420884,1.465418789935657e-21,9.790047755110227e-12,7.327093949678285e-21
414,02,kamis_retail,soybean_futures,57,-0.6070785803113343,5.542997762547109e-07,-0.7884936416778301,3.2980846292145883e-13,1.1877852348315234e-06,8.24521157303647e-13
414,02,kamis_retail,sp500,56,-0.6235964567263919,2.8374616516665246e-07,-0.4358005929126706,0.0007873693503329047,7.093654129166312e-07,0.0010736854777266883
414,02,kamis_retail,sugar_futures,57,-0.8675259601671909,2.55541059188749e-18,-0.7980356246692357,1.0605397977052023e-13,1.277705295943745e-17,3.1816193931156067e-13
414,02,kamis_retail,usd_krw,59,0.9423438063557837,8.87910207926327e-29,0.898431718659698,4.940082241573067e-22,6.659326559447453e-28,3.7050616811798e-21
414,02,kamis_retail,wheat_futures,57,-0.5452066561950966,1.158109025974435e-05,-0.6847139010368529,4.264554026615537e-09,1.9301817099573916e-05,9.138330057033292e-09
414,12,kamis_retail,kamis_wholesale,59,0.9641450818443169,1.5757420386388893e-34,0.9734487396923798,3.417763187160057e-38,2.363613057958334e-33,5.1266447807400855e-37
414,12,kamis_retail,coffee_futures,57,0.2899565837457563,0.028679569867488163,0.47189044802842633,0.00021083337552455292,0.035849462334360205,0.00031625006328682935
414,12,kamis_retail,corn_futures,57,-0.788187312931608,3.417123109731904e-13,-0.8799014536586098,2.0377855055124452e-19,1.281421166149464e-12,7.641695645671669e-19
414,12,kamis_retail,cotton_futures,57,-0.37331702474738215,0.004233278542336218,-0.1760987946135004,0.1900846302658794,0.005772652557731206,0.20366210385629938
414,12,kamis_retail,dow_jones,56,-0.010512581314905164,0.9387057149231904,0.25447336582233976,0.05840558283173966,0.9528324843505682,0.06739105711354576
414,12,kamis_retail,kosdaq,57,-0.5203790139868206,3.336246124069417e-05,-0.5282333873581849,2.4086782661218335e-05,5.004369186104125e-05,4.014463776869723e-05
414,12,kamis_retail,kospi,57,-0.21013542118463385,0.11666806061368055,-0.38294975688816857,0.0032807650097522187,0.13461699301578525,0.004100956262190273
414,12,kamis_retail,nasdaq,56,-0.5793450024749962,2.8937116174766386e-06,-0.5949447153127799,1.327663531081445e-06,5.425709282768698e-06,2.4893691207777093e-06
414,12,kamis_retail,orange_juice_futures,56,-0.008086538265363784,0.9528324843505682,-0.05809064820792984,0.6706432010816679,0.9528324843505682,0.670643201081668
414,12,kamis_retail,rough_rice_futures,56,-0.7720022157699187,3.263349251703409e-12,-0.9038471410420884,1.465418789935657e-21,9.790047755110227e-12,7.327093949678285e-21
414,12,kamis_retail,soybean_futures,57,-0.6070785803113343,5.542997762547109e-07,-0.7884936416778301,3.2980846292145883e-13,1.1877852348315234e-06,8.24521157303647e-13
414,12,kamis_retail,sp500,56,-0.6235964567263919,2.8374616516665246e-07,-0.4358005929126706,0.0007873693503329047,7.093654129166312e-07,0.0010736854777266883
414,12,kamis_retail,sugar_futures,57,-0.8675259601671909,2.55541059188749e-18,-0.7980356246692357,1.0605397977052023e-13,1.277705295943745e-17,3.1816193931156067e-13
414,12,kamis_retail,usd_krw,59,0.9423438063557837,8.87910207926327e-29,0.898431718659698,4.940082241573067e-22,6.659326559447453e-28,3.7050616811798e-21
414,12,kamis_retail,wheat_futures,57,-0.5452066561950966,1.158109025974435e-05,-0.6847139010368529,4.264554026615537e-09,1.9301817099573916e-05,9.138330057033292e-09
415,01,kamis_retail,kamis_wholesale,53,-0.05076695176802025,0.7180927336591799,-0.07476899487551951,0.5946618231103378,0.7693850717776928,0.6371376676182191
415,01,kamis_retail,coffee_futures,51,0.7749547154727302,2.4863029820542455e-11,0.7186043383735753,2.8878249865645607e-09,1.8647272365406841e-10,1.4439124932822803e-08
415,01,kamis_retail,corn_futures,51,-0.6728023752113087,6.371069150568349e-08,-0.705115454911793,7.630822199668309e-09,2.3891509314631304e-07,2.861558324875616e-08
415,01,kamis_retail,cotton_futures,51,0.4206537314211296,0.002115104591044544,0.3648089072284538,0.00848687085893112,0.003525174318407573,0.011573005716724254
415,01,kamis_retail,dow_jones,50,0.5618458457255098,2.1808044515165312e-05,0.5480261287407139,3.795749877512814e-05,5.452011128791328e-05,9.489374693782037e-05
415,01,kamis_retail,kosdaq,51,-0.1910237366090679,0.17934796920806845,-0.21647431545598547,0.12706822821573982,0.22418496151008557,0.15883528526967478
415,01,kamis_retail,kospi,51,-0.3995198180344028,0.003679282406487612,-0.46512785698121734,0.0005838813033776994,0.005518923609731418,0.0009731355056294991
415,01,kamis_retail,nasdaq,50,-0.3730089986626776,0.007632642250078813,-0.44702718484958065,0.0011357327296933613,0.010408148522834745,0.001703599094540042
415,01,kamis_retail,orange_juice_futures,50,0.03729842106718212,0.7970565138256858,0.0010325865118166974,0.9943216547979198,0.7970565138256858,0.9943216547979198
415,01,kamis_retail,rough_rice_futures,50,-0.7891505859044187,9.900189676982513e-12,-0.7586331116765755,1.743017150043156e-10,1.485028451547377e-10,2.614525725064734e-09
415,01,kamis_retail,soybean_futures,51,-0.7511938307858786,2.1518317234077264e-10,-0.7324523721000262,1.0029874978303897e-09,1.0759158617038631e-09,7.522406233727922e-09
415,01,kamis_retail,sp500,50,-0.1218886987910017,0.3990974221161297,-0.08457400865063511,0.5592536104084174,0.46049702551861116,0.6371376676182191
415,01,kamis_retail,sugar_futures,51,-0.4624124716964486,0.0006348267386373969,-0.5335264433690934,5.544355245373479e-05,0.0011903001349451191,0.00011880761240086026
415,01,kamis_retail,usd_krw,53,0.5889981936210879,3.493689790598622e-06,0.6531682860986328,1.1500165239602042e-07,1.0481069371795865e-05,3.450049571880613e-07
415,01,kamis_retail,wheat_futures,51,-0.46761159820854115,0.0005405423240979279,-0.486296875767181,0.0002968613170306363,0.0011583049802098458,0.0005566149694324432
415,02,kamis_retail,kamis_wholesale,53,-0.05076695176802025,0.7180927336591799,-0.07476899487551951,0.5946618231103378,0.7693850717776928,0.6371376676182191
415,02,kamis_retail,coffee_futures,51,0.7749547154727302,2.4863029820542455e-11,0.7186043383735753,2.8878249865645607e-09,1.8647272365406841e-10,1.4439124932822803e-08
415,02,kamis_retail,corn_futures,51,-0.6728023752113087,6.371069150568349e-08,-0.705115454911793,7.630822199668309e-09,2.3891509314631304e-07,2.861558324875616e-08
415,02,kamis_retail,cotton_futures,51,0.4206537314211296,0.002115104591044544,0.3648089072284538,0.00848687085893112,0.003525174318407573,0.011573005716724254
415,02,kamis_retail,dow_jones,50,0.5618458457255098,2.1808044515165312e-05,0.5480261287407139,3.795749877512814e-05,5.452011128791328e-05,9.489374693782037e-05
415,02,kamis_retail,kosdaq,51,-0.1910237366090679,0.17934796920806845,-0.21647431545598547,0.12706822821573982,0.22418496151008557,0.15883528526967478
415,02,kamis_retail,kospi,51,-0.3995198180344028,0.003679282406487612,-0.46512785698121734,0.0005838813033776994,0.005518923609731418,0.0009731355056294991
415,02,kamis_retail,nasdaq,50,-0.3730089986626776,0.007632642250078813,-0.44702718484958065,0.0011357327296933613,0.010408148522834745,0.001703599094540042
415,02,kamis_retail,orange_juice_futures,50,0.03729842106718212,0.7970565138256858,0.0010325865118166974,0.9943216547979198,0.7970565138256858,0.9943216547979198
415,02,kamis_retail,rough_rice_futures,50,-0.7891505859044187,9.900189676982513e-12,-0.7586331116765755,1.743017150043156e-10,1.485028451547377e-10,2.614525725064734e-09
415,02,kamis_retail,soybean_futures,51,-0.7511938307858786,2.1518317234077264e-10,-0.7324523721000262,1.0029874978303897e-09,1.0759158617038631e-09,7.522406233727922e-09
415,02,kamis_retail,sp500,50,-0.1218886987910017,0.3990974221161297,-0.08457400865063511,0.5592536104084174,0.46049702551861116,0.6371376676182191
415,02,kamis_retail,sugar_futures,51,-0.4624124716964486,0.0006348267386373969,-0.5335264433690934,5.544355245373479e-05,0.0011903001349451191,0.00011880761240086026
415,02,kamis_retail,usd_krw,53,0.5889981936210879,3.493689790598622e-06,0.6531682860986328,1.1500165239602042e-07,1.0481069371795865e-05,3.450049571880613e-07
415,02,kamis_retail,wheat_futures,51,-0.46761159820854115,0.0005405423240979279,-0.486296875767181,0.0002968613170306363,0.0011583049802098458,0.0005566149694324432
418,02,kamis_retail,kamis_wholesale,79,0.7737387189365148,6.307014114389128e-17,0.8058146046896686,3.360337592564043e-19,9.46052117158369e-16,5.040506388846064e-18
418,02,kamis_retail,coffee_futures,77,-0.5459319566066075,2.8189072499779695e-07,-0.539187590377284,4.2070511586471955e-07,2.114180437483477e-06,3.1552883689853965e-06
418,02,kamis_retail,corn_futures,77,0.47839223638265277,1.0798920341918516e-05,0.3948700436110618,0.00037959811291064734,4.049595128219443e-05,0.0008134245276656729
418,02,kamis_retail,cotton_futures,77,-0.1585331614476258,0.1684827751502391,-0.15205531675670664,0.18678592340071462,0.19440320209642972,0.21552221930851687
418,02,kamis_retail,dow_jones,76,-0.3941430026024778,0.00042690764533354807,-0.4173599197000379,0.00017622496446945745,0.0010672691133338703,0.0004643043612114173
418,02,kamis_retail,kosdaq,77,0.2002873342043274,0.08072206241577873,0.22466149599053506,0.04949058216697752,0.10090257801972341,0.0618632277087219
418,02,kamis_retail,kospi,77,0.21324088785352602,0.06259542602577335,0.33558564480084135,0.0028485669884116683,0.08535739912605457,0.004272850482617502
418,02,kamis_retail,nasdaq,76,0.35459187708852397,0.0016732689334952046,0.27181439738850083,0.017536674695063894,0.003585576286061153,0.023913647311450768
418,02,kamis_retail,orange_juice_futures,76,-0.09886165191869187,0.3955162137362309,-0.07632257138543319,0.5122782779468145,0.3955162137362309,0.5122782779468145
418,02,kamis_retail,rough_rice_futures,76,0.475624156600547,1.4115990420927476e-05,0.43289265011484185,9.396576779766358e-05,4.234797126278243e-05,0.0003523716292412384
418,02,kamis_retail,soybean_futures,77,0.4910338035605339,5.783709030654383e-06,0.46994215853818855,1.617122168341961e-05,2.8918545153271914e-05,8.085610841709804e-05
418,02,kamis_retail,sp500,76,0.10854490835954896,0.3506386044850732,0.07762610141695543,0.5050788630406574,0.37568421909114985,0.5122782779468145
418,02,kamis_retail,sugar_futures,77,0.33018140544759866,0.0033606898694110415,0.37729573472690714,0.0007181872579288938,0.006152173702142418,0.0013466011086166758
418,02,kamis_retail,usd_krw,79,-0.3230024522593751,0.003691304221285451,-0.40852846094742196,0.0001857217444845669,0.006152173702142418,0.0004643043612114173
418,02,kamis_retail,wheat_futures,77,0.27027790600944523,0.01743920599367407,0.3432898622375511,0.0022390213274349736,0.026158808990511106,0.0037317022123916225
420,02,kamis_retail,kamis_wholesale,79,0.7695036071450394,1.180903652254604e-16,0.7618079440104625,3.5698789333809045e-16,1.7713554783819061e-15,5.3548184000713564e-15
420,02,kamis_retail,coffee_futures,77,-0.13916928314848676,0.22738766783834943,-0.09217825686867359,0.42525912093151286,0.26237038596732626,0.4556347724266209
420,02,kamis_retail,corn_futures,77,0.7198621247504978,1.6146145250816715e-13,0.6623062489427156,5.385584265185825e-11,6.054804469056268e-13,1.6156752795557475e-10
420,02,kamis_retail,cotton_futures,77,0.4679978550468981,1.7719061950286644e-05,0.4844553115271816,8.029043198314196e-06,2.6578592925429965e-05,1.2043564797471294e-05
420,02,kamis_retail,dow_jones,76,0.11801776046444691,0.30993556439442466,0.10718362717663446,0.3567489502608017,0.30993556439442466,0.4116334041470789
420,02,kamis_retail,kosdaq,77,0.13099572727291636,0.25613118557293973,0.17723149730511373,0.1230741663695883,0.27442627025672117,0.15384270796198538
420,02,kamis_retail,kospi,77,-0.1979439109887401,0.084408574341302,-0.07748126725384516,0.5029963348913578,0.10551071792662751,0.5029963348913578
420,02,kamis_retail,nasdaq,76,0.6302756835550521,1.0548389574989933e-09,0.6076382007005989,5.86555202425684e-09,1.9778230453106124e-09,1.0997910045481576e-08
420,02,kamis_retail,orange_juice_futures,76,-0.29363514002247054,0.010040032183173793,-0.18565559482821137,0.1083448437808442,0.013690952977055172,0.14774296879206028
420,02,kamis_retail,rough_rice_futures,76,0.6944210129672878,3.480598657074433e-12,0.6878691348572677,6.671038259776051e-12,1.0441795971223299e-11,2.501639347416019e-11
420,02,kamis_retail,soybean_futures,77,0.6343892211920927,5.842984113671559e-10,0.5844288155646117,2.4009414515748832e-08,1.2520680243581914e-09,4.001569085958139e-08
420,02,kamis_retail,sp500,76,0.6725375829593445,2.866500427677974e-11,0.6587691657057791,9.881535893152536e-11,7.166251069194934e-11,2.470383973288134e-10
420,02,kamis_retail,sugar_futures,77,0.7613425902040822,9.185111354891979e-16,0.7254847843189534,8.46842102508081e-14,6.888833516168984e-15,4.234210512540405e-13
420,02,kamis_retail,usd_krw,79,-0.7461118868737481,3.0110016920113428e-15,-0.7418273066190672,5.246143037727818e-15,1.5055008460056713e-14,3.9346072782958633e-14
420,02,kamis_retail,wheat_futures,77,0.6123143577084627,3.268796742188225e-09,0.6126025471309424,3.1988678387853953e-09,5.447994570313708e-09,6.854716797397275e-09
421,02,kamis_retail,kamis_wholesale,66,0.9133080762889957,1.1686129896022094e-26,0.8195498983636225,4.0058288751288664e-17,8.76459742201657e-26,1.0014572187822166e-16
421,02,kamis_retail,coffee_futures,76,-0.09818656636391883,0.39876664444111265,-0.029054266631351952,0.8032494098160244,0.3987666444411127,0.8032494098160244
421,02,kamis_retail,corn_futures,76,-0.8512242893853531,2.0574836614095305e-22,-0.8522808073870127,1.6123744034412677e-22,7.715563730285739e-22,8.061872017206339e-22
421,02,kamis_retail,cotton_futures,76,-0.686477443872114,7.642918746573746e-12,-0.6746240118400536,2.3626621488925623e-11,1.2738197910956243e-11,4.4299915291735546e-11
421,02,kamis_retail,dow_jones,75,-0.24569580271839858,0.03360865248818932,-0.17616890007169697,0.13056079691549102,0.03600927052305998,0.1398865681237404
421,02,kamis_retail,kosdaq,76,0.28861473061517556,0.011457102543049293,0.17753987348270944,0.12495034336564821,0.014321378178811616,0.1398865681237404
421,02,kamis_retail,kospi,76,0.6189131958424047,2.5387018515848517e-09,0.3835326138670376,0.0006263820905006154,3.808052777377277e-09,0.0008541573961372028
421,02,kamis_retail,nasdaq,75,-0.4282773524646974,0.00012652242012143767,-0.500494379756303,4.816924126619457e-06,0.00017253057289286957,7.225386189929186e-06
421,02,kamis_retail,orange_juice_futures,75,0.28121847551134327,0.014523011267296652,0.19232875991643272,0.09830783195648464,0.016757320693034598,0.1228847899456058
421,02,kamis_retail,rough_rice_futures,75,-0.8372069136997857,8.128359043066591e-21,-0.8696880055586873,4.4064169723913944e-24,2.4385077129199773e-20,3.304812729293546e-23
421,02,kamis_retail,soybean_futures,76,-0.7532217693732199,4.187883412867658e-15,-0.7739509726749687,2.4532060143865224e-16,8.974035884716411e-15,5.256870030828262e-16
421,02,kamis_retail,sp500,75,-0.7149585998029575,5.801392874348798e-13,-0.6585384975707649,1.3486540899769292e-10,1.0877611639403996e-12,2.2477568166282154e-10
421,02,kamis_retail,sugar_futures,76,-0.8652468470483099,6.87072983050958e-24,-0.8395433106304606,2.703723601660645e-21,3.4353649152547896e-23,1.013896350622742e-20
421,02,kamis_retail,usd_krw,78,0.9633893743873791,3.366580149009536e-45,0.9399332362163307,3.2379861868827876e-37,5.049870223514304e-44,4.856979280324181e-36
421,02,kamis_retail,wheat_futures,76,-0.7752186698087754,2.0425052491485003e-16,-0.8088004047420454,9.851801993626832e-19,5.10626312287125e-16,2.9555405980880497e-18
421,03,kamis_retail,kamis_wholesale,66,0.9133080762889957,1.1686129896022094e-26,0.8195498983636225,4.0058288751288664e-17,8.76459742201657e-26,1.0014572187822166e-16
421,03,kamis_retail,coffee_futures,76,-0.09818656636391883,0.39876664444111265,-0.029054266631351952,0.8032494098160244,0.3987666444411127,0.8032494098160244
421,03,kamis_retail,corn_futures,76,-0.8512242893853531,2.0574836614095305e-22,-0.8522808073870127,1.6123744034412677e-22,7.715563730285739e-22,8.061872017206339e-22
421,03,kamis_retail,cotton_futures,76,-0.686477443872114,7.642918746573746e-12,-0.6746240118400536,2.3626621488925623e-11,1.2738197910956243e-11,4.4299915291735546e-11
421,03,kamis_retail,dow_jones,75,-0.24569580271839858,0.03360865248818932,-0.17616890007169697,0.13056079691549102,0.03600927052305998,0.1398865681237404
421,03,kamis_retail,kosdaq,76,0.28861473061517556,0.011457102543049293,0.17753987348270944,0.12495034336564821,0.014321378178811616,0.1398865681237404
421,03,kamis_retail,kospi,76,0.6189131958424047,2.5387018515848517e-09,0.3835326138670376,0.0006263820905006154,3.808052777377277e-09,0.0008541573961372028
421,03,kamis_retail,nasdaq,75,-0.4282773524646974,0.00012652242012143767,-0.500494379756303,4.816924126619457e-06,0.00017253057289286957,7.225386189929186e-06
421,03,kamis_retail,orange_juice_futures,75,0.28121847551134327,0.014523011267296652,0.19232875991643272,0.09830783195648464,0.016757320693034598,0.1228847899456058
421,03,kamis_retail,rough_rice_futures,75,-0.8372069136997857,8.128359043066591e-21,-0.8696880055586873,4.4064169723913944e-24,2.4385077129199773e-20,3.304812729293546e-23
421,03,kamis_retail,soybean_futures,76,-0.7532217693732199,4.187883412867658e-15,-0.7739509726749687,2.4532060143865224e-16,8.974035884716411e-15,5.256870030828262e-16
421,03,kamis_retail,sp500,75,-0.7149585998029575,5.801392874348798e-13,-0.6585384975707649,1.3486540899769292e-10,1.0877611639403996e-12,2.2477568166282154e-10
421,03,kamis_retail,sugar_futures,76,-0.8652468470483099,6.87072983050958e-24,-0.8395433106304606,2.703723601660645e-21,3.4353649152547896e-23,1.013896350622742e-20
421,03,kamis_retail,usd_krw,78,0.9633893743873791,3.366580149009536e-45,0.9399332362163307,3.2379861868827876e-37,5.049870223514304e-44,4.856979280324181e-36
421,03,kamis_retail,wheat_futures,76,-0.7752186698087754,2.0425052491485003e-16,-0.8088004047420454,9.851801993626832e-19,5.10626312287125e-16,2.9555405980880497e-18
421,06,kamis_retail,kamis_wholesale,66,0.9133080762889957,1.1686129896022094e-26,0.8195498983636225,4.0058288751288664e-17,8.76459742201657e-26,1.0014572187822166e-16
421,06,kamis_retail,coffee_futures,76,-0.09818656636391883,0.39876664444111265,-0.029054266631351952,0.8032494098160244,0.3987666444411127,0.8032494098160244
421,06,kamis_retail,corn_futures,76,-0.8512242893853531,2.0574836614095305e-22,-0.8522808073870127,1.6123744034412677e-22,7.715563730285739e-22,8.061872017206339e-22
421,06,kamis_retail,cotton_futures,76,-0.686477443872114,7.642918746573746e-12,-0.6746240118400536,2.3626621488925623e-11,1.2738197910956243e-11,4.4299915291735546e-11
421,06,kamis_retail,dow_jones,75,-0.24569580271839858,0.03360865248818932,-0.17616890007169697,0.13056079691549102,0.03600927052305998,0.1398865681237404
421,06,kamis_retail,kosdaq,76,0.28861473061517556,0.011457102543049293,0.17753987348270944,0.12495034336564821,0.014321378178811616,0.1398865681237404
421,06,kamis_retail,kospi,76,0.6189131958424047,2.5387018515848517e-09,0.3835326138670376,0.0006263820905006154,3.808052777377277e-09,0.0008541573961372028
421,06,kamis_retail,nasdaq,75,-0.4282773524646974,0.00012652242012143767,-0.500494379756303,4.816924126619457e-06,0.00017253057289286957,7.225386189929186e-06
421,06,kamis_retail,orange_juice_futures,75,0.28121847551134327,0.014523011267296652,0.19232875991643272,0.09830783195648464,0.016757320693034598,0.1228847899456058
421,06,kamis_retail,rough_rice_futures,75,-0.8372069136997857,8.128359043066591e-21,-0.8696880055586873,4.4064169723913944e-24,2.4385077129199773e-20,3.304812729293546e-23
421,06,kamis_retail,soybean_futures,76,-0.7532217693732199,4.187883412867658e-15,-0.7739509726749687,2.4532060143865224e-16,8.974035884716411e-15,5.256870030828262e-16
421,06,kamis_retail,sp500,75,-0.7149585998029575,5.801392874348798e-13,-0.6585384975707649,1.3486540899769292e-10,1.0877611639403996e-12,2.2477568166282154e-10
421,06,kamis_retail,sugar_futures,76,-0.8652468470483099,6.87072983050958e-24,-0.8395433106304606,2.703723601660645e-21,3.4353649152547896e-23,1.013896350622742e-20
421,06,kamis_retail,usd_krw,78,0.9633893743873791,3.366580149009536e-45,0.9399332362163307,3.2379861868827876e-37,5.049870223514304e-44,4.856979280324181e-36
421,06,kamis_retail,wheat_futures,76,-0.7752186698087754,2.0425052491485003e-16,-0.8088004047420454,9.851801993626832e-19,5.10626312287125e-16,2.9555405980880497e-18
422,01,kamis_retail,kamis_wholesale,79,0.9488893170506671,2.59399475007017e-40,0.7544620029706105,9.878533052657959e-16,3.890992125105255e-39,1.4817799578986937e-14
422,01,kamis_retail,coffee_futures,77,-0.5436330215405833,3.234327030516678e-07,-0.46467727093466543,2.068633741925582e-05,6.930700779678595e-07,3.447722903209304e-05
422,01,kamis_retail,corn_futures,77,0.7716513778166031,2.1548262452346268e-16,0.6330147404637596,6.530252797413178e-10,1.0774131226173134e-15,2.4488447990299416e-09
422,01,kamis_retail,cotton_futures,77,0.10317244434486798,0.3719040110509793,0.21347162521069932,0.062305280583009805,0.42912001275113,0.07189070836501131
422,01,kamis_retail,dow_jones,76,-0.3868581797097549,0.0005562241046446527,-0.28739977174836856,0.01182509688617413,0.0007584874154245263,0.014781371107717663
422,01,kamis_retail,kosdaq,77,0.12608021452587537,0.27456043764455884,0.3449454449848824,0.002124439216388837,0.3432005470556985,0.00289696256780296
422,01,kamis_retail,kospi,77,-0.06631990439323589,0.5665989076879644,0.15625082161167347,0.17477465025017902,0.5665989076879644,0.1872585538394775
422,01,kamis_retail,nasdaq,76,0.5383572018763196,5.274509749902718e-07,0.5161219761699368,1.823687552109291e-06,9.889705781067596e-07,3.4194141602049205e-06
422,01,kamis_retail,orange_juice_futures,76,-0.09236190263369796,0.4274597455233581,-0.06654726667596884,0.567888168854006,0.4579925844893122,0.567888168854006
422,01,kamis_retail,rough_rice_futures,76,0.7956669480755149,8.928040853991888e-18,0.6784903751503882,1.6444603461005234e-11,6.696030640493916e-17,8.222301730502618e-11
422,01,kamis_retail,soybean_futures,77,0.726151251966024,7.83653805345941e-14,0.5646312606809517,8.860612813732149e-08,2.9387017700472784e-13,2.2151532034330373e-07
422,01,kamis_retail,sp500,76,0.4072017813688178,0.0002616002419113081,0.3865719696487903,0.000561967358635473,0.0003924003628669622,0.0008429510379532095
422,01,kamis_retail,sugar_futures,77,0.6751762844991107,1.644780141521111e-11,0.6265430895018971,1.0943363191313972e-09,4.111950353802778e-11,3.2830089573941918e-09
422,01,kamis_retail,usd_krw,79,-0.6729571336060791,1.0947919350644898e-11,-0.6760439990219317,8.122736599094192e-12,3.2843758051934694e-11,6.092052449320644e-11
422,01,kamis_retail,wheat_futures,77,0.5167736918589598,1.4980056482358786e-06,0.5598969306438736,1.195760369948444e-07,2.496676080393131e-06,2.5623436498895227e-07
422,02,kamis_retail,kamis_wholesale,79,0.9488893170506671,2.59399475007017e-40,0.7544620029706105,9.878533052657959e-16,3.890992125105255e-39,1.4817799578986937e-14
422,02,kamis_retail,coffee_futures,77,-0.5436330215405833,3.234327030516678e-07,-0.46467727093466543,2.068633741925582e-05,6.930700779678595e-07,3.447722903209304e-05
422,02,kamis_retail,corn_futures,77,0.7716513778166031,2.1548262452346268e-16,0.6330147404637596,6.530252797413178e-10,1.0774131226173134e-15,2.4488447990299416e-09
422,02,kamis_retail,cotton_futures,77,0.10317244434486798,0.3719040110509793,0.21347162521069932,0.062305280583009805,0.42912001275113,0.07189070836501131
422,02,kamis_retail,dow_jones,76,-0.3868581797097549,0.0005562241046446527,-0.28739977174836856,0.01182509688617413,0.0007584874154245263,0.014781371107717663
422,02,kamis_retail,kosdaq,77,0.12608021452587537,0.27456043764455884,0.3449454449848824,0.002124439216388837,0.3432005470556985,0.00289696256780296
422,02,kamis_retail,kospi,77,-0.06631990439323589,0.5665989076879644,0.15625082161167347,0.17477465025017902,0.5665989076879644,0.1872585538394775
422,02,kamis_retail,nasdaq,76,0.5383572018763196,5.274509749902718e-07,0.5161219761699368,1.823687552109291e-06,9.889705781067596e-07,3.4194141602049205e-06
422,02,kamis_retail,orange_juice_futures,76,-0.09236190263369796,0.4274597455233581,-0.06654726667596884,0.567888168854006,0.4579925844893122,0.567888168854006
422,02,kamis_retail,rough_rice_futures,76,0.7956669480755149,8.928040853991888e-18,0.6784903751503882,1.6444603461005234e-11,6.696030640493916e-17,8.222301730502618e-11
422,02,kamis_retail,soybean_futures,77,0.726151251966024,7.83653805345941e-14,0.5646312606809517,8.860612813732149e-08,2.9387017700472784e-13,2.2151532034330373e-07
422,02,kamis_retail,sp500,76,0.4072017813688178,0.0002616002419113081,0.3865719696487903,0.000561967358635473,0.0003924003628669622,0.0008429510379532095
422,02,kamis_retail,sugar_futures,77,0.6751762844991107,1.644780141521111e-11,0.6265430895018971,1.0943363191313972e-09,4.111950353802778e-11,3.2830089573941918e-09
422,02,kamis_retail,usd_krw,79,-0.6729571336060791,1.0947919350644898e-11,-0.6760439990219317,8.122736599094192e-12,3.2843758051934694e-11,6.092052449320644e-11
422,02,kamis_retail,wheat_futures,77,0.5167736918589598,1.4980056482358786e-06,0.5598969306438736,1.195760369948444e-07,2.496676080393131e-06,2.5623436498895227e-07
424,00,kamis_retail,kamis_wholesale,79,0.9224628021220641,1.465709069654762e-33,0.9303610996128469,2.720609400501696e-35,2.198563604482143e-32,4.080914100752544e-34
424,00,kamis_retail,coffee_futures,77,0.2948901419615343,0.009227817619549251,0.25734192191402655,0.023856668878231693,0.012583387663021707,0.03253182119758868
424,00,kamis_retail,corn_futures,77,-0.798532505078359,3.3468986610198585e-18,-0.7428316032665963,1.0419342865921018e-14,2.2716841215280753e-17,3.9072535747203814e-14
424,00,kamis_retail,cotton_futures,77,-0.42406981363212176,0.0001213498130047278,-0.46121386603346176,2.4270543119650893e-05,0.0001820247195070917,3.640581467947634e-05
424,00,kamis_retail,dow_jones,76,0.09503826440843907,0.4141320008305129,0.11576925445557917,0.3193085293090382,0.4141320008305129,0.34211628140254097
424,00,kamis_retail,kosdaq,77,-0.14545087405055754,0.20688595632479703,-0.20128828710398317,0.07918700382186966,0.2216635246337111,0.09898375477733708
424,00,kamis_retail,kospi,77,0.17762739388327553,0.12222586728387977,0.06877875640857106,0.5522686364262519,0.1410298468660151,0.5522686364262519
424,00,kamis_retail,nasdaq,76,-0.6377588704619389,5.799464519289074e-10,-0.6219384652448284,2.0162919590205593e-09,1.2427423969905159e-09,3.780547423163549e-09
424,00,kamis_retail,orange_juice_futures,76,0.23693513887562379,0.03932568608508502,0.19410473931834982,0.09292971295461706,0.049157107606356276,0.10722659187071198
424,00,kamis_retail,rough_rice_futures,76,-0.7723635892203095,3.0806961303313307e-16,-0.763063272448868,1.1287485688753351e-15,1.155261048874249e-15,5.643742844376676e-15
424,00,kamis_retail,soybean_futures,77,-0.6808989080777537,9.521318593600178e-12,-0.6411003023530959,3.3678116874814775e-10,2.3803296484000447e-11,7.216739330317452e-10
424,00,kamis_retail,sp500,76,-0.62776000723939,1.2851919923642375e-09,-0.5678818247019186,8.794205386606652e-08,2.1419866539403958e-09,1.4657008977677755e-07
424,00,kamis_retail,sugar_futures,77,-0.7657140312145868,5.011870683222985e-16,-0.707184646239583,6.54254313102943e-13,1.5035612049668954e-15,1.9627629393088292e-12
424,00,kamis_retail,usd_krw,79,0.7905543614485075,4.54336824305615e-18,0.8047864603741347,4.0335626243339296e-19,2.2716841215280753e-17,3.025171968250447e-18
424,00,kamis_retail,wheat_futures,77,-0.6268814610410139,1.0655049262125699e-09,-0.6988588578746836,1.5762496221881642e-12,1.9978217366485685e-09,3.940624055470411e-12
425,00,kamis_retail,kamis_wholesale,52,-0.05055226140690124,0.7219126931811117,-0.11405869797536705,0.420746098134167,0.7734778855511911,0.5259326226677088
425,00,kamis_retail,coffee_futures,74,0.008856761843374437,0.940299764345126,0.3382159095958175,0.003205672839560689,0.940299764345126,0.012021273148352583
425,00,kamis_retail,corn_futures,74,-0.40083424767791137,0.00040159853985583194,-0.37385946403118003,0.0010338174478703754,0.001667710732222466,0.00879175433571253
425,00,kamis_retail,cotton_futures,74,0.0481597185905294,0.6836635197725822,0.17794727490103282,0.12930865474650205,0.7734778855511911,0.24245372764969134
425,00,kamis_retail,dow_jones,74,0.09582270638837144,0.4167136788866387,0.325353041008596,0.004676110652545679,0.6878485065303112,0.014028331957637035
425,00,kamis_retail,kosdaq,74,0.45701156852607827,4.25591845058045e-05,0.12786030598794415,0.2776410408547272,0.00031919388379353375,0.412559139722312
425,00,kamis_retail,kospi,74,0.33235414750142733,0.0038149713925388715,0.025044802203824112,0.8322561514133396,0.011444914177616615,0.8322561514133396
425,00,kamis_retail,nasdaq,74,0.07963637915889527,0.500014133266804,0.12147421897088967,0.3025433691296955,0.6878485065303112,0.412559139722312
425,00,kamis_retail,orange_juice_futures,74,-0.05762545028380804,0.6257771751894636,-0.06984011789552934,0.5543315640633507,0.7734778855511911,0.5939266757821615
425,00,kamis_retail,rough_rice_futures,74,-0.5271385893107037,1.3988021291693135e-06,-0.37009582487892306,0.0011722339114283373,2.0982031937539703e-05,0.00879175433571253
425,00,kamis_retail,soybean_futures,74,-0.3980319809763583,0.0004447228619259909,-0.35719575230675815,0.001783144922019347,0.001667710732222466,0.008915724610096735
425,00,kamis_retail,sp500,74,-0.07882191685345918,0.5044222381222282,0.08533704580715269,0.4697293354928738,0.6878485065303112,0.5419953871071621
425,00,kamis_retail,sugar_futures,74,-0.30347954653864084,0.008576538613781768,-0.1398958745303583,0.23451907413961331,0.01837829702953236,0.3908651235660222
425,00,kamis_retail,usd_krw,76,0.3131113522821587,0.0058868376558081845,0.26751984524746314,0.019476260940918425,0.01471709413952046,0.04869065235229606
425,00,kamis_retail,wheat_futures,74,-0.2682649651996215,0.02083568763248854,-0.2118137589964414,0.07003464379649646,0.03906691431091601,0.15007423670677814
428,00,kamis_retail,kamis_wholesale,78,0.7474576772292476,3.822742870559459e-15,0.7731685566806333,1.0898938872450601e-16,2.8670571529195945e-14,1.6348408308675902e-15
428,00,kamis_retail,coffee_futures,76,-0.3153140512945845,0.005529668303982939,-0.25868150497648473,0.024051140213432912,0.00829450245597441,0.03006392526679114
428,00,kamis_retail,corn_futures,76,0.704225965166125,1.2721595854309827e-12,0.671493228119037,3.155873104717212e-11,4.770598445366185e-12,7.88968276179303e-11
428,00,kamis_retail,cotton_futures,76,0.24721258458316353,0.03132108957025493,0.38144780918186444,0.0006743819393397817,0.03915136196281866,0.0010115729090096725
428,00,kamis_retail,dow_jones,75,-0.0881666579417919,0.4519381687126667,-0.044142228175437205,0.7068830721129548,0.48421946647785713,0.7573747201210229
428,00,kamis_retail,kosdaq,76,0.27908535581354654,0.014630109909299364,0.3262878705020234,0.004020580404197137,0.019950149876317314,0.0054826096420870045
428,00,kamis_retail,kospi,76,-0.05335166837835091,0.6471486410466278,-0.011265448977359729,0.9230557377459979,0.647148641046628,0.9230557377459979
428,00,kamis_retail,nasdaq,75,0.7314788776435694,9.112410443395007e-14,0.6926759182463385,5.786411136930575e-12,4.556205221697504e-13,1.7359233410791723e-11
428,00,kamis_retail,orange_juice_futures,75,-0.11855207429152767,0.31104833429811296,-0.15100258203487552,0.19594679468547266,0.35890192419013034,0.2260924554063146
428,00,kamis_retail,rough_rice_futures,75,0.6869813416831313,1.0079176329232855e-11,0.7105513984123822,9.300661700456424e-13,3.023752898769857e-11,3.487748137671159e-12
428,00,kamis_retail,soybean_futures,76,0.620914118544205,2.1804821971895358e-09,0.5965150935141638,1.2985004550910106e-08,4.672461851120434e-09,2.4346883532956448e-08
428,00,kamis_retail,sp500,75,0.6101680858016795,6.192786105773475e-09,0.636086236105865,8.659581298951947e-10,1.1611473948325266e-08,1.8556245640611314e-09
428,00,kamis_retail,sugar_futures,76,0.7570572845547289,2.5309973141723378e-15,0.74962742351026,6.658234815958316e-15,2.8670571529195945e-14,3.329117407979158e-14
428,00,kamis_retail,usd_krw,78,-0.671573737433797,1.697785931626957e-11,-0.7579473301727337,9.445622386594306e-16,4.244464829067393e-11,7.084216789945729e-15
428,00,kamis_retail,wheat_futures,76,0.46190177277540834,2.667689703174167e-05,0.5637972071803465,1.1385836376748968e-07,4.446149505290278e-05,1.897639396124828e-07
437,01,kamis_retail,kamis_wholesale,24,-0.4551991871235188,0.025410029920255928,-0.5094257028762659,0.011000996773443147,0.05738579626618991,0.03300299032032944
437,01,kamis_retail,coffee_futures,22,0.5271737750104522,0.011699456380996452,0.42352291174252704,0.04951677787834776,0.04341369165585927,0.0906682792813014
437,01,kamis_retail,corn_futures,22,-0.4615299511851064,0.03060575800863462,-0.4319275576358879,0.044709891515970754,0.05738579626618991,0.0906682792813014
437,01,kamis_retail,cotton_futures,22,0.4188116298997812,0.052380782690309935,0.45418559301253514,0.033721131458172036,0.0785711740354649,0.0843028286454301
437,01,kamis_retail,dow_jones,21,0.2183329693767339,0.34170536988865396,0.1352846172284669,0.5587568793625114,0.3661128963092721,0.5986680850312622
437,01,kamis_retail,kosdaq,22,-0.3249553608949528,0.14005203340128253,-0.2529711375212224,0.2560083870420732,0.17506504175160317,0.3200104838025915
437,01,kamis_retail,kospi,22,-0.40892601540909906,0.05880405553840387,-0.32654216185625357,0.138014528039153,0.08018734846145982,0.20702179205872953
437,01,kamis_retail,nasdaq,21,-0.8032980377279348,1.1615415011556514e-05,-0.7856914308268655,2.435426608485446e-05,0.00017423122517334772,0.0003653139912728169
437,01,kamis_retail,orange_juice_futures,21,-0.3158652154006863,0.16305874992202993,-0.19902448496110997,0.3870950235979425,0.1881447114484961,0.4466481041514721
437,01,kamis_retail,rough_rice_futures,21,-0.4330255812089074,0.04990119993328487,-0.27716336380205486,0.22384964812060848,0.0785711740354649,0.3052495201644661
437,01,kamis_retail,soybean_futures,22,-0.4692771577977786,0.027571105500663332,-0.4156065956351901,0.05440096756878084,0.05738579626618991,0.0906682792813014
437,01,kamis_retail,sp500,21,-0.7326993961562123,0.0001584419052036165,-0.744065394756568,0.00011012501020969941,0.0011883142890271236,0.0008259375765727456
437,01,kamis_retail,sugar_futures,22,0.6806718813432308,0.0004893806561882648,0.6527031113423052,0.0009922311896175871,0.0024469032809413243,0.0049611559480879355
437,01,kamis_retail,usd_krw,24,-0.49257421307998145,0.014471230551953089,-0.5119065688963753,0.010553721363897397,0.04341369165585927,0.03300299032032944
437,01,kamis_retail,wheat_futures,22,0.10706175941364128,0.6353438872256802,0.010755732103645964,0.9621105849356172,0.6353438872256802,0.9621105849356172
616,01,kamis_retail,kamis_wholesale,45,-0.3934589230595427,0.007496790949123021,-0.6297323494330067,3.5764993989865237e-06,0.014056483029605665,2.682374549239893e-05
616,01,kamis_retail,coffee_futures,43,0.3428332464494772,0.024413928268933065,0.47750712336873435,0.0012038117699433905,0.04068988044822178,0.002579596649878694
616,01,kamis_retail,corn_futures,43,0.6981904771801806,1.941376161268301e-07,0.5738894187719689,5.735989273228415e-05,2.9120642419024516e-06,0.0002860666106101628
616,01,kamis_retail,cotton_futures,43,0.42773258403317144,0.00422194161059623,0.3359395946243888,0.027634397574622868,0.00904701773699192,0.0414515963619343
616,01,kamis_retail,dow_jones,43,-0.21453088981918988,0.16713601410999343,-0.21975450433153745,0.1567931201670665,0.2089200176374918,0.21380880022781798
616,01,kamis_retail,kosdaq,43,0.24148719720086811,0.11874457805495944,0.2034525860784236,0.19068676265750784,0.16192442462039924,0.2383584533218848
616,01,kamis_retail,kospi,43,0.2814336165531367,0.06751171755025895,0.43636915603006854,0.0034407925506414407,0.10126757632538844,0.006083728115055665
616,01,kamis_retail,nasdaq,43,0.11807189795439532,0.45080243776872647,0.06738433065099052,0.6676782809624654,0.48300261189506405,0.7153695867454986
616,01,kamis_retail,orange_juice_futures,43,-0.16971798279659495,0.2765783878732384,-0.09318577381562647,0.5522784200969981,0.31912890908450586,0.6372443308811516
616,01,kamis_retail,rough_rice_futures,43,0.44104392357629163,0.0030732934083429046,0.43389743973250966,0.003650236869033399,0.00904701773699192,0.006083728115055665
616,01,kamis_retail,soybean_futures,43,0.639124429387799,3.972662417909666e-06,0.658192990975797,1.6114028494804038e-06,2.97949681343225e-05,2.4171042742206058e-05
616,01,kamis_retail,sp500,43,0.08084348412741107,0.6063086302743173,-0.021756375815566442,0.8898623200699325,0.6063086302743173,0.8898623200699325
616,01,kamis_retail,sugar_futures,43,0.5753581343435732,5.4349062206761156e-05,0.5284430383788464,0.00026999880417609195,0.00027174531103380575,0.000809996412528276
616,01,kamis_retail,usd_krw,45,-0.4186177130025828,0.004211441488968917,-0.4726519297105989,0.001043545935268827,0.00904701773699192,0.002579596649878694
616,01,kamis_retail,wheat_futures,43,0.494725463678437,0.0007452211984896083,0.5660042379883552,7.628442949604342e-05,0.0027945794943360315,0.0002860666106101628
616,02,kamis_retail,kamis_wholesale,45,-0.3934589230595427,0.007496790949123021,-0.6297323494330067,3.5764993989865237e-06,0.014056483029605665,2.682374549239893e-05
616,02,kamis_retail,coffee_futures,43,0.3428332464494772,0.024413928268933065,0.47750712336873435,0.0012038117699433905,0.04068988044822178,0.002579596649878694
616,02,kamis_retail,corn_futures,43,0.6981904771801806,1.941376161268301e-07,0.5738894187719689,5.735989273228415e-05,2.9120642419024516e-06,0.0002860666106101628
616,02,kamis_retail,cotton_futures,43,0.42773258403317144,0.00422194161059623,0.3359395946243888,0.027634397574622868,0.00904701773699192,0.0414515963619343
616,02,kamis_retail,dow_jones,43,-0.21453088981918988,0.16713601410999343,-0.21975450433153745,0.1567931201670665,0.2089200176374918,0.21380880022781798
616,02,kamis_retail,kosdaq,43,0.24148719720086811,0.11874457805495944,0.2034525860784236,0.19068676265750784,0.16192442462039924,0.2383584533218848
616,02,kamis_retail,kospi,43,0.2814336165531367,0.06751171755025895,0.43636915603006854,0.0034407925506414407,0.10126757632538844,0.006083728115055665
616,02,kamis_retail,nasdaq,43,0.11807189795439532,0.45080243776872647,0.06738433065099052,0.6676782809624654,0.48300261189506405,0.7153695867454986
616,02,kamis_retail,orange_juice_futures,43,-0.16971798279659495,0.2765783878732384,-0.09318577381562647,0.5522784200969981,0.31912890908450586,0.6372443308811516
616,02,kamis_retail,rough_rice_futures,43,0.44104392357629163,0.0030732934083429046,0.43389743973250966,0.003650236869033399,0.00904701773699192,0.006083728115055665
616,02,kamis_retail,soybean_futures,43,0.639124429387799,3.972662417909666e-06,0.658192990975797,1.6114028494804038e-06,2.97949681343225e-05,2.4171042742206058e-05
616,02,kamis_retail,sp500,43,0.08084348412741107,0.6063086302743173,-0.021756375815566442,0.8898623200699325,0.6063086302743173,0.8898623200699325
616,02,kamis_retail,sugar_futures,43,0.5753581343435732,5.4349062206761156e-05,0.5284430383788464,0.00026999880417609195,0.00027174531103380575,0.000809996412528276
616,02,kamis_retail,usd_krw,45,-0.4186177130025828,0.004211441488968917,-0.4726519297105989,0.001043545935268827,0.00904701773699192,0.002579596649878694
616,02,kamis_retail,wheat_futures,43,0.494725463678437,0.0007452211984896083,0.5660042379883552,7.628442949604342e-05,0.0027945794943360315,0.0002860666106101628
619,01,kamis_retail,kamis_wholesale,79,0.19167352003612903,0.09060672556323038,0.20061877044880488,0.07626388546288093,0.12355462576804142,0.1143958281943214
619,01,kamis_retail,coffee_futures,77,0.33261678259502314,0.0031205285522505695,0.30679637176285,0.006650148797233418,0.006686846897679792,0.016625371993083546
619,01,kamis_retail,corn_futures,77,-0.3435444445352618,0.002221048454309427,-0.2939274035296324,0.009470108866463187,0.0055526211357735675,0.020293090428135402
619,01,kamis_retail,cotton_futures,77,0.10782145447982525,0.350624338098326,0.03249595772651325,0.7790471831411518,0.4382804226229075,0.8989005959320983
619,01,kamis_retail,dow_jones,76,0.23790251640786317,0.038506109392717855,0.1754448325966518,0.12953737208695426,0.06417684898786309,0.1766418710276649
619,01,kamis_retail,kosdaq,77,-0.07205588152212247,0.5334447666521044,-0.09215196529512293,0.42539174223772136,0.5715479642701118,0.5317396777971517
619,01,kamis_retail,kospi,77,0.09641682704182494,0.4041898658104212,0.01325095306954121,0.9089367478190292,0.46637292208894754,0.9089367478190292
619,01,kamis_retail,nasdaq,76,-0.40768885053654247,0.0002567647245552297,-0.3982883431807259,0.000366233324452437,0.0013982519140479292,0.0015027712098511074
619,01,kamis_retail,orange_juice_futures,76,0.015454885130380675,0.8945828960688278,0.016098491322229753,0.8902195823394723,0.8945828960688278,0.9089367478190292
619,01,kamis_retail,rough_rice_futures,76,-0.45549118817634077,3.558511287875436e-05,-0.41386169747347695,0.0002021940186691322,0.0005337766931813153,0.0015027712098511074
619,01,kamis_retail,soybean_futures,77,-0.4029596367099994,0.00027965038280958584,-0.3470290521887735,0.0019877334874767658,0.0013982519140479292,0.005963200462430297
619,01,kamis_retail,sp500,76,-0.2512441983894017,0.02857927239642046,-0.284761195212005,0.012659808956381932,0.05358613574328836,0.02373714179321612
619,01,kamis_retail,sugar_futures,77,-0.3681696404546497,0.0009864451846440395,-0.39341352875370916,0.0004007389892936286,0.003568213184342647,0.0015027712098511074
619,01,kamis_retail,usd_krw,79,0.3582139195419231,0.0011894043947808823,0.4172930763193571,0.00013026262105141894,0.003568213184342647,0.0015027712098511074
619,01,kamis_retail,wheat_futures,77,-0.21459693629528637,0.060905818486248854,-0.22232593674552795,0.05196908773763919,0.09135872772937328,0.08661514622939864
619,02,kamis_retail,kamis_wholesale,79,0.19167352003612903,0.09060672556323038,0.20061877044880488,0.07626388546288093,0.12355462576804142,0.1143958281943214
619,02,kamis_retail,coffee_futures,77,0.33261678259502314,0.0031205285522505695,0.30679637176285,0.006650148797233418,0.006686846897679792,0.016625371993083546
619,02,kamis_retail,corn_futures,77,-0.3435444445352618,0.002221048454309427,-0.2939274035296324,0.009470108866463187,0.0055526211357735675,0.020293090428135402
619,02,kamis_retail,cotton_futures,77,0.10782145447982525,0.350624338098326,0.03249595772651325,0.7790471831411518,0.4382804226229075,0.8989005959320983
619,02,kamis_retail,dow_jones,76,0.23790251640786317,0.038506109392717855,0.1754448325966518,0.12953737208695426,0.06417684898786309,0.1766418710276649
619,02,kamis_retail,kosdaq,77,-0.07205588152212247,0.5334447666521044,-0.09215196529512293,0.42539174223772136,0.5715479642701118,0.5317396777971517
619,02,kamis_retail,kospi,77,0.09641682704182494,0.4041898658104212,0.01325095306954121,0.9089367478190292,0.46637292208894754,0.9089367478190292
619,02,kamis_retail,nasdaq,76,-0.40768885053654247,0.0002567647245552297,-0.3982883431807259,0.000366233324452437,0.0013982519140479292,0.0015027712098511074
619,02,kamis_retail,orange_juice_futures,76,0.015454885130380675,0.8945828960688278,0.016098491322229753,0.8902195823394723,0.8945828960688278,0.9089367478190292
619,02,kamis_retail,rough_rice_futures,76,-0.45549118817634077,3.558511287875436e-05,-0.41386169747347695,0.0002021940186691322,0.0005337766931813153,0.0015027712098511074
619,02,kamis_retail,soybean_futures,77,-0.4029596367099994,0.00027965038280958584,-0.3470290521887735,0.0019877334874767658,0.0013982519140479292,0.005963200462430297
619,02,kamis_retail,sp500,76,-0.2512441983894017,0.02857927239642046,-0.284761195212005,0.012659808956381932,0.05358613574328836,0.02373714179321612
619,02,kamis_retail,sugar_futures,77,-0.3681696404546497,0.0009864451846440395,-0.39341352875370916,0.0004007389892936286,0.003568213184342647,0.0015027712098511074
619,02,kamis_retail,usd_krw,79,0.3582139195419231,0.0011894043947808823,0.4172930763193571,0.00013026262105141894,0.003568213184342647,0.0015027712098511074
619,02,kamis_retail,wheat_futures,77,-0.21459693629528637,0.060905818486248854,-0.22232593674552795,0.05196908773763919,0.09135872772937328,0.08661514622939864
619,03,kamis_retail,kamis_wholesale,79,0.19167352003612903,0.09060672556323038,0.20061877044880488,0.07626388546288093,0.12355462576804142,0.1143958281943214
619,03,kamis_retail,coffee_futures,77,0.33261678259502314,0.0031205285522505695,0.30679637176285,0.006650148797233418,0.006686846897679792,0.016625371993083546
619,03,kamis_retail,corn_futures,77,-0.3435444445352618,0.002221048454309427,-0.2939274035296324,0.009470108866463187,0.0055526211357735675,0.020293090428135402
619,03,kamis_retail,cotton_futures,77,0.10782145447982525,0.350624338098326,0.03249595772651325,0.7790471831411518,0.4382804226229075,0.8989005959320983
619,03,kamis_retail,dow_jones,76,0.23790251640786317,0.038506109392717855,0.1754448325966518,0.12953737208695426,0.06417684898786309,0.1766418710276649
619,03,kamis_retail,kosdaq,77,-0.07205588152212247,0.5334447666521044,-0.09215196529512293,0.42539174223772136,0.5715479642701118,0.5317396777971517
619,03,kamis_retail,kospi,77,0.09641682704182494,0.4041898658104212,0.01325095306954121,0.9089367478190292,0.46637292208894754,0.9089367478190292
619,03,kamis_retail,nasdaq,76,-0.40768885053654247,0.0002567647245552297,-0.3982883431807259,0.000366233324452437,0.0013982519140479292,0.0015027712098511074
619,03,kamis_retail,orange_juice_futures,76,0.015454885130380675,0.8945828960688278,0.016098491322229753,0.8902195823394723,0.8945828960688278,0.9089367478190292
619,03,kamis_retail,rough_rice_futures,76,-0.45549118817634077,3.558511287875436e-05,-0.41386169747347695,0.0002021940186691322,0.0005337766931813153,0.0015027712098511074
619,03,kamis_retail,soybean_futures,77,-0.4029596367099994,0.00027965038280958584,-0.3470290521887735,0.0019877334874767658,0.0013982519140479292,0.005963200462430297
619,03,kamis_retail,sp500,76,-0.2512441983894017,0.02857927239642046,-0.284761195212005,0.012659808956381932,0.05358613574328836,0.02373714179321612
619,03,kamis_retail,sugar_futures,77,-0.3681696404546497,0.0009864451846440395,-0.39341352875370916,0.0004007389892936286,0.003568213184342647,0.0015027712098511074
619,03,kamis_retail,usd_krw,79,0.3582139195419231,0.0011894043947808823,0.4172930763193571,0.00013026262105141894,0.003568213184342647,0.0015027712098511074
619,03,kamis_retail,wheat_futures,77,-0.21459693629528637,0.060905818486248854,-0.22232593674552795,0.05196908773763919,0.09135872772937328,0.08661514622939864
619,04,kamis_retail,kamis_wholesale,79,0.19167352003612903,0.09060672556323038,0.20061877044880488,0.07626388546288093,0.12355462576804142,0.1143958281943214
619,04,kamis_retail,coffee_futures,77,0.33261678259502314,0.0031205285522505695,0.30679637176285,0.006650148797233418,0.006686846897679792,0.016625371993083546
619,04,kamis_retail,corn_futures,77,-0.3435444445352618,0.002221048454309427,-0.2939274035296324,0.009470108866463187,0.0055526211357735675,0.020293090428135402
619,04,kamis_retail,cotton_futures,77,0.10782145447982525,0.350624338098326,0.03249595772651325,0.7790471831411518,0.4382804226229075,0.8989005959320983
619,04,kamis_retail,dow_jones,76,0.23790251640786317,0.038506109392717855,0.1754448325966518,0.12953737208695426,0.06417684898786309,0.1766418710276649
619,04,kamis_retail,kosdaq,77,-0.07205588152212247,0.5334447666521044,-0.09215196529512293,0.42539174223772136,0.5715479642701118,0.5317396777971517
619,04,kamis_retail,kospi,77,0.09641682704182494,0.4041898658104212,0.01325095306954121,0.9089367478190292,0.46637292208894754,0.9089367478190292
619,04,kamis_retail,nasdaq,76,-0.40768885053654247,0.0002567647245552297,-0.3982883431807259,0.000366233324452437,0.0013982519140479292,0.0015027712098511074
619,04,kamis_retail,orange_juice_futures,76,0.015454885130380675,0.8945828960688278,0.016098491322229753,0.8902195823394723,0.8945828960688278,0.9089367478190292
619,04,kamis_retail,rough_rice_futures,76,-0.45549118817634077,3.558511287875436e-05,-0.41386169747347695,0.0002021940186691322,0.0005337766931813153,0.0015027712098511074
619,04,kamis_retail,soybean_futures,77,-0.4029596367099994,0.00027965038280958584,-0.3470290521887735,0.0019877334874767658,0.0013982519140479292,0.005963200462430297
619,04,kamis_retail,sp500,76,-0.2512441983894017,0.02857927239642046,-0.284761195212005,0.012659808956381932,0.05358613574328836,0.02373714179321612
619,04,kamis_retail,sugar_futures,77,-0.3681696404546497,0.0009864451846440395,-0.39341352875370916,0.0004007389892936286,0.003568213184342647,0.0015027712098511074
619,04,kamis_retail,usd_krw,79,0.3582139195419231,0.0011894043947808823,0.4172930763193571,0.00013026262105141894,0.003568213184342647,0.0015027712098511074
619,04,kamis_retail,wheat_futures,77,-0.21459693629528637,0.060905818486248854,-0.22232593674552795,0.05196908773763919,0.09135872772937328,0.08661514622939864
619,05,kamis_retail,kamis_wholesale,79,0.19167352003612903,0.09060672556323038,0.20061877044880488,0.07626388546288093,0.12355462576804142,0.1143958281943214
619,05,kamis_retail,coffee_futures,77,0.33261678259502314,0.0031205285522505695,0.30679637176285,0.006650148797233418,0.006686846897679792,0.016625371993083546
619,05,kamis_retail,corn_futures,77,-0.3435444445352618,0.002221048454309427,-0.2939274035296324,0.009470108866463187,0.0055526211357735675,0.020293090428135402
619,05,kamis_retail,cotton_futures,77,0.10782145447982525,0.350624338098326,0.03249595772651325,0.7790471831411518,0.4382804226229075,0.8989005959320983
619,05,kamis_retail,dow_jones,76,0.23790251640786317,0.038506109392717855,0.1754448325966518,0.12953737208695426,0.06417684898786309,0.1766418710276649
619,05,kamis_retail,kosdaq,77,-0.07205588152212247,0.5334447666521044,-0.09215196529512293,0.42539174223772136,0.5715479642701118,0.5317396777971517
619,05,kamis_retail,kospi,77,0.09641682704182494,0.4041898658104212,0.01325095306954121,0.9089367478190292,0.46637292208894754,0.9089367478190292
619,05,kamis_retail,nasdaq,76,-0.40768885053654247,0.0002567647245552297,-0.3982883431807259,0.000366233324452437,0.0013982519140479292,0.0015027712098511074
619,05,kamis_retail,orange_juice_futures,76,0.015454885130380675,0.8945828960688278,0.016098491322229753,0.8902195823394723,0.8945828960688278,0.9089367478190292
619,05,kamis_retail,rough_rice_futures,76,-0.45549118817634077,3.558511287875436e-05,-0.41386169747347695,0.0002021940186691322,0.0005337766931813153,0.0015027712098511074
619,05,kamis_retail,soybean_futures,77,-0.4029596367099994,0.00027965038280958584,-0.3470290521887735,0.0019877334874767658,0.0013982519140479292,0.005963200462430297
619,05,kamis_retail,sp500,76,-0.2512441983894017,0.02857927239642046,-0.284761195212005,0.012659808956381932,0.05358613574328836,0.02373714179321612
619,05,kamis_retail,sugar_futures,77,-0.3681696404546497,0.0009864451846440395,-0.39341352875370916,0.0004007389892936286,0.003568213184342647,0.0015027712098511074
619,05,kamis_retail,usd_krw,79,0.3582139195419231,0.0011894043947808823,0.4172930763193571,0.00013026262105141894,0.003568213184342647,0.0015027712098511074
619,05,kamis_retail,wheat_futures,77,-0.21459693629528637,0.060905818486248854,-0.22232593674552795,0.05196908773763919,0.09135872772937328,0.08661514622939864
638,00,kamis_retail,kamis_wholesale,79,-0.2833521766129345,0.011392055839304409,-0.44778572516428505,3.505549540330944e-05,0.021360104698695766,0.00010516648620992833
638,00,kamis_retail,coffee_futures,77,0.03886992463835154,0.7371497352593072,-0.004285526488760352,0.9704926480532895,0.7371497352593072,0.9704926480532895
638,00,kamis_retail,corn_futures,77,0.5612846679637583,1.0957094180724297e-07,0.49082997197187894,5.843388656079932e-06,8.217820635543222e-07,2.1912707460299747e-05
638,00,kamis_retail,cotton_futures,77,0.3283807213316782,0.003548726251623409,0.2343205689624186,0.04024991094167235,0.007604413396335876,0.07546858301563567
638,00,kamis_retail,dow_jones,76,0.0506294198028924,0.664041022614448,-0.01733531113009853,0.8818438371331723,0.7114725242297657,0.9448326826426846
638,00,kamis_retail,kosdaq,77,0.14262561777300833,0.21593807716327337,0.1208623636124622,0.29507181914729225,0.2699225964540917,0.34046748363149104
638,00,kamis_retail,kospi,77,0.052984455984819476,0.647201233220239,0.19605626396739845,0.08747410977187182,0.7114725242297657,0.1457901829531197
638,00,kamis_retail,nasdaq,76,0.22977610372388857,0.04585276840467215,0.13009686176184357,0.26265846922426245,0.06877915260700823,0.32832308653032805
638,00,kamis_retail,orange_juice_futures,76,-0.17039140096595473,0.14112776421451817,-0.14216574268722384,0.22055059128423932,0.19244695120161567,0.3054716578859388
638,00,kamis_retail,rough_rice_futures,76,0.3778093159031732,0.0007662428288476638,0.3756767472383244,0.0008252338483261158,0.0019156070721191593,0.0017683582464131052
638,00,kamis_retail,soybean_futures,77,0.5304160179891965,6.991210015737245e-07,0.5397068489549101,4.080596555036672e-07,3.4956050078686222e-06,3.060447416277504e-06
638,00,kamis_retail,sp500,76,0.24363467496984223,0.033936325546038454,0.14111599486189041,0.2240125491163551,0.05656054257673076,0.3054716578859388
638,00,kamis_retail,sugar_futures,77,0.5641733370160773,9.123138110171709e-08,0.5587852506649172,1.282092321924842e-07,8.217820635543222e-07,1.9231384828872627e-06
638,00,kamis_retail,usd_krw,79,-0.43161830534241674,7.141114116006978e-05,-0.4350414224475258,6.160776240021747e-05,0.00021423342348020938,0.00015401940600054368
638,00,kamis_retail,wheat_futures,77,0.4730767245984056,1.39390224741658e-05,0.4957141370070887,4.560835213360533e-06,5.227133427812175e-05,2.1912707460299747e-05
