platform,product_id,title,url,item_code,kind_code,match_status,base_price,member_price,member_discount_scope,shipping_fee,quantity,unit,available,observed_date,collected_at,seller,origin,exclusion_reason,unit_price,comparable_total
naver,9b38e1e38218b4a9380cd333,"광고 자연닮음 공식 새 창에서 열림 찹쌀섞인 맛있는 삼광쌀 10kg 5kg 삼광미 할인 전 판매가 48,200원 4% 할인 46,200 원 (100g당 462원) 배송비 4,000원 N내일배송 9.28.(월) 도착 무료교환반품 별점 4.85 리뷰 102 새 창에서 열림",https://ader.naver.com/v1/CdzDk_PKFYp5jh_t7hxHYpVUH_h-dwdI43pTKw-ckkEgV_0WT3D-OPDv1hPbRWRqDPwmjZHC3eke-c4w5YLG419_wIGT1L7VnLO9fh6O_pKpXc-oPUJJYJTMlcKmxrDGa_dLlZxUDI1OXErCX3wbMKvnv8musKm5wE_AL8FreX1ovnnN-VTISSdaUcA0j8jo-T4hMcgEbufOObV3eSEsmvEPUn-m3DMIXPcEG04xzUd3xWIyecK9PkRE4cXWyT2ZNpBiUC6Z8-59TDMUiwlqsxQzWfp6jLHNeM-b-B00RHoKl3Ldbif0QKudYNNevApeDFvdgHKutjB3f_giRa_4zA==?c=pc.nplusstore.npla&NaPm=1,111,10,exact,46200,,unknown,4000,1,kamis_retail_unit,True,2026-09-27,2026-09-27T14:51:27.807599+09:00,,,,50200,50200
naver,da9c74d09deef990a7bec7d3,"광고 교동은혜농장 새 창에서 열림 [산지직송] 명품쌀 쌀10kg 교동은혜농장 2026년 햅쌀 백미 강화도쌀 강화섬쌀 교동섬쌀 갓도정 10kg, 1개 할인 전 판매가 45,900원 5% 할인 43,500 원 (100g당 435원) 무료배송 무료교환반품 별점 4.84 리뷰 4,347 새 창에서 열림",https://ader.naver.com/v1/CdzDk_PKFYp5jh_t7hxHYpVUH_h-dwdI43pTKw-ckkEgV_0WT3D-OPDv1hPbRWRqDPwmjZHC3eke-c4w5YLG419_wIGT1L7VnLO9fh6O_pIiNOJhybhZFth499CfatISM-hzgoBnyfiqf1TealALIyOLQ3SBebksTd5Xd_8lQoWoXdh42AzjjXGq9Rw_ggfxzApiEpCeyOKYVT_KuL4iVhHj4bA8gESZOq9Ii14lyDkMhFLJDpLW54LOROzqnuTz_WydXCVeYnpDOWjTdIyLtPEiVoE_v95gYxeurE_MXUePl2a1hGdUpIenSsGEHxR4pLnzFxYFrWxUVp_M2kCxFg==?c=pc.nplusstore.npla&NaPm=1,111,10,exact,43500,,unknown,0,1,kamis_retail_unit,True,2026-09-27,2026-09-27T14:51:27.874597+09:00,,,,43500,43500
naver,2bebd9d408ac09cf44bf358f,"광고 이천농산 우수셀러 새 창에서 열림 2026년 햅쌀 이천농산 신동진 쌀 10kg 20kg 할인 전 판매가 65,000원 38% 할인 40,300 원 (100g당 202원) 39,800 원 최대할인가 상세보기 무료배송 무료교환반품 별점 4.83 리뷰 1,187 새 창에서 열림",https://ader.naver.com/v1/CdzDk_PKFYp5jh_t7hxHYpVUH_h-dwdI43pTKw-ckkGLSAXziWJ3iYmvuI6FNpjgwnQDCf3fJQQbItkG3QMtdJxhcZpn300Z6hTjFfiQinXHeaNIC_gO7PycdIj4OTqvqIJMVGCm0acGK3lbPb6DbVa9p2oGZaTeqR4FLSUcfgXmKAd-ip17rpEqWWlLShDrFIZke8yqhbb2EnRln_hEPMQu53I7BkJKlBDjr1_cYs1GWx1VfOq7cJ8S8rvjRgs7_EshGAXI83VzRlqsKouBW9u2iS4PFMxfgcOuSgbPsGOZWj0rsWIxQUnTt1upt91xvmrr_k7w_eANbGbGBwfk9A==?c=pc.nplusstore.npla&NaPm=1,111,10,exact,40300,,unknown,0,1,kamis_retail_unit,True,2026-09-27,2026-09-27T14:51:27.879594+09:00,,,,40300,40300
naver,346dff47b7db0e1eb3b42cc6,"광고 교동은혜농장 새 창에서 열림 [산지직송] 명품쌀 백미 쌀10kg 교동은혜농장 2026년 햅쌀 고시히카리 강화도쌀 강화섬쌀 교동섬쌀 갓도정 10kg, 1개 할인 전 판매가 48,000원 2% 할인 46,900 원 (100g당 469원) 무료배송 무료교환반품 별점 4.83 리뷰 1,652 새 창에서 열림",https://ader.naver.com/v1/CdzDk_PKFYp5jh_t7hxHYpVUH_h-dwdI43pTKw-ckkEgV_0WT3D-OPDv1hPbRWRqDPwmjZHC3eke-c4w5YLG419_wIGT1L7VnLO9fh6O_pJCvEmon-V-kaKnx2MSzEmJbsk9IuVkRNBXlpb78fZvjFDvRzaPCF-UC8pfDBq0GnjLQShktlBttLpMF8emvgTE8UrIu-QHvBSv1YWVh4jyzhUYGwBfl4H6iTuS1INC0fIITF_UamhA90C3sjV-5XvQqT3jlwEVESpjhkktr2yAuy9gfDK0f35X0l1BLdfIhW7SKoiKDwwIF9eOkfflBGHrdSmASX4JuEb4Bdh6dUYMnA==?c=pc.nplusstore.npla&NaPm=1,111,10,exact,46900,,unknown,0,1,kamis_retail_unit,True,2026-09-27,2026-09-27T14:51:27.879594+09:00,,,,46900,46900
naver,fe3d53d2a1a10620affb5d36,"슈퍼적립 슈퍼적립 광고 오덕몰 새 창에서 열림 예약26년 햅쌀 예약구매 보령농협 당일도정 오덕쌀 친들미 10kg 상등급 - 10월 13일 발송 할인 전 판매가 45,900원 5% 할인 43,500 원 (100g당 435원) 멤버십 시작 시 최대6,525원 포인트 적립 무료배송 별점 4.89 리뷰 1,879 새 창에서 열림",https://smartstore.naver.com/main/products/7323137981?nl-query=%EC%8C%80%2010kg&nl-au=2c820dcc620e4a76a9193394834106c3&NaPm=ci%3D2c820dcc620e4a76a9193394834106c3%7Cct%3Dmujehtt9%7Ctr%3Dnslspp%7Csn%3D4582822%7Chk%3D24bebf573a4d8322013dc06396145e86a81d0da2,111,10,exact,43500,,restricted,0,1,kamis_retail_unit,True,2026-09-27,2026-09-27T14:51:27.881496+09:00,,,,43500,43500
naver,cc94893e3a9370286cf4731c,"슈퍼적립 슈퍼적립 광고 쌀명당 공식 새 창에서 열림 쌀명당 더고슬미 1kg, 5개 할인 전 판매가 35,900원 15% 할인 30,300 원 (100g당 606원) 최저가 28,800 원 최대할인가 상세보기 멤버십 시작 시 최대4,320원 포인트 적립 무료배송 별점 4.92 리뷰 943 새 창에서 열림",https://smartstore.naver.com/main/products/8606406406?nl-query=%EC%8C%80%2010kg&nl-au=971d8db1cf134ab0a49054484c6aa1dd&NaPm=ci%3D971d8db1cf134ab0a49054484c6aa1dd%7Cct%3Dmujehtta%7Ctr%3Dnslctg%7Csn%3D8152904%7Chk%3De3b4d556b23d7be74a361c38228ff9c9c8b45798,111,10,compatible,30300,,restricted,0,0.1,kamis_retail_unit,True,2026-09-27,2026-09-27T14:51:27.882502+09:00,,,,3.0300E+5,30300
naver,9690127cbdbdddd6cc4cdfdf,"명성쌀 공식 새 창에서 열림 [농할쿠폰] [경기도] 백진주 쌀 10kg 백미 단일품종 경기미 39,900 원 (100g당 399원) 37,400 원 최대할인가 상세보기 N새벽배송 내일(월) 07시 전 도착 무료배송 별점 4.87 리뷰 3,433 새 창에서 열림",https://smartstore.naver.com/main/products/10980895487?nl-query=%EC%8C%80%2010kg&nl-au=784ccb7e09f74e859f1d5fc8ca95a0fb&NaPm=ci%3D784ccb7e09f74e859f1d5fc8ca95a0fb%7Cct%3Dmujehtta%7Ctr%3Dnslsl%7Csn%3D715588%7Chk%3D7f670806207bccc74e9a7e8e40d41984372038ff,111,10,exact,39900,,restricted,0,1,kamis_retail_unit,True,2026-09-27,2026-09-27T14:51:27.883502+09:00,,,,39900,39900
naver,6330d21934f03263c1fcff9e,"명성쌀 공식 새 창에서 열림 명성미곡처리장 명성쌀 햅쌀 고시히카리 10kg, 1개 44,900 원 (100g당 449원) 최저가 44,800 원 최대할인가 상세보기 N새벽배송 내일(월) 07시 전 도착 무료배송 별점 4.84 리뷰 8,223 새 창에서 열림",https://smartstore.naver.com/main/products/5172468786?nl-query=%EC%8C%80%2010kg&nl-au=abfd62626d5f4fb3b81ed17c31cc6d0b&NaPm=ci%3Dabfd62626d5f4fb3b81ed17c31cc6d0b%7Cct%3Dmujehtta%7Ctr%3Dnslctg%7Csn%3D715588%7Chk%3D5c761a01c971fd84ffd9f90a5f9f8461afc4315d,111,10,exact,44900,,unknown,0,1,kamis_retail_unit,True,2026-09-27,2026-09-27T14:51:27.883502+09:00,,,,44900,44900
coupang,902e10270078b8c7e7a6e585,"농협 정조대왕쌀, 10kg, 1개, 상등급34,900원(100g당 349원)내일(월) 도착 보장무료배송(561)최대 1,745원 적립광고",,111,10,exact,34900,,unknown,0,1,kamis_retail_unit,True,2026-09-27,2026-09-27T15:08:25.205586+09:00,,,,34900,34900
coupang,554849ee1016cc8bea5c6200,"[26년 햅쌀] 추석할인행사 대왕님표 여주쌀 진상미 [백화점 납품용 프리미엄쌀], 10kg, 1개, 상등급할인· 08:50:3499,000원39%59,900원(100g당 599원)내일(월) 도착 보장무료배송(3,050)최대 2,995원 적립광고",,111,10,exact,59900,,unknown,0,1,kamis_retail_unit,True,2026-09-27,2026-09-27T15:08:25.223696+09:00,,,,59900,59900
coupang,5d40303569d434b177f5ec94,"정읍시농협 엄마의정성 집밥미 백미 상등급, 10kg, 1개29,900원(100g당 299원)내일(월) 도착 보장무료배송(1,203)최대 1,470원 적립1",,111,10,rejected,29900,,unknown,0,1,kamis_retail_unit,True,2026-09-27,2026-09-27T15:08:25.224972+09:00,,,item_name_mismatch,29900,29900
coupang,1ca66dbdeda38046490c6bf1,"곰곰 2026년산 햅쌀 소중한 우리쌀 상등급, 10kg, 1개42,800원15%35,990원(100g당 360원)내일(월) 도착 보장무료배송(630,386)최대 1,800원 적립2",,111,10,exact,35990,,unknown,0,1,kamis_retail_unit,True,2026-09-27,2026-09-27T15:08:25.225978+09:00,,,,35990,35990
coupang,db44236eaa939612aa9797ed,"구미시농협 영호진미 쌀 백미 상등급, 10kg, 1개32,000원6%29,900원(100g당 299원)내일(월) 도착 보장무료배송(310)최대 1,495원 적립3",,111,10,exact,29900,,unknown,0,1,kamis_retail_unit,True,2026-09-27,2026-09-27T15:08:25.226978+09:00,,,,29900,29900
coupang,d12630d4ea2f5cadb00d58e1,"BEST AWARDS설명왕의밥상 백미 상등급, 10kg, 1개41,900원11%36,900원(100g당 369원)내일(월) 도착 보장무료배송(267,261)최대 1,845원 적립광고",,111,10,rejected,36900,,unknown,0,1,kamis_retail_unit,True,2026-09-27,2026-09-27T15:08:25.227977+09:00,,,item_name_mismatch,36900,36900
coupang,a72432f91ec1dfeb109bf72e,"청원생명농협 왕의밥상 특등급 완전미, 10kg, 1개42,900원13%36,900원(100g당 369원)내일(월) 도착 보장무료배송(12,806)최대 1,795원 적립광고",,111,10,rejected,36900,,unknown,0,1,kamis_retail_unit,True,2026-09-27,2026-09-27T15:08:25.228977+09:00,,,item_name_mismatch,36900,36900
coupang,141af876e3dcb64cc7847574,"예천군농협 예담진미 영호진미쌀 상등급, 10kg, 1개39,900원23%30,400원(100g당 304원)내일(월) 도착 보장무료배송(19,503)최대 1,520원 적립4",,111,10,exact,30400,,unknown,0,1,kamis_retail_unit,True,2026-09-27,2026-09-27T15:08:25.229978+09:00,,,,30400,30400
coupang,7355deaf16acae198b24f331,"국내산 강원도 수미 감자 햇감자, 1개, 5kg (중)할인23,900원66%7,900원(100g당 158원)모레(화) 도착 예정무료배송 ∙ 오늘출발 ∙ 무료반품(11,050)최대 395원 적립1",,152,00,rejected,7900,,unknown,0,1,kamis_retail_unit,True,2026-09-27,2026-09-27T15:09:35.398001+09:00,,,incompatible_unit,7900,7900
coupang,4cce9c49bde03f9820101a67,"[농가직배송] 당일수확 포슬포슬 햇 홍감자 로열과, 1개, 10kg(대) 찜용할인154,900원68%49,310원(100g당 493원)9/30(수) 도착 예정무료배송(59)최대 2,465원 적립광고",,152,00,rejected,49310,,unknown,0,1,kamis_retail_unit,True,2026-09-27,2026-09-27T15:09:35.449877+09:00,,,incompatible_unit,49310,49310
coupang,8b324a042a1867c23e94b74f,"국내산 햇감자 포슬포슬 수미감자, 1개, 5kg쿠폰할인42,900원46%22,910원(100g당 458원)9/30(수) 도착 예정무료배송(208)최대 1,145원 적립광고",,152,00,rejected,22910,,restricted,0,1,kamis_retail_unit,True,2026-09-27,2026-09-27T15:09:35.455646+09:00,,,incompatible_unit,22910,22910
coupang,8ee6ad33cc8e0764cad7206b,"국내산 햇 감자, 1kg, 1개2,590원(100g당 259원)내일(월) 새벽 도착 보장(451,849)최대 130원 적립2",,152,00,rejected,2590,,unknown,0,1,kamis_retail_unit,True,2026-09-27,2026-09-27T15:09:35.459633+09:00,,,shipping_unknown,2590,2590
coupang,594bd03d0abb5d79cad53c4d,"국내산 26년 햇감자 수미 감자, 5kg (대), 1박스쿠폰할인34,900원68%10,900원(100g당 218원)모레(화) 도착 예정무료배송 ∙ 오늘출발 ∙ 무료반품(57,327)최대 545원 적립3",,152,00,exact,10900,,restricted,0,5,kamis_retail_unit,True,2026-09-27,2026-09-27T15:09:35.459633+09:00,,,,2180,10900
coupang,9c26afd7e73997af1cfcc289,"강원도감자 두백감자 햇감자 포슬포슬 분감자 산지직송, 1박스, 특(100~160g) 3kg쿠폰할인· 08:50:2820,000원45%10,850원(100g당 362원)10/1(목) 도착 예정무료배송(298)최대 543원 적립품절임박광고",,152,00,exact,10850,,restricted,0,0.16,kamis_retail_unit,False,2026-09-27,2026-09-27T15:09:35.470452+09:00,,,,67812.5,10850
coupang,0c6f1b3e25b44b4c5f4f5f38,"국내산 햇 감자, 5kg, 1개11,900원(100g당 238원)내일(월) 새벽 도착 보장(451,849)최대 595원 적립4",,152,00,rejected,11900,,unknown,0,5,kamis_retail_unit,True,2026-09-27,2026-09-27T15:09:35.470452+09:00,,,shipping_unknown,2380,11900
coupang,c50dd77f36ee4e8012a7256b,"행복한 농부 완숙찰토마토 /5kg 토마토 드시고 건강하세요, 1개, 5kg, 찰토마토(중과)58,000원31%39,900원10/1(목) 도착 예정무료배송(10,171)최대 1,995원 적립광고",,225,00,exact,39900,,unknown,0,5,kamis_retail_unit,True,2026-09-27,2026-09-27T15:09:47.864068+09:00,,,,7980,39900
coupang,a23aab7551f04739cd8c26c6,"[100%품질보장] 완숙토마토 정품 신선선별, 1박스, 5kg할인29,900원13%25,900원(100g당 518원)10/2(금) 도착 예정무료배송(215)최대 1,295원 적립품절임박광고",,225,00,exact,25900,,unknown,0,5,kamis_retail_unit,False,2026-09-27,2026-09-27T15:09:47.867068+09:00,,,,5180,25900
coupang,a83428ebb5d4d74a18570545,"[단골맛집] 잘 익은 완숙 토마토, 1박스, 5kg쿠폰할인40,900원53%18,900원(100g당 378원)10/2(금) 도착 예정무료배송(50)최대 945원 적립1",,225,00,exact,18900,,restricted,0,5,kamis_retail_unit,True,2026-09-27,2026-09-27T15:09:47.870352+09:00,,,,3780,18900
coupang,d4917d7d6e775703006b7721,"[타임특가] 단단한 완숙토마토, 1박스, 2.5kg (소과)할인17,000원39%10,260원(100g당 410원)9/30(수) 도착 예정무료배송(301)최대 508원 적립2",,225,00,exact,10260,,unknown,0,2.5,kamis_retail_unit,True,2026-09-27,2026-09-27T15:09:47.873009+09:00,,,,4104,10260
coupang,51d7ed4dcd2f8d363840a1bc,"국내산 완숙 토마토 초특가, 1개, 5kg 소과할인55,000원59%22,530원(100g당 451원)9/30(수) 도착 예정무료배송 ∙ 오늘출발(2,058)최대 1,126원 적립3",,225,00,rejected,22530,,unknown,0,1,kamis_retail_unit,True,2026-09-27,2026-09-27T15:09:47.876014+09:00,,,incompatible_unit,22530,22530
coupang,10a2d650447dc0379a3a1add,"[새벽경매] 토마토 완숙토마토 신선보장, 1박스, 완숙토마토 5kg쿠폰할인· 08:49:1280,000원60%31,800원(100g당 636원)9/30(수) 도착 예정무료배송(290)최대 1,590원 적립광고",,225,00,exact,31800,,restricted,0,5,kamis_retail_unit,True,2026-09-27,2026-09-27T15:09:47.904669+09:00,,,,6360,31800
coupang,d95ff96cb21271a8e96f714a,"[아침마당] 대추방울토마토 소과 2KG (소과2kg 2개 구매 시 1KG추가! 총 5KG배송), 1개, 2kg(소과)32,900원42%18,900원(100g당 945원)모레(화) 도착 예정무료배송 ∙ 오늘출발(1,381)최대 945원 적립광고",,225,00,exact,18900,,unknown,0,2,kamis_retail_unit,True,2026-09-27,2026-09-27T15:09:47.909505+09:00,,,,9450,18900
coupang,3643c0135d21de9d87fafda5,"[산지직송] 강원도 고랭지 완숙토마토 국내산, 1박스, 5kg할인41,900원54%18,900원(100g당 378원)10/1(목) 도착 예정무료배송(97)최대 945원 적립4",,225,00,exact,18900,,unknown,0,5,kamis_retail_unit,True,2026-09-27,2026-09-27T15:09:47.913503+09:00,,,,3780,18900
coupang,b57ee4cba2bc3833228aca5f,"국내산 맛있는 햇 무, 1박스, 3kg할인10,900원27%7,900원(100g당 263원)모레(화) 도착 예정무료배송 ∙ 오늘출발(5,124)최대 395원 적립1",,231,03,rejected,7900,,unknown,0,1,kamis_retail_unit,True,2026-09-27,2026-09-27T15:09:53.792026+09:00,,,incompatible_unit,7900,7900
coupang,2d628df76d090c78ed0998b2,"솔림텃밭몰 김장무씨앗 2000립 달고나씨앗 김장무 가을무 무씨앗, 1개15,000원48%7,680원(1개당 7,680원)모레(화) 도착 예정무료배송 ∙ 오늘출발(296)최대 384원 적립2",,231,03,rejected,7680,,unknown,0,1,kamis_retail_unit,True,2026-09-27,2026-09-27T15:09:53.795022+09:00,,,forbidden_product_type,7680,7680
coupang,010978071b66497c0d716fda,"국내산 무 흙무 제철 햇무 무우, 1개, 흙무 3kg할인· 1일 남음11,000원49%5,590원(100g당 186원)10/1(목) 도착 예정무료배송(61)최대 280원 적립3",,231,03,compatible,5590,,unknown,0,1,kamis_retail_unit,True,2026-09-27,2026-09-27T15:09:53.797007+09:00,,,,5590,5590
coupang,ebb31b2263902b45449e02ed,"국내산 무 흙무 제철 햇무 무우, 1개, 흙무 5kg할인· 1일 남음14,000원52%6,690원(100g당 134원)10/1(목) 도착 예정무료배송(61)최대 335원 적립4",,231,03,compatible,6690,,unknown,0,1,kamis_retail_unit,True,2026-09-27,2026-09-27T15:09:53.800025+09:00,,,,6690,6690
coupang,8142cce1ff49d822f3c0eee7,"국내산 무 제철 햇무 흙무, 1박스, 3kg7,900원12%6,880원(100g당 229원)10/1(목) 도착 예정무료배송(296)최대 344원 적립5",,231,03,rejected,6880,,unknown,0,1,kamis_retail_unit,True,2026-09-27,2026-09-27T15:09:53.806034+09:00,,,incompatible_unit,6880,6880
coupang,33e1308a8edacfa139f7674e,"김장무 씨앗 서호김장무 2천립 농우바이오 달콤한 김장무 가을무 씨앗 배맛나는 무씨앗 배무종자, 1개14,000원38%8,670원(1개당 8,670원)모레(화) 도착 예정무료배송 ∙ 오늘출발(284)최대 434원 적립6",,231,03,rejected,8670,,unknown,0,1,kamis_retail_unit,True,2026-09-27,2026-09-27T15:09:53.809032+09:00,,,forbidden_product_type,8670,8670
coupang,3bfc94a2a8d243ec87354cb8,"국내산 전라도 고랭지 가을무 지방 무우, 1개, 10kg16,300원(100g당 163원)9/30(수) 도착 예정무료배송 ∙ 오늘출발(12)최대 815원 적립7",,231,03,exact,16300,,unknown,0,1,kamis_retail_unit,True,2026-09-27,2026-09-27T15:09:53.812033+09:00,,,,16300,16300
coupang,ff526d4df55060759e0cb8ca,"농사농 저장성 강한 종자 단단한 가을무 달고 맛있는 김장무 가을 명품무 씨앗 2000립 (농사농), 1개16,200원배송비 3,500원9/30(수) 도착 예정(7)최대 810원 적립8",,231,03,rejected,16200,,unknown,3500,1,kamis_retail_unit,True,2026-09-27,2026-09-27T15:09:53.816057+09:00,,,forbidden_product_type,19700,19700
coupang,d1df54df964ea822d9905be8,"최상급 양파 햇양파 무안 [원산지: 국산], 1개, 대용량 양파 15kg (대)30,100원(100g당 201원)모레(화) 도착 예정무료배송 ∙ 오늘출발(215)최대 1,505원 적립광고",,245,00,rejected,30100,,unknown,0,1,kamis_retail_unit,True,2026-09-27,2026-09-27T15:09:59.922992+09:00,,,incompatible_unit,30100,30100
coupang,bdf98d6889ce72074dcf99f1,"친정엄마꾸러미 뚝딱 양파 (냉동), 2개, 500g할인· 15:49:595,680원35%3,680원(100g당 368원)내일(월) 새벽 도착 보장(10,047)최대 184원 적립광고",,245,00,rejected,3680,,unknown,0,1,kamis_retail_unit,True,2026-09-27,2026-09-27T15:09:59.926020+09:00,,,forbidden_product_type,3680,3680
coupang,411a413621ef269210461a03,"국내산 양파, 1.5kg, 1개3,080원(100g당 205원)내일(월) 새벽 도착 보장(705,174)최대 154원 적립1",,245,00,rejected,3080,,unknown,0,1.5,kamis_retail_unit,True,2026-09-27,2026-09-27T15:09:59.927988+09:00,,,shipping_unknown,2053.333333333333333333333333,3080
coupang,c307e4fdd4a9c66a1f9bf617,"국내산 양파, 5kg (대), 1개7,990원(100g당 160원)내일(월) 새벽 도착 보장(341,747)최대 400원 적립2",,245,00,rejected,7990,,unknown,0,5,kamis_retail_unit,True,2026-09-27,2026-09-27T15:09:59.929496+09:00,,,shipping_unknown,1598,7990
coupang,17298162bcd2584fa2758bd4,"국내산 양파, 1kg(대), 1개2,580원(100g당 258원)내일(월) 새벽 도착 보장(705,174)최대 129원 적립3",,245,00,rejected,2580,,unknown,0,1,kamis_retail_unit,True,2026-09-27,2026-09-27T15:09:59.930497+09:00,,,shipping_unknown,2580,2580
coupang,bd890f0af5c387c1338bfea7,"단단하고 신선한 국내산 양파, 1개, 5kg 중소혼합할인· 20:00:0015,000원48%7,700원(100g당 154원)9/30(수) 도착 예정무료배송(956)최대 333원 적립광고",,245,00,rejected,7700,,unknown,0,1,kamis_retail_unit,True,2026-09-27,2026-09-27T15:09:59.931497+09:00,,,incompatible_unit,7700,7700
coupang,4887518f5078331ec5d1898f,"산지직송 국내산 단단한 햇 양파 상급, 1박스, 5kg쿠폰할인29,850원36%18,900원(100g당 378원)10/2(금) 도착 예정무료배송(48)최대 945원 적립광고",,245,00,exact,18900,,restricted,0,5,kamis_retail_unit,True,2026-09-27,2026-09-27T15:09:59.933497+09:00,,,,3780,18900
coupang,072427f66310ccbb9bb8a447,"최상품 국내산 단단한 무안 햇 양파, 5kg(중대 혼합), 1박스할인20,000원54%9,020원(100g당 180원)모레(화) 도착 예정무료배송 ∙ 오늘출발 ∙ 무료반품(14,067)최대 446원 적립4",,245,00,exact,9020,,unknown,0,5,kamis_retail_unit,True,2026-09-27,2026-09-27T15:09:59.934511+09:00,,,,1804,9020
coupang,535ef78080805983f3b6c76d,"나주직송 햇 나주배 선물세트 7.5kg 실속 고급 프리미엄, 1개, 나주배 프리미엄 7.5kg 선물세트 1호(6-8과)85,000원23%65,000원(100g당 867원)10/1(목) 도착 예정무료배송최대 3,250원 적립광고",,412,01,rejected,65000,,unknown,0,1,kamis_retail_unit,True,2026-09-27,2026-09-27T15:10:18.110952+09:00,,,incompatible_unit,65000,65000
coupang,4edaf0b5b5a64e6602180a71,"울산 서생배 햇배 신고배, 1박스, 5kg, 5과55,000원14%46,900원9/30(수) 도착 예정무료배송(54)최대 2,345원 적립광고",,412,01,rejected,46900,,unknown,0,1,kamis_retail_unit,True,2026-09-27,2026-09-27T15:10:18.121158+09:00,,,incompatible_unit,46900,46900
coupang,37fd7168c593d58fc8c67e87,"스마일프레쉬 맛있는 나주배 신고배 과일 배 선물세트, 1개, 나주배 5kg 특품 선물용(9-12과)쿠폰할인109,000원69%32,990원(100g당 660원)10/2(금) 도착 예정무료배송(842)최대 1,650원 적립1",,412,01,exact,32990,,restricted,0,0.1,kamis_retail_unit,True,2026-09-27,2026-09-27T15:10:18.121965+09:00,,,,3.2990E+5,32990
coupang,1bdeee5cf48049f916c60894,"[박가네] 특품 나주배 신고배 선물용 명절 선물세트, 1박스, [박가네]7.5kg(11~13과)쿠폰할인83,000원37%52,200원(100g당 696원)10/1(목) 도착 예정무료배송(594)최대 2,610원 적립2",,412,01,rejected,52200,,restricted,0,1,kamis_retail_unit,True,2026-09-27,2026-09-27T15:10:18.121965+09:00,,,incompatible_unit,52200,52200
coupang,25375ac7ce07b00308f4bbe4,"[초대박특가] 고당도 26년 국내산 가정용 신고배 햇배, 1박스, 5kg (특대과)할인46,500원53%21,800원(100g당 436원)10/2(금) 도착 예정무료배송 ∙ 무료반품(31)최대 1,090원 적립광고",,412,01,rejected,21800,,unknown,0,1,kamis_retail_unit,True,2026-09-27,2026-09-27T15:10:18.140415+09:00,,,incompatible_unit,21800,21800
coupang,08d9e4f3df7601f1179ea148,"네이처월드 추석 명절 선물 세트 명품 배 9구 상주배 4kg 내외, 1세트50,000원22%38,790원(100g당 970원)모레(화) 도착 예정무료배송(10)최대 1,940원 적립광고",,412,01,rejected,38790,,unknown,0,1,kamis_retail_unit,True,2026-09-27,2026-09-27T15:10:18.140415+09:00,,,incompatible_unit,38790,38790
coupang,d3e74817ce7753587b74c6b9,"아삭달콤 가정용 배 실속형배 신고배 국내산, 1개, 5kg할인44,500원66%14,900원(100g당 298원)10/1(목) 도착 예정무료배송(840)최대 504원 적립4",,412,01,exact,14900,,unknown,0,0.1,kamis_retail_unit,True,2026-09-27,2026-09-27T15:10:18.140415+09:00,,,,1.4900E+5,14900
coupang,174af0392ca2812aebc833db,"채소애 강원도 고랭지 배추 1포기13,600원14%11,600원9/30(수) 도착 예정무료배송 ∙ 오늘출발(18)최대 580원 적립1",,211,03,compatible,11600,,unknown,0,1,kamis_retail_unit,True,2026-09-27,2026-09-27T19:39:23.020626+09:00,,,,11600,11600
coupang,1263b1e0ea3332768613657e,"여름 배추의 진수 고랭지 배추 (강원도 평창산) 푸른 잎이 맛있는 고랭지배추 드셔보세요 ~ 지금이 기회 1포기에 2KG 내외 (엠제이프레쉬), 7kg, 1박스47,000원59%19,000원(100g당 271원)모레(화) 도착 예정무료배송 ∙ 오늘출발(683)최대 950원 적립2",,211,03,compatible,19000,,unknown,0,1,kamis_retail_unit,True,2026-09-27,2026-09-27T19:39:23.036196+09:00,,,,19000,19000
coupang,6927975bbb5c1fb12d3d0016,"강원도 통큰배추 1포기, 2.5kg, 1개14,900원(100g당 596원)모레(화) 도착 예정무료배송 ∙ 오늘출발(12)최대 745원 적립3",,211,03,compatible,14900,,unknown,0,1,kamis_retail_unit,True,2026-09-27,2026-09-27T19:39:23.038199+09:00,,,,14900,14900
coupang,3f1807adb9c368f4233bbe58,"빠리농산 국내산 배추 1포기 (3kg), 3kg, 1박스13,800원15%11,600원(100g당 387원)9/30(수) 도착 예정무료배송 ∙ 오늘출발최대 580원 적립4",,211,03,compatible,11600,,unknown,0,1,kamis_retail_unit,True,2026-09-27,2026-09-27T19:39:23.040210+09:00,,,,11600,11600
coupang,9b8dcd4f94623fef9aee22a0,"여름 배추의 진수 고랭지 배추 (강원도 평창산) 푸른 잎이 맛있는 고랭지배추 드셔보세요 ~ 지금이 기회 1포기에 2KG 내외 (엠제이프레쉬), 5kg, 1박스할인32,000원45%17,500원(100g당 350원)모레(화) 도착 예정무료배송 ∙ 오늘출발(683)최대 875원 적립5",,211,03,compatible,17500,,unknown,0,1,kamis_retail_unit,True,2026-09-27,2026-09-27T19:39:23.041198+09:00,,,,17500,17500
coupang,1d4d07ae390946baeeb64b04,"두메 강원도 영월 고랭지 절임배추 월 화 수 목 금 출고 HACCP인증 5키로 10키로 20키로, 5kg, 1개, 월화수목금33,900원17%27,900원(100g당 558원)9/30(수) 도착 예정무료배송(3,704)최대 1,395원 적립광고",,211,03,rejected,27900,,unknown,0,1,kamis_retail_unit,True,2026-09-27,2026-09-27T19:39:23.042213+09:00,,,incompatible_unit,27900,27900
coupang,cfa5fbb2a7e5044e78042358,"나물투데이 국내산 데친 알배기배추 (냉동), 1개, 250g4,470원(100g당 1,788원)내일(월) 새벽 도착 보장(56)최대 224원 적립단 4개 남음빨리 주문하세요!광고",,211,03,rejected,4470,,unknown,0,1,kamis_retail_unit,True,2026-09-27,2026-09-27T19:39:23.043223+09:00,,,forbidden_product_type,4470,4470
coupang,8a460312e79f7e91b2c5addb,"싱싱한 알배기 1통 알배추 쌈배추, 1개, 300g3,600원(100g당 1,200원)배송비 3,500원 조건부 무료배송모레(화) 도착 예정오늘출발(587)최대 180원 적립6",,211,03,rejected,3600,,unknown,3500,1,kamis_retail_unit,True,2026-09-27,2026-09-27T19:39:23.044615+09:00,,,incompatible_unit,7100,7100
coupang,74e7e83aa172e9c6bd2ca274,"국산 창녕 2026 햇마늘 햇 마늘 최상품 깐마늘, 1개, 1kg(대)18,800원26%13,800원(100g당 1,380원)모레(화) 도착 예정무료배송 ∙ 오늘출발(2,073)최대 662원 적립광고",,258,01,compatible,13800,,unknown,0,1,kamis_retail_unit,True,2026-09-27,2026-09-27T19:39:28.831842+09:00,,,,13800,13800
coupang,906fa6662f75e51cedb36cc2,"마늘담 국내산 창녕 2026년 햇 깐마늘 3kg 중 사이즈, 1개, 3kg(중)할인37,800원22%29,250원(100g당 975원)모레(화) 도착 예정무료배송 ∙ 오늘출발(2,435)최대 1,463원 적립광고",,258,01,compatible,29250,,unknown,0,3,kamis_retail_unit,True,2026-09-27,2026-09-27T19:39:28.833828+09:00,,,,9750,29250
coupang,4834bf3b9fe557caf559970e,"국내산 깐마늘, 1kg, 1개9,480원(100g당 948원)내일(월) 새벽 도착 보장(269,093)최대 474원 적립1",,258,01,rejected,9480,,unknown,0,1,kamis_retail_unit,True,2026-09-27,2026-09-27T19:39:28.835848+09:00,,,shipping_unknown,9480,9480
coupang,1b0dc61ba8d3a1aa150bc054,"곰곰X농협 국산 깐마늘, 1개, 1kg9,990원(100g당 999원)내일(월) 새벽 도착 보장(1,388)최대 500원 적립2",,258,01,rejected,9990,,unknown,0,1,kamis_retail_unit,True,2026-09-27,2026-09-27T19:39:28.838871+09:00,,,shipping_unknown,9990,9990
coupang,ad7b4bb1eb3a5e56bafd857a,"26년 국산 창녕 특품 햇깐마늘 통마늘, 1개, 1kg(특품 중)할인25,000원52%11,800원(100g당 1,180원)모레(화) 도착 예정무료배송 ∙ 오늘출발(1,488)최대 590원 적립3",,258,01,compatible,11800,,unknown,0,1,kamis_retail_unit,True,2026-09-27,2026-09-27T19:39:28.839858+09:00,,,,11800,11800
coupang,693b0b9c2c3fed4edbc4d6e7,"조양FNG HACCP인증 국산 다진마늘, 1kg, 3개할인44,400원47%23,500원(100g당 783원)모레(화) 도착 예정무료배송 ∙ 오늘출발(24,223)최대 1,163원 적립광고",,258,01,rejected,23500,,unknown,0,1,kamis_retail_unit,True,2026-09-27,2026-09-27T19:39:28.840880+09:00,,,item_name_mismatch,23500,23500
coupang,bb0b9ca3b0174b2627d09a4f,"국내산 26년 햇 깐마늘 갈릭803 창녕 대서마늘, 1개, 3kg(중)할인39,800원26%29,250원(100g당 975원)모레(화) 도착 예정무료배송 ∙ 오늘출발(2,187)최대 1,463원 적립광고",,258,01,compatible,29250,,unknown,0,3,kamis_retail_unit,True,2026-09-27,2026-09-27T19:39:28.842860+09:00,,,,9750,29250
coupang,c9d2c2c518ca3a189b72668d,"국내산 울팜 창녕 깐마늘 국산 마늘 당일제조 특품 최상품, 1개, 1kg(깐마늘 중)쿠폰할인15,800원27%11,500원(100g당 1,150원)9/30(수) 도착 예정무료배송 ∙ 오늘출발(9,846)최대 575원 적립4",,258,01,compatible,11500,,restricted,0,1,kamis_retail_unit,True,2026-09-27,2026-09-27T19:39:28.843860+09:00,,,,11500,11500
coupang,abbe6da2c031e438dc86812a,"가정용 산지직송 고당도 부사사과 중과, 10개25,600원(1세트당 2,560원)배송비 3,000원 조건부 무료배송10/1(목) 도착 예정최대 1,280원 적립3",,411,05,compatible,25600,,unknown,3000,1,kamis_retail_unit,True,2026-09-27,2026-09-27T19:39:34.736675+09:00,,,,28600,28600
coupang,b349027a755e8666b3dda608,"바다공방 96프로 주방 해방 고등어 조림용 (냉장), 1개, 350g(2미)6,400원(100g당 1,829원)내일(월) 새벽 도착 보장(300)최대 295원 적립1",,611,05,rejected,6400,,unknown,0,1,kamis_retail_unit,True,2026-09-27,2026-09-27T19:39:40.429684+09:00,,,incompatible_unit,6400,6400
coupang,a8151bfbe0426253959672dd,"이동삼 안동 간고등어 국산 손질 고등어 구이 조림용 생선 명절 선물용 선물세트 소 중 대 특대 5팩 10팩 15팩 20팩, 100g, 10개쿠폰할인32,000원22%24,750원(100g당 2,475원)모레(화) 도착 예정무료배송 ∙ 오늘출발(1,386)최대 955원 적립광고",,611,05,rejected,24750,,restricted,0,1,kamis_retail_unit,True,2026-09-27,2026-09-27T19:39:40.430687+09:00,,,incompatible_unit,24750,24750
coupang,012389bf8ddc48835589a25d,"제주반석 고등어 저염자반 순살 구이용 개별진공포장 간편조리생선 손질고등어, 자반고등어2kg(6마리), 1개, 2kg34,000원10/2(금) 도착 예정무료배송(11)최대 1,700원 적립광고",,611,05,rejected,34000,,unknown,0,1,kamis_retail_unit,True,2026-09-27,2026-09-27T19:39:40.431693+09:00,,,incompatible_unit,34000,34000
coupang,b162b9e618036389b4232a89,"[국내 자연산]얼리지않은 생물 대왕고등어 통통한사이즈 고등어구이, 1박스, 2kg쿠폰할인29,500원33%19,500원(100g당 975원)모레(화) 도착 예정무료배송 ∙ 오늘출발(17)최대 975원 적립2",,611,05,rejected,19500,,restricted,0,1,kamis_retail_unit,True,2026-09-27,2026-09-27T19:39:40.432688+09:00,,,incompatible_unit,19500,19500
coupang,55a87aa7ea19c7fc614b7686,"맛있는 국산 자반 간고등어 10마리, 1개, 2.2kg~2.3kg할인23,000원22%17,910원모레(화) 도착 예정무료배송 ∙ 오늘출발(102)최대 895원 적립3",,611,05,compatible,17910,,unknown,0,10,kamis_retail_unit,True,2026-09-27,2026-09-27T19:39:40.433687+09:00,,,,1791,17910
coupang,1e8f1ffa64e4c64eff247531,"[선물포장] 제주창해수산 등푸른 손질 고등어 1팩당 120g이상, 1팩당 120~160g, 21개105,600원32%71,700원(100g당 2,845원)10/1(목) 도착 예정무료배송(30)최대 3,585원 적립광고",,611,05,rejected,71700,,unknown,0,1,kamis_retail_unit,True,2026-09-27,2026-09-27T19:39:40.436685+09:00,,,incompatible_unit,71700,71700
coupang,c93a15f9a605b0422e6e0325,"BEST AWARDS설명왕의밥상 백미 상등급, 10kg, 1개41,900원11%36,900원(100g당 369원)내일(월) 도착 보장무료배송(267,383)최대 1,845원 적립광고",,111,10,rejected,36900,,unknown,0,1,kamis_retail_unit,True,2026-09-27,2026-09-27T19:41:40.948034+09:00,,,item_name_mismatch,36900,36900
coupang,5c8358f8b48ebd5f83ee929c,"농협 정조대왕쌀, 10kg, 1개, 상등급34,900원(100g당 349원)내일(월) 도착 보장무료배송(564)최대 1,745원 적립광고",,111,10,exact,34900,,unknown,0,1,kamis_retail_unit,True,2026-09-27,2026-09-27T19:41:40.965034+09:00,,,,34900,34900
coupang,73b36d18f04c63a8a3ca63af,"구미시농협 일선정품 쌀 백미 상등급, 10kg, 1개32,000원10%28,670원(100g당 287원)내일(월) 도착 보장무료배송(1,775)최대 1,434원 적립1",,111,10,exact,28670,,unknown,0,1,kamis_retail_unit,True,2026-09-27,2026-09-27T19:41:40.966033+09:00,,,,28670,28670
coupang,1b5140de79426e502fe5155a,"곰곰 2026년산 햅쌀 소중한 우리쌀 상등급, 10kg, 1개42,800원15%35,990원(100g당 360원)내일(월) 도착 보장무료배송(630,578)최대 1,800원 적립2",,111,10,exact,35990,,unknown,0,1,kamis_retail_unit,True,2026-09-27,2026-09-27T19:41:40.967054+09:00,,,,35990,35990
coupang,33b76980b20f09297b2b9619,"정읍시농협 엄마의정성 집밥미 백미 상등급, 10kg, 1개29,900원(100g당 299원)내일(월) 도착 보장무료배송(1,213)최대 1,470원 적립3",,111,10,rejected,29900,,unknown,0,1,kamis_retail_unit,True,2026-09-27,2026-09-27T19:41:40.968580+09:00,,,item_name_mismatch,29900,29900
coupang,b4dea1dd5c4bed1173a76fc0,"여왕의만찬 삼광미 우리쌀 백미 특등급, 10kg, 1개36,900원(100g당 369원)내일(월) 도착 보장무료배송(237,523)최대 1,820원 적립광고",,111,10,exact,36900,,unknown,0,1,kamis_retail_unit,True,2026-09-27,2026-09-27T19:41:40.969614+09:00,,,,36900,36900
coupang,bb4fc0db08efec5b5e7913e4,"대왕의진미 새청무 백미 특등급, 10kg, 1개32,900원(100g당 329원)내일(월) 도착 보장무료배송(4,125)최대 1,645원 적립광고",,111,10,rejected,32900,,unknown,0,1,kamis_retail_unit,True,2026-09-27,2026-09-27T19:41:40.970594+09:00,,,item_name_mismatch,32900,32900
coupang,b4706e8029945f26d6796bde,"예천군농협 예담진미 영호진미쌀 상등급, 10kg, 1개39,900원23%30,400원(100g당 304원)내일(월) 도착 보장무료배송(19,579)최대 1,520원 적립4",,111,10,exact,30400,,unknown,0,1,kamis_retail_unit,True,2026-09-27,2026-09-27T19:41:40.971612+09:00,,,,30400,30400
coupang,839064070304b2ab2e4be0ee,"국내산 강원도 햇감자 두백감자 산지직송, 1박스, 특 1kg쿠폰할인· 3일 남음12,000원48%6,200원(100g당 620원)9/30(수) 도착 예정무료배송(89)최대 310원 적립광고",,152,00,exact,6200,,restricted,0,1,kamis_retail_unit,True,2026-09-27,2026-09-27T19:41:46.612386+09:00,,,,6200,6200
coupang,bbb866616f4484246ea448d9,"국내산 울팜 특품 흙감자 제철 수미 햇 감자, 1개, 감자3kg(중)할인16,900원60%6,640원(100g당 221원)9/30(수) 도착 예정무료배송 ∙ 오늘출발(15,365)최대 314원 적립광고",,152,00,exact,6640,,unknown,0,3,kamis_retail_unit,True,2026-09-27,2026-09-27T19:41:46.613385+09:00,,,,2213.333333333333333333333333,6640
coupang,8d3a1a7a4b8733fc6ff72c45,"국내산 햇 감자, 1kg, 1개2,590원(100g당 259원)내일(월) 새벽 도착 보장(452,098)최대 130원 적립1",,152,00,rejected,2590,,unknown,0,1,kamis_retail_unit,True,2026-09-27,2026-09-27T19:41:46.614388+09:00,,,shipping_unknown,2590,2590
coupang,62087c1dd4dd9df09db41a50,"[못생겨도 맛있는] 국내산 햇 감자, 1kg, 1개2,490원(100g당 249원)내일(월) 새벽 도착 보장(43,195)최대 125원 적립2",,152,00,rejected,2490,,unknown,0,1,kamis_retail_unit,True,2026-09-27,2026-09-27T19:41:46.615388+09:00,,,shipping_unknown,2490,2490
coupang,1db74ca8ff386fbfb90b7f94,"강원도 햇 감자, 1kg, 1개3,480원(100g당 348원)내일(월) 새벽 도착 보장(72,944)최대 174원 적립3",,152,00,rejected,3480,,unknown,0,1,kamis_retail_unit,True,2026-09-27,2026-09-27T19:41:46.616386+09:00,,,shipping_unknown,3480,3480
coupang,b81d6491f98675d4010c4aae,"늘해랑 포슬포슬 햇 수미감자, 1개, 감자 2kg(대)할인· 6일 남음20,000원70%5,900원(100g당 295원)10/1(목) 도착 예정무료배송(19,257)최대 265원 적립광고",,152,00,exact,5900,,unknown,0,2,kamis_retail_unit,True,2026-09-27,2026-09-27T19:41:46.617389+09:00,,,,2950,5900
coupang,09fe801c9e2be20d445c221d,"강원도감자 두백감자 햇감자 포슬포슬 분감자 산지직송, 1박스, 특(100~160g) 5kg쿠폰할인25,000원47%13,250원(100g당 265원)10/1(목) 도착 예정무료배송(299)최대 663원 적립품절임박광고",,152,00,exact,13250,,restricted,0,5,kamis_retail_unit,False,2026-09-27,2026-09-27T19:41:46.618388+09:00,,,,2650,13250
coupang,639fae56b1eae245aa694d7b,"[새봄농산] 감자 26년 햇감자 국내산, 1개, 감자(중)_1kg할인8,000원41%4,680원(100g당 468원)모레(화) 도착 예정무료배송 ∙ 오늘출발(12)최대 234원 적립4",,152,00,exact,4680,,unknown,0,1,kamis_retail_unit,True,2026-09-27,2026-09-27T19:41:46.619388+09:00,,,,4680,4680
coupang,d086791ec3648499a640a702,"맛통령 대추 방울토마토, 1개, 1kg 중과(3-4번)쿠폰할인· 04:17:0819,130원21%14,990원(1개당 14,990원)9/30(수) 도착 예정무료배송 ∙ 오늘출발(2,116)최대 750원 적립광고",,225,00,exact,14990,,restricted,0,1,kamis_retail_unit,True,2026-09-27,2026-09-27T19:41:52.241995+09:00,,,,14990,14990
coupang,24f47ca03e8bc742f3e46630,"[100%품질보장] 완숙토마토 정품 신선선별, 1박스, 5kg할인29,900원13%25,900원(100g당 518원)10/2(금) 도착 예정무료배송(216)최대 1,295원 적립품절임박광고",,225,00,exact,25900,,unknown,0,5,kamis_retail_unit,False,2026-09-27,2026-09-27T19:41:52.243011+09:00,,,,5180,25900
coupang,3bb8177032d79ab083a3c2a8,"[농협중매인]최상품 국내산 완숙토마토 찰토마토 로얄사이즈, 1박스, 1kg 로얄과할인33,800원70%9,900원(100g당 198원)모레(화) 도착 예정무료배송(1,501)최대 495원 적립1",,225,00,exact,9900,,unknown,0,1,kamis_retail_unit,True,2026-09-27,2026-09-27T19:41:52.243994+09:00,,,,9900,9900
coupang,c7b954de399009b4400dcf3a,"[타임특가] 단단한 완숙토마토, 1박스, 1.5kg (소과)15,000원34%9,800원(100g당 392원)9/30(수) 도착 예정무료배송(63)최대 419원 적립2",,225,00,exact,9800,,unknown,0,1.5,kamis_retail_unit,True,2026-09-27,2026-09-27T19:41:52.257110+09:00,,,,6533.333333333333333333333333,9800
coupang,e27f734c89b825dd28e022ef,"[지앤에프농업회사] 과즙팡팡 아삭아삭 대추방울 토마토 당일수확 당일발송 로얄과 엄선, 1kg 로얄과, 1박스12,300원27%8,950원(100g당 895원)모레(화) 도착 예정무료배송 ∙ 오늘출발(1,009)최대 448원 적립3",,225,00,exact,8950,,unknown,0,1,kamis_retail_unit,True,2026-09-27,2026-09-27T19:41:52.258095+09:00,,,,8950,8950
coupang,3b3e8a0aa9ac5165e02935ba,"행복한 농부 완숙찰토마토 /5kg 토마토 드시고 건강하세요, 1개, 5kg, 찰토마토(중과)58,000원31%39,900원10/1(목) 도착 예정무료배송(10,173)최대 1,995원 적립광고",,225,00,exact,39900,,unknown,0,5,kamis_retail_unit,True,2026-09-27,2026-09-27T19:41:52.259094+09:00,,,,7980,39900
coupang,1ae6b7f6ee4c44fdd4f7fead,"행복한 농부 완숙찰토마토 3kg(1~5번과), 3kg(중과), 1개42,000원35%26,900원(100g당 897원)10/1(목) 도착 예정무료배송(1,662)최대 1,345원 적립광고",,225,00,exact,26900,,unknown,0,3,kamis_retail_unit,True,2026-09-27,2026-09-27T19:41:52.260093+09:00,,,,8966.666666666666666666666667,26900
coupang,5a5d818ce954e32cb767afe1,"[타임특가] 단단한 완숙토마토, 1박스, 2.5kg (소과)할인17,000원39%10,260원(100g당 410원)9/30(수) 도착 예정무료배송(307)최대 508원 적립4",,225,00,exact,10260,,unknown,0,2.5,kamis_retail_unit,True,2026-09-27,2026-09-27T19:41:52.260093+09:00,,,,4104,10260
coupang,7b042456054f6ad4b3c7e87a,"국내산 무, 1개입, 1개2,180원(1개당 2,180원)내일(월) 새벽 도착 보장(356,458)최대 109원 적립1",,231,03,rejected,2180,,unknown,0,1,kamis_retail_unit,True,2026-09-27,2026-09-27T19:41:57.889235+09:00,,,shipping_unknown,2180,2180
coupang,35a6163da7db9be1caf8c4d2,"국내산 세척 무, 1개입, 1개3,480원(1개당 3,480원)내일(월) 새벽 도착 보장(12,464)최대 174원 적립단 2개 남음빨리 주문하세요!2",,231,03,rejected,3480,,unknown,0,1,kamis_retail_unit,True,2026-09-27,2026-09-27T19:41:57.892272+09:00,,,shipping_unknown,3480,3480
coupang,1ad0cce9980e5d48d5dc8384,"못생겨도 맛있는 무, 1개, 1개입1,350원(1개당 1,350원)내일(월) 새벽 도착 보장(30,546)최대 68원 적립3",,231,03,rejected,1350,,unknown,0,1,kamis_retail_unit,True,2026-09-27,2026-09-27T19:41:57.893282+09:00,,,shipping_unknown,1350,1350
coupang,5a40a4be9673151b7d56b6d1,"야채왕 무 1개, 무1개2,900원배송비 3,500원 조건부 무료배송9/30(수) 도착 예정오늘출발(127)최대 145원 적립5",,231,03,compatible,2900,,unknown,3500,1,kamis_retail_unit,True,2026-09-27,2026-09-27T19:41:57.896283+09:00,,,,6400,6400
coupang,466a3ce7546354761b0b5475,"국내산 절단무, 2입, 1개1,280원(100g당 256원)내일(월) 새벽 도착 보장(31,855)최대 64원 적립6",,231,03,rejected,1280,,unknown,0,1,kamis_retail_unit,True,2026-09-27,2026-09-27T19:41:57.899283+09:00,,,shipping_unknown,1280,1280
coupang,7f538be2ac93c80a02f88949,"프리미엄 무안 깐양파(햇), 2개, 1kg(특상)9,400원(100g당 470원)9/30(수) 도착 예정무료배송 ∙ 오늘출발(37)최대 470원 적립광고",,245,00,exact,9400,,unknown,0,1,kamis_retail_unit,True,2026-09-27,2026-09-27T19:42:03.623921+09:00,,,,9400,9400
coupang,fde3ccc7bf664e011f79b127,"2026년 단단한 무안양파 (햇), 1개, 3kg(특상)할인10,800원13%9,300원(100g당 310원)9/30(수) 도착 예정무료배송 ∙ 오늘출발(596)최대 465원 적립광고",,245,00,exact,9300,,unknown,0,3,kamis_retail_unit,True,2026-09-27,2026-09-27T19:42:03.625921+09:00,,,,3100,9300
coupang,6ccb56ab77487ec69adea7a7,"국내산 양파, 1kg(대), 1개2,580원(100g당 258원)내일(월) 새벽 도착 보장(705,617)최대 129원 적립1",,245,00,rejected,2580,,unknown,0,1,kamis_retail_unit,True,2026-09-27,2026-09-27T19:42:03.626921+09:00,,,shipping_unknown,2580,2580
coupang,0d73e2b642431cd9c72f8e99,"국내산 울팜 아삭 달달 단단한 창녕 양파, 1개, 양파(중) 1kg쿠폰할인· 3일 남음7,900원37%4,900원(100g당 490원)9/30(수) 도착 예정무료배송 ∙ 오늘출발(7,915)최대 245원 적립2",,245,00,exact,4900,,restricted,0,1,kamis_retail_unit,True,2026-09-27,2026-09-27T19:42:03.627926+09:00,,,,4900,4900
coupang,2f59b9a2a69bc1df2c3e60d1,"(짓다팜)햇양파 국내산양파 창녕양파 1kg, 1개7,600원47%3,990원(100g당 133원)모레(화) 도착 예정무료배송 ∙ 오늘출발(78)최대 200원 적립3",,245,00,exact,3990,,unknown,0,1,kamis_retail_unit,True,2026-09-27,2026-09-27T19:42:03.628927+09:00,,,,3990,3990
coupang,eade37df91711aeee0ea72ef,"농산물온 국내산 햇 깐양파 개별포장, 1박스, 2kg (중/대)쿠폰할인13,100원50%6,470원(100g당 324원)모레(화) 도착 예정무료배송 ∙ 오늘출발(305)최대 305원 적립광고",,245,00,exact,6470,,restricted,0,2,kamis_retail_unit,True,2026-09-27,2026-09-27T19:42:03.629925+09:00,,,,3235,6470
coupang,04e33a49d50d3430552ef7a0,"(광평영농조합) 26년 전남무안 황토밭 햇 자색양파, 3KG(중대혼합), 1개40,000원76%9,310원(100g당 310원)모레(화) 도착 예정무료배송 ∙ 오늘출발(1,863)최대 366원 적립광고",,245,00,exact,9310,,unknown,0,3,kamis_retail_unit,True,2026-09-27,2026-09-27T19:42:03.630927+09:00,,,,3103.333333333333333333333333,9310
coupang,a3972f1c13d6936c0bb69694,"합천 깐 양파, 1kg, 1개5,090원(100g당 509원)내일(월) 새벽 도착 보장(15,861)최대 255원 적립4",,245,00,rejected,5090,,unknown,0,1,kamis_retail_unit,True,2026-09-27,2026-09-27T19:42:03.632927+09:00,,,shipping_unknown,5090,5090
coupang,dde61a5e993f9ed6dcbc04e1,"고도700 추석 과일 선물세트 나주 배 7.5kg 신고배 특대과 산지직송, 10개86,900원(1세트당 8,690원)10/1(목) 도착 예정무료배송최대 4,345원 적립1",,412,01,exact,86900,,unknown,0,1,kamis_retail_unit,True,2026-09-27,2026-09-27T19:43:41.788983+09:00,,,,86900,86900
naver,a8e624789f0682709917bab3,"광고 대구유통 새 창에서 열림 완숙 찰 토마토5kg 토마토제철 완숙토마토 쥬스용토마토 못난이토마토 할인 전 판매가 30,000원 16% 할인 25,000 원 (5kg당 25,000원) 무료배송 무료교환반품 별점 4.78 리뷰 24,042 새 창에서 열림",https://ader.naver.com/v1/b6AO0XVnLqEZ2_NxkolJB8hR5R-2TnV3xAqYtqK68FlXyczISHN3_O8rdh9VUkab_wqjCQD1bT_mqMSazZzt8rRMN4Yi1LRw_JCRqvl53Yap8MQ0jrLToy5_JcC0SFnevNwJOoEwz0BjGk2I-fB70j3SQPTvcmlh-ZFZPtqnqoT-96bjwwdLMI02Zpoenc9CPHpGJWxnc1ix8AUYV0uPvzSK8cbd-bVVYEEecXBJkcAEdQ0vdJ5jmxchvCss8wR30bUbpNqR0yuTMZeIE4KDrove26gXmnuy0nBOTs9jRUwb60PJae8x3z4X-CDBx5cuTKuBcRXSrYpdebgvEg5qSQ==?c=pc.nplusstore.npla&t=0,225,00,exact,25000,,unknown,0,5,kamis_retail_unit,True,2026-09-27,2026-09-27T20:07:31.735259+09:00,,,,5000,25000
naver,449650572e7679373c527c7d,"광고 마켓림 새 창에서 열림 [농할] 국내산 대추방울토마토 5kg 할인 전 판매가 47,900원 20% 할인 37,900 원 (100g당 758원) 30,320 원 최대할인가 상세보기 무료배송 무료교환반품 새 창에서 열림",https://ader.naver.com/v1/jHXX3yBs8EtzIO2kn3WF4uBCpCTCtdhmkylMZFoKKXLJV7hXpNc-PzNu1TqidlvkPj8A0D_nioRgQnL64Ru-51oaN5bnDM1jkYEroMm5UnV8z_OlOpTKE3Zb7HPCrVQYb4xoNyv5YwYVfeN3GN8WngQAEW5cL1GQT-gAIq-GKhbEaXHOip3T9IrW4YHoJ2C28vhA4RMyHESfRl480VlO_-EalWdRaWcV3Es_R2jMDNhy-5VrE7cVCBIsqwzhHF26pIoofDHgDpFzAeGd1iFHPktsf34htEzkZCryl0s-R6_Jt2R24o0R5RH6jJ_bvezInuAz5EM9zJwcUu04ndqr4g==?c=pc.nplusstore.npla&t=0,225,00,exact,37900,,unknown,0,5,kamis_retail_unit,True,2026-09-27,2026-09-27T20:07:31.739571+09:00,,,,7580,37900
naver,49d87788c60805459e8b4d90,"광고 대한민국농수산 공식 새 창에서 열림 대추 방울토마토 2kg 토마토 할인 전 판매가 19,900원 5% 할인 18,900 원 (100g당 945원) 18,710 원 최대할인가 상세보기 무료배송 별점 4.76 리뷰 2,764 새 창에서 열림",https://ader.naver.com/v1/Q1uAPhYZbt09UBOejwxB0vsiM1d9py8IvWEtab3PXN1J3ZXgm_qRzQcVNUzn5dNbXnyo5jWtC-N6Nbq0ytr8YrzDdANTTEd37ymTX2iqPa3rA-OgfySGWQGyEWDRS6tlpdaP-sSWanZSbyjqwcJgye_D1aCgDuttmNKnwwA7JeVVR349_dBdZ2rRu0PQ2fDRPc1PcXT6xNc6SdjJHGR0lHt-p_XoDZWxuugGG8o9skoF4Yvs5CRi803WF8DRvIjJKSMV-fr_zR2QxtIBnnclw8bbpJgxJwOmpS-U5dW27MAWSup1uRvJfFiUAPSnIwt_u0itoaT1ripGZ29K8pIScwn0sUMwTv2tVuIhax1k0kSzGyriw0QxH3i9PFT8mM4uFhokO--9_w4wFohuJB5szVhA8LirGQ1s4yYAyvTYCdWIsmzynICE3Z47iEkEyONTY4sNU3Ka7Wc_EJyYHIX1aiYKpT89DDY1MdcJie2NAe7Cez1ZxsX7bpqfEEJBUAZSXU9Wktr9HaQwaWrDpq2wOKmOGu3w13kgJbky63yTgS501S9jy4BxvHJLmrIeIDCyFBMh3Zj_SEeCnGpsogi10Q3wZ9nCcNcwHm2scu2U1-k=?c=pc.nplusstore.npla&t=0,225,00,exact,18900,,unknown,0,2,kamis_retail_unit,True,2026-09-27,2026-09-27T20:07:31.740646+09:00,,,,9450,18900
naver,abbfd8db78a226dbf5c0adab,"슈퍼적립 슈퍼적립 광고 반하네. 새 창에서 열림 완숙토마토 찰 토마토 GAP 특품 5kg 10kg 2.5kg 할인 전 판매가 84,900원 81% 할인 15,900 원 (100g당 636원) 14,900 원 최대할인가 상세보기 멤버십 시작 시 최대2,235원 포인트 적립 무료배송 별점 4.74 리뷰 1,704 새 창에서 열림",https://smartstore.naver.com/main/products/11624637806?nl-query=%ED%86%A0%EB%A7%88%ED%86%A0%20%ED%86%A0%EB%A7%88%ED%86%A0&nl-au=65e1e6f930e247bfa000bffdf0c064af&NaPm=ci%3D65e1e6f930e247bfa000bffdf0c064af%7Cct%3Dmujpsak7%7Ctr%3Dnslspp%7Csn%3D12204510%7Chk%3Dc6c8ac3ecdce793a01fefcfe4c2345ff3b8d4cd2,225,00,exact,15900,,restricted,0,5,kamis_retail_unit,True,2026-09-27,2026-09-27T20:07:31.741475+09:00,,,,3180,15900
naver,d0b15c53392f3ac151c3a9b2,"슈퍼적립 슈퍼적립 광고 맛꾼푸드 공식 새 창에서 열림 싱싱한 완숙 토마토 찰토마토 쥬스용 주스용 할인 전 판매가 25,900원 3% 할인 24,900 원 (100g당 1,245원) 23,800 원 최대할인가 상세보기 멤버십 시작 시 최대3,570원 포인트 적립 N배송 모레 9.29.(화) 도착 무료배송 무료교환반품 별점 4.75 리뷰 4,096 새 창에서 열림",https://smartstore.naver.com/main/products/273894980?nl-query=%ED%86%A0%EB%A7%88%ED%86%A0%20%ED%86%A0%EB%A7%88%ED%86%A0&nl-au=67a302e3bcef415fbb16a0aa00a8dd63&NaPm=ci%3D67a302e3bcef415fbb16a0aa00a8dd63%7Cct%3Dmujpsak8%7Ctr%3Dnslspp%7Csn%3D239741%7Chk%3D72ffd1d094f2e7f1becb9912d60f101f049b32b6,225,00,rejected,24900,,restricted,0,0.1,kamis_retail_unit,True,2026-09-27,2026-09-27T20:07:31.743891+09:00,,,forbidden_product_type,2.4900E+5,24900
naver,2b7b6bd330c902af378fdbf3,"장보남 공식 우수셀러 새 창에서 열림 (농할) 국내산 대추 방울토마토 토마토 2kg 실중량 할인 전 판매가 28,900원 24% 할인 21,900 원 (100g당 1,095원) 16,990 원 최대할인가 상세보기 무료배송 별점 4.7 리뷰 99,999+ 새 창에서 열림",https://smartstore.naver.com/main/products/5618807799?nl-query=%ED%86%A0%EB%A7%88%ED%86%A0%20%ED%86%A0%EB%A7%88%ED%86%A0&nl-au=92a82a2ae1b94b08b804f8fb99818a90&NaPm=ci%3D92a82a2ae1b94b08b804f8fb99818a90%7Cct%3Dmujpsak8%7Ctr%3Dnslsl%7Csn%3D245449%7Chk%3Df4c1024d4fc99060a83b3a6a79fffeda37b33b41,225,00,exact,21900,,unknown,0,2,kamis_retail_unit,True,2026-09-27,2026-09-27T20:07:31.745219+09:00,,,,10950,21900
naver,7d5d97454fec0028d8a2a64c,"가람상점 새 창에서 열림 국산 완숙 찰 토마토 토마토 5kg 할인 전 판매가 46,900원 49% 할인 23,900 원 (100g당 478원) 무료배송 별점 4.64 리뷰 39,092 새 창에서 열림",https://smartstore.naver.com/main/products/4021259833?nl-query=%ED%86%A0%EB%A7%88%ED%86%A0%20%ED%86%A0%EB%A7%88%ED%86%A0&nl-au=99354aaf877e4320be0d71f51d1d655d&NaPm=ci%3D99354aaf877e4320be0d71f51d1d655d%7Cct%3Dmujpsak8%7Ctr%3Dnslsl%7Csn%3D789913%7Chk%3D04ae7a8ab784d1f8c34b21b0ebdaf8e4cf17722d,225,00,exact,23900,,unknown,0,5,kamis_retail_unit,True,2026-09-27,2026-09-27T20:07:31.751658+09:00,,,,4780,23900
naver,9d31c306e419d10e9b77eebd,"광고 자연닮음 공식 새 창에서 열림 2026년 밭에서 갓 캔 햇양파 5kg 중대특 혼합 9,500 원 (100g당 190원) N배송 모레 9.29.(화) 도착 무료배송 무료교환반품 별점 4.71 리뷰 1,346 새 창에서 열림",https://ader.naver.com/v1/zdjXWL8Fy_X1zA6y1LIijm2Sf_Au0aR1mjiiAbzLZO-fA2HMivXz6E8q_Y8ZtDq22Zp-eWOI2AZv_5HeFOoaFmkI6lYyujx5ax1Fq4QlwNryFd0VDSeK_nhGn6tU7lEmaSlzh7wq_FScM_MwUvcB0LJiRlRnDWij5lbwkhSy1e_0xwVyP3A674hOCPEgkuNsWXL_7N3FJrVnuPr_wvNRMYNY36R1mIQJVaSpSGR_OmvgtR0Cq9xTLgjySIIyvFAtFiPyGL9nxVSauM-dmRb6LjO3wauPqOqTHXaDDMqHgg-KehVGJPAWwSHxBKvnWKJ7s4pxkLlZ8saluS6nIBdsr9EgO1K7sf545_lHpyJmxM_NOiut3gOBhIJwVyjEs7_dHhHOy76PxE8zEQ1NXCoMN0vp8ZAb_1clwLfm73JsyhIDjq3Lux39PEi6WAfN3V1rmwnJ-8wRwF0_gL05lnCV7RpJi4lCr_O5HPxJ7Fx3fms=?c=pc.nplusstore.npla&t=0,245,00,exact,9500,,unknown,0,5,kamis_retail_unit,True,2026-09-27,2026-09-27T20:07:43.944385+09:00,,,,1900,9500
naver,da21eae6ad8abe61d0f102e4,"광고 자연닮음 우수셀러 새 창에서 열림 26년 2차 선별된 국산 양파 햇양파 박스포함 20kg 중대특 혼합 할인 전 판매가 28,500원 7% 할인 26,500 원 (100g당 133원) N배송 모레 9.29.(화) 도착 무료배송 무료교환반품 별점 4.78 리뷰 422 새 창에서 열림",https://ader.naver.com/v1/zdjXWL8Fy_X1zA6y1LIijuTmBoV2Me99msZXLSL5T53OdkgaKo6WiidMHb14wpEpaBzK83X--EoVhqJLyVf0A9YHCr0woTZ_eIjn2-W4dyHJL_09ZM06GHp1QN0EAEIx_lNKLFo9Kzc6KbBe4nrfLqcka5zNGMmnaotFj-Lz34PzOMIYiZsLJ5ShwHRE5c5dQNnzLAcmn7JnsVTJMUObfLyXOnnNiqFluBMC8CPWHp4xH8ARdR_1Gvf-Oi9k4Dr8T3yxZE-KK8vZznPIZHPV80GobO4nvUV2rmH2TQAYCwf33FrlyXnto3xJasIn5bCJHRDIPvcy5zRmnBGMw041WGm0wyBkY-9TklxOaWb5HqD8pa3dSKkdy3oCcOVzr5V4bdpQXNssAXvOopyzpPxmOd9HIKgA4NNxs6SRxsmXebwPQDyXVh40xm8vKJa5-2qgUFCaPEwQzIAeuUmwNMfS5XXr-B4Ps3Qa7RCSP1R6TsM=?c=pc.nplusstore.npla&t=0,245,00,exact,26500,,unknown,0,20,kamis_retail_unit,True,2026-09-27,2026-09-27T20:07:43.945587+09:00,,,,1325,26500
naver,759718915caef12ac716cafe,"광고 성가네직송 새 창에서 열림 (성가네직송) 신선한 국내산 깐양파 5kg/10kg 할인 전 판매가 29,000원 48% 할인 15,000 원 (100g당 300원) 무료배송 별점 4.94 리뷰 347 새 창에서 열림",https://ader.naver.com/v1/NxZQF6wuJ-WVZ3auC-8yQFtt-C5KYjCteQWkGVHoLqRNEVq32r_iZ5b-te2KybH1CgA7M-_I8skdHMbrZKo164S4NmCZGs74KWh8-53XgDpd9TIMtPIVQHBYpR2Swb-Mv4oLLMvRMaeCX3mxVSBB_c6qBrj8EuJRzBRchvX7ki15qhQWD-Jy7R5_DbDTFVajHKqw4ENP-NfX-ryBSSoCaXglKKKpG_oPhEwE7UYwGyIY4SopEE60jWgP2cLQ_KhaEtcjJvMOHrxENxbxzGPfyCAZHtpsuPivJWic3ZxUlMZTd9CwYAWhGM3bWhbXAIWE?c=pc.nplusstore.npla&NaPm=1,245,00,exact,15000,,unknown,0,5,kamis_retail_unit,True,2026-09-27,2026-09-27T20:07:43.946916+09:00,,,,3000,15000
naver,560ed53c1f64d3be1135689e,"광고 대끼리네 우수셀러 새 창에서 열림 산지직송 국산 26년 깐 양파15kg 할인 전 판매가 42,600원 50% 할인 21,300 원 (100g당 142원) 20,800 원 최대할인가 상세보기 무료배송 정기구독가능 별점 4.86 리뷰 518 새 창에서 열림",https://ader.naver.com/v1/gzFhLFRL0ottTDl4q-5gosocmiWF5F44gWexbT8FqDMgNowHK9RwrXJsZUzWrXIEQmlqaWzgeJk3Y9ST6uqYbBAAH6M2BewHaYlz3SV6UdIs8I6Ml8Ik-Y7-mMuxCR-j0_BIXQ4Mt6e3wEdp8W3bxy7asI__GCLojUOcKnCnd61Z2u-eSIQd1y7xzXjLEc56_aKNtxfn9hsHleR-_b57eSu2ixvME_3QAtg94XT-XTeDWqLkA9wGIvWbA5AqugHuR6e1RQ3w81G6h_wq1ksDFmGioK-fYoJ1WiSmBvxiEsQACcUiBtiDGgYfmF1eZM5W6yqEsJPdmUlR6VAoB6oxYgLgIdFhaQNBu3amTEjYQ91WjRSa5_Hc9wbpIx4FhdK4mvF29hhtaqvFv9jlz-NEYIltUShVJVgFUie-obNnUWgw9xb2_3EwyufVMRNggjIevqjh1MjMDSEcKlmLlAaZ1vomoMGqYRab8KpnMD-bkmI=?c=pc.nplusstore.npla&t=0,245,00,exact,21300,,unknown,0,15,kamis_retail_unit,True,2026-09-27,2026-09-27T20:07:43.947920+09:00,,,,1420,21300
naver,bb3b3b102b8ec9f61c9817ed,"슈퍼적립 슈퍼적립 광고 파모니FARMONI 새 창에서 열림 함양 GAP 양파 적양파 양파 4kg 꿈꾸는 농부의 산지직송 할인 전 판매가 33,000원 74% 할인 8,500 원 (4kg당 8,500원) 8,070 원 최대할인가 상세보기 멤버십 시작 시 최대1,209원 포인트 적립 무료배송 별점 4.9 리뷰 487 새 창에서 열림",https://smartstore.naver.com/main/products/8643495935?nl-query=%EC%96%91%ED%8C%8C%20%EC%96%91%ED%8C%8C&nl-au=5b68652f349f406eb44ef396d5f1b671&NaPm=ci%3D5b68652f349f406eb44ef396d5f1b671%7Cct%3Dmujpsk50%7Ctr%3Dnslspp%7Csn%3D6018684%7Chk%3Dd1524fbd69c152bfe898abee49a27c1ea605ae72,245,00,exact,8500,,restricted,0,4,kamis_retail_unit,True,2026-09-27,2026-09-27T20:07:43.947920+09:00,,,,2125,8500
naver,20520cbe6195de8815fb0dc9,"슈퍼적립 슈퍼적립 광고 델푸릇 공식 새 창에서 열림 [농할20%] 새벽경매 국내산 햇양파 상품 3kg 할인 전 판매가 14,000원 15% 할인 11,900 원 (100g당 397원) 9,520 원 최대할인가 상세보기 멤버십 시작 시 최대1,427원 포인트 적립 N배송 모레 9.29.(화) 도착 무료배송 별점 4.82 리뷰 882 새 창에서 열림",https://smartstore.naver.com/main/products/13359780672?nl-query=%EC%96%91%ED%8C%8C%20%EC%96%91%ED%8C%8C&nl-au=0e8dd5d6aaf24d06a7617562f9f1e4ef&NaPm=ci%3D0e8dd5d6aaf24d06a7617562f9f1e4ef%7Cct%3Dmujpsk50%7Ctr%3Dnslspp%7Csn%3D703500%7Chk%3D4c9ae9c7e3bd1d6360f69f22d402c7622cead75b,245,00,exact,11900,,restricted,0,3,kamis_retail_unit,True,2026-09-27,2026-09-27T20:07:43.949376+09:00,,,,3966.666666666666666666666667,11900
naver,355c530ff788e62eafbb7d52,"그램원 우수셀러 새 창에서 열림 깐양파 중국산 수입양파 10kg, 1개 19,300 원 (10kg당 19,300원) 배송비 3,500원 N배송 모레 9.29.(화) 도착 별점 4.95 리뷰 2,732 새 창에서 열림",https://smartstore.naver.com/main/products/9782604198?nl-query=%EC%96%91%ED%8C%8C%20%EC%96%91%ED%8C%8C&nl-au=5b5b9f71373d473594dd7ed96cbb621c&NaPm=ci%3D5b5b9f71373d473594dd7ed96cbb621c%7Cct%3Dmujpsk51%7Ctr%3Dnslsl%7Csn%3D1619296%7Chk%3D9d2f8ecc78af19cd32665ee59c29155ecf1684c4,245,00,exact,19300,,unknown,3500,10,kamis_retail_unit,True,2026-09-27,2026-09-27T20:07:43.950701+09:00,,,,2280,22800
naver,59d8a51d7923218fccd8eb09,"정가문 새 창에서 열림 [청년농부정경석] 양파 햇양파 국내산 자색 무안양파 3KG 5KG 10KG 할인 전 판매가 29,000원 76% 할인 6,700 원 (100g당 134원) 6,600 원 최대할인가 상세보기 무료배송 무료교환반품 별점 4.77 리뷰 51,578 새 창에서 열림",https://smartstore.naver.com/main/products/4860084038?nl-query=%EC%96%91%ED%8C%8C%20%EC%96%91%ED%8C%8C&nl-au=146f79939db3439584bfee10af2afdf3&NaPm=ci%3D146f79939db3439584bfee10af2afdf3%7Cct%3Dmujpsk51%7Ctr%3Dnslsl%7Csn%3D1096264%7Chk%3D6e3c9a1093c8d9d6d883a641b4ee7aeff74e26ef,245,00,exact,6700,,unknown,0,0.1,kamis_retail_unit,True,2026-09-27,2026-09-27T20:07:43.951205+09:00,,,,6.700E+4,6700
naver,f139b5f54e2c64375de6ba12,"광고 우리뜰 새 창에서 열림 [우리뜰농산] 국내산 창녕 마늘, 우리뜰마늘, 대용량깐마늘, 업소용마늘 소, 20kg, 1개 할인 전 판매가 165,000원 18% 할인 135,000 원 (1kg당 6,750원) 무료배송 별점 4.85 리뷰 33 새 창에서 열림",https://ader.naver.com/v1/TFiVxTlUqoN_kGz1vle3K2aRWL7cL8FxmIBVbfTqP8Ga1kV9-40zF57I_1lGBCUcEcaUMYDpvWmYBUKBVgzGKLnKDguVR39Tqzk3PmvENjb4bN0MvN50CTx-KfeA6Qf94lzZj4QFR7S2x-kW7ZWOA-6aPzaBs12mDaKXNuu-QVtpOJwubDvDi2t6aXzKJD9QwTGvF3LhlEPWHmsu4HF9CJQQDU0Lr1XESvKoTZntmN2T3v5fYvq-pagrUeu6XU_H97ckD9n1pqN3U5FsVDvwypXZnMmk2IaiBeEAEXsSW_EjmEzszA_CRb-Ih8L3gjc3rJXzswJbAD5wNqxjed0-EQ==?c=pc.nplusstore.npla&NaPm=1,258,01,compatible,135000,,unknown,0,20,kamis_retail_unit,True,2026-09-27,2026-09-27T20:07:50.165757+09:00,,,,6750,135000
naver,62d6ba03c4150199531c6e51,"광고 우리뜰 새 창에서 열림 [우리뜰농산] 국내산 창녕 마늘, 우리뜰마늘, 대용량깐마늘, 업소용마늘 A급파지, 20kg, 1개 할인 전 판매가 135,000원 22% 할인 105,000 원 (100g당 525원) 무료배송 별점 4.85 리뷰 33 새 창에서 열림",https://ader.naver.com/v1/TFiVxTlUqoN_kGz1vle3K2aRWL7cL8FxmIBVbfTqP8Ga1kV9-40zF57I_1lGBCUcEcaUMYDpvWmYBUKBVgzGKLnKDguVR39Tqzk3PmvENjZzBzgXAvfR68uS_N7oabv-sa7sg41fLxI6_l6Z2m2JitnrUp6lOA2RgPIe4hI6qaNl6gGA1vpd6OKFcEv7NG_XgGSR1v0gLJzSnbcQIO3e9BO32wCwH_eC-HRhmOJ2VXXmzAMWBPRLyAQqZJAV6EnAYlXi9SB2kUmCwJkXMMcQp-7GdxZqrESzkK41dxmmifP5toGtmFQh92OkE6fmd8TPMZsVpujL14KIhHBcVDz4YQ==?c=pc.nplusstore.npla&NaPm=1,258,01,compatible,105000,,unknown,0,20,kamis_retail_unit,True,2026-09-27,2026-09-27T20:07:50.170771+09:00,,,,5250,105000
naver,b669d8dfffd525cb82c40326,"광고 우리뜰 새 창에서 열림 [우리뜰농산] 국내산 창녕 마늘, 우리뜰마늘, 대용량깐마늘, 업소용마늘 중, 20kg, 1개 할인 전 판매가 175,000원 17% 할인 145,000 원 (1kg당 7,250원) 무료배송 별점 4.85 리뷰 33 새 창에서 열림",https://ader.naver.com/v1/TFiVxTlUqoN_kGz1vle3K2aRWL7cL8FxmIBVbfTqP8Ga1kV9-40zF57I_1lGBCUcEcaUMYDpvWmYBUKBVgzGKLnKDguVR39Tqzk3PmvENjb4bN0MvN50CTx-KfeA6Qf9DB2ialo_NZ0Tr73GMMOAvriDQcwt71B9gGkra3sD_lJeelafOEj1QfjNAlOaQ6P3ejnBqKTha6P48l0Was_AUEG8hWtELnDCp1XyxwFO8pfBRfcXoDB8fAJ6Nky5yWFVOt38ZgFfZ6GXKZ_xwZHzH8SC0M3MDFRov_1_eGe3537Zua7gR7tnsOgAtS3m1SdyXwX6yrfV0yC6OYuo5O_tZw==?c=pc.nplusstore.npla&NaPm=1,258,01,compatible,145000,,unknown,0,20,kamis_retail_unit,True,2026-09-27,2026-09-27T20:07:50.174777+09:00,,,,7250,145000
naver,8988ba5c20f751548554461c,"광고 우리뜰 새 창에서 열림 [우리뜰농산] 국내산 창녕 마늘, 우리뜰마늘, 대용량깐마늘, 업소용마늘 대, 20kg, 1개 할인 전 판매가 205,000원 14% 할인 175,000 원 (1kg당 8,750원) 무료배송 별점 4.85 리뷰 33 새 창에서 열림",https://ader.naver.com/v1/TFiVxTlUqoN_kGz1vle3K2aRWL7cL8FxmIBVbfTqP8Ga1kV9-40zF57I_1lGBCUcEcaUMYDpvWmYBUKBVgzGKLnKDguVR39Tqzk3PmvENjZVpBUY7Gi3MbeG910CnnmV9GsL-2sG5Sc9Co3eiN5LbQXCPXuHKylErZjXYwQZN_aJ9QngM2y8RSVRm_u-fWz6iRC-UN2o7MC28TQhzPpepvhlupc9oX7c0zDF3wTFgGt6McVR9kNSnXBvtcIph5EbX-mI4bj9frtMfTI-LXlxHxhYgz9i4IylU_L0uE2ys4jC3XzJS3wAzkOCVTWYaDhATu5qdnEWd5of2ZAKy6l66A==?c=pc.nplusstore.npla&NaPm=1,258,01,compatible,175000,,unknown,0,20,kamis_retail_unit,True,2026-09-27,2026-09-27T20:07:50.179771+09:00,,,,8750,175000
naver,92142399a773088c0d8af2e2,"슈퍼적립 슈퍼적립 광고 젠틀파머스 공식 새 창에서 열림 마늘귀신 국산 의성 초신선 깐마늘 1kg 할인 전 판매가 8,400원 8% 할인 7,700 원 (100g당 770원) 배송비 3,000원 멤버십 시작 시 최대1,155원 포인트 적립 별점 4.76 리뷰 5,080 새 창에서 열림",https://smartstore.naver.com/main/products/9244152219?nl-query=%EA%B9%90%EB%A7%88%EB%8A%98%28%EA%B5%AD%EC%82%B0%29%20%EA%B9%90%EB%A7%88%EB%8A%98%28%EA%B5%AD%EC%82%B0%29&nl-au=cc6508ca954a4b9288b4e6a0194b000e&NaPm=ci%3Dcc6508ca954a4b9288b4e6a0194b000e%7Cct%3Dmujpsopj%7Ctr%3Dnslspp%7Csn%3D941305%7Chk%3D682b1523ca1a5e6de7a9408dfd7b60e7bb1a5e49,258,01,compatible,7700,,restricted,3000,1,kamis_retail_unit,True,2026-09-27,2026-09-27T20:07:50.186774+09:00,,,,10700,10700
naver,968c6413f905b530009f6b4f,"영흥농산 우수셀러 새 창에서 열림 [품질책임보상] 국내산 깐마늘 1kg 다진마늘 꼭지제거 햇 통마늘 할인 전 판매가 14,000원 42% 할인 8,100 원 (100g당 810원) 7,600 원 최대할인가 상세보기 배송비 3,000원 N배송 모레 9.29.(화) 도착 무료교환반품 별점 4.78 리뷰 61,641 새 창에서 열림",https://smartstore.naver.com/main/products/382345752?nl-query=%EA%B9%90%EB%A7%88%EB%8A%98%28%EA%B5%AD%EC%82%B0%29%20%EA%B9%90%EB%A7%88%EB%8A%98%28%EA%B5%AD%EC%82%B0%29&nl-au=b1df8e9f21214495b4fde6ab075eb34d&NaPm=ci%3Db1df8e9f21214495b4fde6ab075eb34d%7Cct%3Dmujpsopk%7Ctr%3Dnslsl%7Csn%3D339835%7Chk%3D0beb40bc1fa54819b9c0eacb17068787bc2178a3,258,01,compatible,8100,,unknown,3000,1,kamis_retail_unit,True,2026-09-27,2026-09-27T20:07:50.191771+09:00,,,,11100,11100
naver,ae2bf4c258fc66a1b9515bd0,"마늘신화 산지유통 우수셀러 새 창에서 열림 국산 창녕 마늘, 꼭지제거 깐마늘, 다진마늘, 간마늘, 슬라이스, 시오리 500g, 1kg 6,000 원 (100g당 600원) 배송비 3,000원 별점 4.88 리뷰 23,564 새 창에서 열림",https://smartstore.naver.com/main/products/8351322434?nl-query=%EA%B9%90%EB%A7%88%EB%8A%98%28%EA%B5%AD%EC%82%B0%29%20%EA%B9%90%EB%A7%88%EB%8A%98%28%EA%B5%AD%EC%82%B0%29&nl-au=2fccaefcb2134842a663fdb66f3b0e76&NaPm=ci%3D2fccaefcb2134842a663fdb66f3b0e76%7Cct%3Dmujpsopk%7Ctr%3Dnslsl%7Csn%3D2585699%7Chk%3De03e44ad90fbe2a83cf89551715f02088bc2a95a,258,01,compatible,6000,,unknown,3000,0.5,kamis_retail_unit,True,2026-09-27,2026-09-27T20:07:50.195772+09:00,,,,1.800E+4,9000
naver,a9224cc1fd8dcee6b96f4a9a,"갈릭803 공식 새 창에서 열림 (농할쿠폰) 국내산 대서 햇 깐마늘 1kg 할인 전 판매가 9,000원 8% 할인 8,200 원 (100g당 820원) 6,560 원 최대할인가 상세보기 배송비 3,000원 별점 4.84 리뷰 20,005 새 창에서 열림",https://smartstore.naver.com/main/products/5461017983?nl-query=%EA%B9%90%EB%A7%88%EB%8A%98%28%EA%B5%AD%EC%82%B0%29%20%EA%B9%90%EB%A7%88%EB%8A%98%28%EA%B5%AD%EC%82%B0%29&nl-au=292029a583ca45dc8dce629fe5a4d480&NaPm=ci%3D292029a583ca45dc8dce629fe5a4d480%7Cct%3Dmujpsopk%7Ctr%3Dnslsl%7Csn%3D2790099%7Chk%3De41cb6bdc69554eafb00f0f964df087abe6a9b3d,258,01,compatible,8200,,restricted,3000,1,kamis_retail_unit,True,2026-09-27,2026-09-27T20:07:50.201772+09:00,,,,11200,11200
naver,f62f83304953f09982acdd00,"광고 프레치 새 창에서 열림 프레치 국산 햇 감자 제철 수미감자 특(큰감자크기), 10kg, 1개 21,000 원 (100g당 210원) 20,700 원 최대할인가 상세보기 무료배송 별점 4.62 리뷰 50 새 창에서 열림",https://ader.naver.com/v1/b7DAo_9s1kTjYIxhge6G9FAOEDgXi5g9qfWrekyxwk9dtkIOJRMtsCaTMRSeWR8DNRO2OYZQaemDzu8JvXkGcwI3WVCzJhb7qdho3M7FcPM7m6kUTko6-PoOJ_B-4YTdXTqX2AotQkqDntUZ7UUMDeqoJo_8QHNrIrzPQBXDOvQeLixx78JQPF3W6Sv9IeL-CmTZroTepXTfBHNnefqIYEObKL19Le8OrT3FgMKWoZ62_CFacXapRCNnBEFGoIyzhXfDpILq-X31QYsPqakbXCyaJenQlv1jnZ7r8VvRr-ERL-MfjJS7N-ijeZJZQsFY?c=pc.nplusstore.npla&NaPm=1,152,00,exact,21000,,unknown,0,10,kamis_retail_unit,True,2026-09-27,2026-09-27T20:21:14.856168+09:00,,,,2100,21000
naver,cbe0e75462a594f5c47f3db5,"광고 프레치 새 창에서 열림 프레치 국산 햇 감자 제철 수미감자 왕특(왕감자크기), 10kg, 1개 26,500 원 (100g당 265원) 26,200 원 최대할인가 상세보기 무료배송 별점 4.62 리뷰 50 새 창에서 열림",https://ader.naver.com/v1/b7DAo_9s1kTjYIxhge6G9FAOEDgXi5g9qfWrekyxwk9dtkIOJRMtsCaTMRSeWR8DNRO2OYZQaemDzu8JvXkGcwI3WVCzJhb7qdho3M7FcPM7m6kUTko6-PoOJ_B-4YTdecvFYOUyyK_VbMtVlAkW2xMJ_QXV9Db0NxQS8ygV6OywCAWk4K_xQkLYk_HW_LZnRfQpA5PppEKiMrmWAxXmJPor8AQkC_KgS3-QRnTArOHvqmoWJ-Moq6HqW5G9ngjKtq4_EYtI4gOBUYXBF36_EgL1KX-eIzNNP3w9upfxtgW_z9Em2l6Qh1LRgBv0ksiR?c=pc.nplusstore.npla&NaPm=1,152,00,exact,26500,,unknown,0,10,kamis_retail_unit,True,2026-09-27,2026-09-27T20:21:14.913746+09:00,,,,2650,26500
naver,097c39ba41f02db5e6802d47,"광고 프레치 새 창에서 열림 프레치 국산 햇 감자 제철 수미감자 대(탁구공-야구공크기), 10kg, 1개 20,000 원 (100g당 200원) 19,700 원 최대할인가 상세보기 무료배송 별점 4.62 리뷰 50 새 창에서 열림",https://ader.naver.com/v1/h1PWGnVxhzpLQP_dy3aRX2lMVFmwhfvtM4fn5Y4Ou0HMEo4KMRGDEwV4bBuaDGXuu9RvYHUqziEOiCkxeqq3cTAsjkf1I97jdFr6rNY8eKFxAmluOwodUehWQ5xFqGcu0YUNxqVUTJrNi7XNXr3c70eE9Q0bA8NR-DpjlEigsnOiNG3BSInX3LzHNHDD8by14M_rlXGuFXZYKUcTeAwaWx4LCUnus2M_V91ZAiSYy6wB0bJNwq3i9nVZgRyNVszFUCiSbMuoAtrhZMfuSOWhMf_arBWG23Z-N59lIIz3uH3LTUdU6Mr1OZT3ztzTgV6C?c=pc.nplusstore.npla&NaPm=1,152,00,exact,20000,,unknown,0,10,kamis_retail_unit,True,2026-09-27,2026-09-27T20:21:14.918757+09:00,,,,2000,20000
naver,c4f0a58f4b12a532121f6e96,"광고 프레치 새 창에서 열림 프레치 국산 햇 감자 제철 수미감자 소(알감자크기), 10kg, 1개 17,000 원 (100g당 170원) 16,700 원 최대할인가 상세보기 무료배송 별점 4.62 리뷰 50 새 창에서 열림",https://ader.naver.com/v1/h1PWGnVxhzpLQP_dy3aRX2lMVFmwhfvtM4fn5Y4Ou0HMEo4KMRGDEwV4bBuaDGXuu9RvYHUqziEOiCkxeqq3cTAsjkf1I97jdFr6rNY8eKFxAmluOwodUehWQ5xFqGcu0YUNxqVUTJrNi7XNXr3c70eE9Q0bA8NR-DpjlEigsnMNuknsWkonVd8aeNZDuHynOH7AyO-FUmSBNUJp32ulKBdy5pLWlDi6W9akGB3G-YoCPlgotLBxELy8CBUAM1CCkpWAorTBwZ81RKCsP7D4fkPTDcAQ_9cAJ8QTvzthXamfctgwVLlZ65XthOlDwrwF?c=pc.nplusstore.npla&NaPm=1,152,00,exact,17000,,unknown,0,10,kamis_retail_unit,True,2026-09-27,2026-09-27T20:21:14.925745+09:00,,,,1700,17000
naver,c6906851b491623f98fe4038,"멤버십 전용 컬리N마트 우수셀러 새 창에서 열림 [KF365] 감자 1kg 할인 전 판매가 4,990원 20% 할인 3,990 원 1,490 원 멤버십쿠폰가 상세보기 배송비 별도 새벽배송 별점 4.85 리뷰 12,958 새 창에서 열림",https://smartstore.naver.com/main/products/12273066792?nl-query=%EA%B0%90%EC%9E%90%201kg&nl-au=bda454c81b614bbe8c1fb989d60ac6ff&NaPm=ci%3Dbda454c81b614bbe8c1fb989d60ac6ff%7Cct%3Dmujq9xjd%7Ctr%3Dnslsl%7Csn%3D12255929%7Chk%3D4452e8e64db1c1e4c737cce7eba387dae9392ee6,152,00,rejected,3990,,restricted,0,1,kamis_retail_unit,True,2026-09-27,2026-09-27T20:21:14.931747+09:00,,,shipping_unknown,3990,3990
naver,8f70dad9c33b3622e0548f69,"TheGamJa 새 창에서 열림 국산 깐감자 1kg 3,500 원 (100g당 350원) 배송비 3,000원 별점 4.88 리뷰 164 새 창에서 열림",https://smartstore.naver.com/main/products/5292335525?nl-query=%EA%B0%90%EC%9E%90%201kg&nl-au=b146764c578842639c7893fe31c657b9&NaPm=ci%3Db146764c578842639c7893fe31c657b9%7Cct%3Dmujq9xje%7Ctr%3Dnslsl%7Csn%3D634883%7Chk%3Df33a36184675662a183c9dfcaff0d2d8b6ee85ac,152,00,exact,3500,,unknown,3000,1,kamis_retail_unit,True,2026-09-27,2026-09-27T20:21:14.936730+09:00,,,,6500,6500
naver,ce29935e128e300d2d549d03,"이제이 푸드스토리 우수셀러 새 창에서 열림 이제이푸드스토리 냉동 삶은 감자 1kg 조림용 업소용 대용량 글로벌 2,900 원 (100g당 290원) 배송비 3,000원 별점 5.0 리뷰 22 새 창에서 열림",https://smartstore.naver.com/main/products/11838734097?nl-query=%EA%B0%90%EC%9E%90%201kg&nl-au=b3aa718f2a104f4aa21fa7df631cc7ad&NaPm=ci%3Db3aa718f2a104f4aa21fa7df631cc7ad%7Cct%3Dmujq9xje%7Ctr%3Dnslsl%7Csn%3D422338%7Chk%3D68836b4d3c42d80c2029a2d75954ccf45e4228cc,152,00,rejected,2900,,unknown,3000,1,kamis_retail_unit,True,2026-09-27,2026-09-27T20:21:14.941758+09:00,,,forbidden_product_type,5900,5900
naver,5c71aee5dff6f296c5738424,"TheGamJa 새 창에서 열림 국내산 조림감자, 알감자 1kg 5,000 원 (100g당 500원) 배송비 3,000원 별점 4.67 리뷰 2,066 새 창에서 열림",https://smartstore.naver.com/main/products/2418324544?nl-query=%EA%B0%90%EC%9E%90%201kg&nl-au=995dc8b2d442497aa28205b8f9b56702&NaPm=ci%3D995dc8b2d442497aa28205b8f9b56702%7Cct%3Dmujq9xje%7Ctr%3Dnslsl%7Csn%3D634883%7Chk%3D720c2a4b8cc1595e48c524ecc49584a194009c12,152,00,exact,5000,,unknown,3000,1,kamis_retail_unit,True,2026-09-27,2026-09-27T20:21:14.949745+09:00,,,,8000,8000
naver,3c88800060e3c08713cde8f9,"광고 채소애 새 창에서 열림 강원도 고랭지 배추 1포기 6,800 원 (100g당 272원) 배송비 3,000원 새 창에서 열림",https://ader.naver.com/v1/3JDRK_I8vc1wMi6x0Sd2-ecPXZb0tnXjc0ePFaTZVMbM_d8V5B-Qb1oT7CsMH2nIbd7ixNq7HvQKgFhHYmbNI7BT6UYcpesMC04guk7r5Wt4ZriRFub4H10PEpWiZ5BuAqqbZPHK76KCzD3ToTHcWxfvUq9_b3Lh3emMOVWZIfs91lZmqHWx_v_ZKA4XjcfUCVSlp_p9f02LoXCr28CiBjYJFzhwtHvFHaIhE9sclLWlc9lNKyjsvX7rVTNfkhkM0q2d5Qx7WRWHeRva1ddiYj3mwore2j2A6GChJkgB6LjxVFzFakCN2gxPD7vo7iichWn15tNoT_TJsxlwttC7FA==?c=pc.nplusstore.npla&t=0,211,03,compatible,6800,,unknown,3000,1,kamis_retail_unit,True,2026-09-27,2026-09-27T20:21:21.590312+09:00,,,,9800,9800
naver,9c9fbbf19ba605a867052671,"광고 채소애 새 창에서 열림 강원도 고랭지 배추 1포기 6,800 원 (100g당 272원) 배송비 3,000원 새 창에서 열림",https://smartstore.naver.com/main/products/7738578841?nl-query=%EB%B0%B0%EC%B6%94%201%ED%8F%AC%EA%B8%B0&nl-au=021ecf4fd90f48e1a5b9d94409a77b12&NaPm=ci%3D021ecf4fd90f48e1a5b9d94409a77b12%7Cct%3Dmujqa2pu%7Ctr%3Dnslsl%7Csn%3D1705656%7Chk%3Df84d6bd4025f7c82bd9ea68751a91db9d4a3a34e,211,03,compatible,6800,,unknown,3000,1,kamis_retail_unit,True,2026-09-27,2026-09-27T20:21:21.594312+09:00,,,,9800,9800
naver,a02d1d8ba0216c07032fef3c,"'-클릭마켓- 우수셀러 새 창에서 열림 국내산 배추 1망 (3포기) 할인 전 판매가 30,000원 34% 할인 19,800 원 (3개입당 19,800원) 무료배송 별점 4.23 리뷰 31 새 창에서 열림",https://smartstore.naver.com/main/products/12517622618?nl-query=%EB%B0%B0%EC%B6%94%201%ED%8F%AC%EA%B8%B0&nl-au=5c0efcf7ccb341f89445847090628331&NaPm=ci%3D5c0efcf7ccb341f89445847090628331%7Cct%3Dmujqa2pv%7Ctr%3Dnslsl%7Csn%3D1670829%7Chk%3D88f43cb9a6616f0eeadc9ecc89d740e63cd2206c,211,03,compatible,19800,,unknown,0,3,kamis_retail_unit,True,2026-09-27,2026-09-27T20:21:21.598312+09:00,,,,6600,19800
naver,bcb56223a9c4eae31e7179dd,"채소애 새 창에서 열림 국내산 망배추 1망 3포기 할인 전 판매가 24,800원 8% 할인 22,800 원 (100g당 285원) 배송비 3,000원 별점 4.64 리뷰 239 새 창에서 열림",https://smartstore.naver.com/main/products/8069092378?nl-query=%EB%B0%B0%EC%B6%94%201%ED%8F%AC%EA%B8%B0&nl-au=56128f99ca74457a870eba10306a29d0&NaPm=ci%3D56128f99ca74457a870eba10306a29d0%7Cct%3Dmujqa2pv%7Ctr%3Dnslsl%7Csn%3D1705656%7Chk%3D8d59667725224db40d04135beff95a12f3faaea0,211,03,compatible,22800,,unknown,3000,3,kamis_retail_unit,True,2026-09-27,2026-09-27T20:21:21.601298+09:00,,,,8600,25800
naver,eb294463ce06a42aae4147b8,"신선한삼촌 새 창에서 열림 국산 망 배추 3포기 1망 9kg 내외 24,900 원 (100g당 277원) 24,400 원 최대할인가 상세보기 배송비 3,500원 별점 4.69 리뷰 65 새 창에서 열림",https://smartstore.naver.com/main/products/12673889653?nl-query=%EB%B0%B0%EC%B6%94%201%ED%8F%AC%EA%B8%B0&nl-au=96c847a2ba424dd6b175e426f8da5f56&NaPm=ci%3D96c847a2ba424dd6b175e426f8da5f56%7Cct%3Dmujqa2pv%7Ctr%3Dnslsl%7Csn%3D7568379%7Chk%3D9f93693cef728687cb6947fefcd8c2537fca11c1,211,03,compatible,24900,,unknown,3500,3,kamis_retail_unit,True,2026-09-27,2026-09-27T20:21:21.606338+09:00,,,,9466.666666666666666666666667,28400
naver,cab13ed1a3b32d39a9c2bea6,"남도5일장 새 창에서 열림 김장 포기배추 통배추 생배추 1망(3포기) 9kg 이상 할인 전 판매가 29,000원 13% 할인 25,000 원 (1kg당 2,778원) 24,500 원 최대할인가 상세보기 무료배송 별점 3.55 리뷰 11 새 창에서 열림",https://smartstore.naver.com/main/products/11075473965?nl-query=%EB%B0%B0%EC%B6%94%201%ED%8F%AC%EA%B8%B0&nl-au=951d08a4ffc74f8fa9ead6816ae33e19&NaPm=ci%3D951d08a4ffc74f8fa9ead6816ae33e19%7Cct%3Dmujqa2pv%7Ctr%3Dnslsl%7Csn%3D7422574%7Chk%3Dee6c4aefdfa6aae767ff5ca2da4f9517f3190a4a,211,03,compatible,25000,,unknown,0,3,kamis_retail_unit,True,2026-09-27,2026-09-27T20:21:21.610338+09:00,,,,8333.333333333333333333333333,25000
naver,979113465c080cc6bf7f0d58,"채훈이네 새 창에서 열림 국내산 배추 망배추 통배추 생배추 김장 김치(1망3포기) 할인 전 판매가 40,800원 33% 할인 27,330 원 (100g당 273원) 배송비 4,500원 별점 4.65 리뷰 77 새 창에서 열림",https://smartstore.naver.com/main/products/11810854545?nl-query=%EB%B0%B0%EC%B6%94%201%ED%8F%AC%EA%B8%B0&nl-au=620eb60a9da8401da328d1ce1dfa9912&NaPm=ci%3D620eb60a9da8401da328d1ce1dfa9912%7Cct%3Dmujqa2pv%7Ctr%3Dnslsl%7Csn%3D11503454%7Chk%3D78e2fafdcf1a96359f4a362e071e61120d50f886,211,03,compatible,27330,,unknown,4500,3,kamis_retail_unit,True,2026-09-27,2026-09-27T20:21:21.614341+09:00,,,,10610,31830
naver,8fe3c8d5c6bfa4fcac8fafef,"채소애 새 창에서 열림 고소한 알배추 1박스 12포기 할인 전 판매가 53,800원 1% 할인 52,800 원 (100g당 754원) 무료배송 별점 4.72 리뷰 29 새 창에서 열림",https://smartstore.naver.com/main/products/8022746819?nl-query=%EB%B0%B0%EC%B6%94%201%ED%8F%AC%EA%B8%B0&nl-au=9293bde1cd484fa0979b2343539230bb&NaPm=ci%3D9293bde1cd484fa0979b2343539230bb%7Cct%3Dmujqa2pv%7Ctr%3Dnslsl%7Csn%3D1705656%7Chk%3Dfde09fb8fb71681eccc7919d8a1aa559f37b98ea,211,03,compatible,52800,,unknown,0,12,kamis_retail_unit,True,2026-09-27,2026-09-27T20:21:21.618853+09:00,,,,4400,52800
naver,9315fb79225411f3a00a54f9,"야채왕 우수셀러 새 창에서 열림 야채왕 무 1개 깊고 맑은 국물 맛 자연유래 천연 소화제 2,100 원 (100g당 210원) 배송비 3,500원 N새벽배송 모레(화) 07시 전 도착 무료교환반품 별점 4.8 리뷰 272 새 창에서 열림",https://smartstore.naver.com/main/products/5194994825?nl-query=%EB%AC%B4%201%EA%B0%9C&nl-au=363f8d48f863426f949b96fdd1087125&NaPm=ci%3D363f8d48f863426f949b96fdd1087125%7Cct%3Dmujqa7t8%7Ctr%3Dnslsl%7Csn%3D2358029%7Chk%3D578966a2a122ed57580465578f89e85a662c26a3,231,03,compatible,2100,,unknown,3500,1,kamis_retail_unit,True,2026-09-27,2026-09-27T20:21:28.476869+09:00,,,,5600,5600
coupang,cb9a27e375e807118dcafb1a,"곰곰 2026년산 햅쌀 소중한 우리쌀 상등급, 10kg, 1개42,800원15%35,990원(100g당 360원)내일(화) 도착 보장무료배송(630,967)최대 1,800원 적립광고",,111,10,exact,35990,,unknown,0,1,kamis_retail_unit,True,2026-09-28,2026-09-28T19:42:59.768971+09:00,,,,35990,35990
coupang,e8a719bf951f38878926dc9a,"[26년 햅쌀] 대왕님표 여주쌀 진상미 [백화점 납품용 프리미엄쌀], 10kg, 1개, 상등급할인99,000원37%61,700원(100g당 617원)내일(화) 도착 보장무료배송(3,103)최대 3,085원 적립광고",,111,10,exact,61700,,unknown,0,1,kamis_retail_unit,True,2026-09-28,2026-09-28T19:42:59.821234+09:00,,,,61700,61700
coupang,29256345a3c1ddfd7277e614,"곰곰 2026년산 햅쌀 소중한 우리쌀 상등급, 10kg, 1개42,800원15%35,990원(100g당 360원)내일(화) 도착 보장무료배송(630,967)최대 1,800원 적립1",,111,10,exact,35990,,unknown,0,1,kamis_retail_unit,True,2026-09-28,2026-09-28T19:42:59.828234+09:00,,,,35990,35990
coupang,5c75b9a71456f4462a03a559,"예천군농협 예담진미 영호진미쌀 상등급, 10kg, 1개39,900원23%30,400원(100g당 304원)내일(화) 도착 보장무료배송(19,742)최대 1,520원 적립2",,111,10,exact,30400,,unknown,0,1,kamis_retail_unit,True,2026-09-28,2026-09-28T19:42:59.833829+09:00,,,,30400,30400
coupang,42d97ddde985008051e7c407,"정읍시농협 엄마의정성 집밥미 백미 상등급, 10kg, 1개29,900원(100g당 299원)내일(화) 도착 보장무료배송(1,519)최대 1,470원 적립3",,111,10,rejected,29900,,unknown,0,1,kamis_retail_unit,True,2026-09-28,2026-09-28T19:42:59.841772+09:00,,,item_name_mismatch,29900,29900
coupang,2efb6adc94884a4f274d5d5c,"BEST AWARDS설명왕의밥상 백미 상등급, 10kg, 1개41,900원11%36,900원(100g당 369원)내일(화) 도착 보장무료배송(267,665)최대 1,845원 적립광고",,111,10,rejected,36900,,unknown,0,1,kamis_retail_unit,True,2026-09-28,2026-09-28T19:42:59.849729+09:00,,,item_name_mismatch,36900,36900
coupang,72f1f4baecbdc47f6c97bba6,"흥양농협 2026년산 햅쌀 메뚜기쌀 백미 상등급, 10kg, 1개33,790원(100g당 338원)내일(화) 도착 보장무료배송(801)최대 1,690원 적립광고",,111,10,exact,33790,,unknown,0,1,kamis_retail_unit,True,2026-09-28,2026-09-28T19:42:59.856722+09:00,,,,33790,33790
coupang,3b39f0005c8ef6dbbefad13a,"집밥 백미 쌀 10kg, 1개, 등 외27,900원(100g당 279원)10/1(목) 도착 예정무료배송(10,374)최대 1,395원 적립4",,111,10,exact,27900,,unknown,0,1,kamis_retail_unit,True,2026-09-28,2026-09-28T19:42:59.861722+09:00,,,,27900,27900
coupang,893bf01a8fb35033d044c021,"포슬포슬 촉촉 수미감자, 1박스, 1kg(중)할인12,600원57%5,400원(100g당 540원)10/1(목) 도착 예정무료배송(199)최대 270원 적립광고",,152,00,exact,5400,,unknown,0,1,kamis_retail_unit,True,2026-09-28,2026-09-28T19:43:05.886485+09:00,,,,5400,5400
coupang,60494fb540d9711309957520,"베트남 히카마 사이즈혼합, 5kg 내외, 1박스할인19,900원40%11,900원모레(수) 도착 예정무료배송 ∙ 오늘출발(6,773)최대 595원 적립광고",,152,00,rejected,11900,,unknown,0,5,kamis_retail_unit,True,2026-09-28,2026-09-28T19:43:05.887488+09:00,,,item_name_mismatch,2380,11900
coupang,07e425f54cdacad01f73d68f,"국내산 햇 감자, 1kg, 1개2,590원(100g당 259원)내일(화) 새벽 도착 보장(452,628)최대 130원 적립1",,152,00,rejected,2590,,unknown,0,1,kamis_retail_unit,True,2026-09-28,2026-09-28T19:43:05.888710+09:00,,,shipping_unknown,2590,2590
coupang,a12dced79a5922fe31b5f93f,"[못생겨도 맛있는] 국내산 햇 감자, 1kg, 1개2,490원(100g당 249원)내일(화) 새벽 도착 보장(43,284)최대 125원 적립2",,152,00,rejected,2490,,unknown,0,1,kamis_retail_unit,True,2026-09-28,2026-09-28T19:43:05.892103+09:00,,,shipping_unknown,2490,2490
coupang,f2a9c695751b3ceed2f11aea,"강원도 햇 감자, 1kg, 1개3,480원(100g당 348원)내일(화) 새벽 도착 보장(73,038)최대 174원 적립3",,152,00,rejected,3480,,unknown,0,1,kamis_retail_unit,True,2026-09-28,2026-09-28T19:43:05.900654+09:00,,,shipping_unknown,3480,3480
coupang,8c4871c2f809fd8ff27f59ef,"국내산 수미 알 햇감자 구이용 튀김용, 대사이즈, 1개, 3kg18,500원(100g당 617원)모레(수) 도착 예정무료배송 ∙ 오늘출발(144)최대 925원 적립광고",,152,00,exact,18500,,unknown,0,3,kamis_retail_unit,True,2026-09-28,2026-09-28T19:43:05.907651+09:00,,,,6166.666666666666666666666667,18500
coupang,c93c4af1ef7c9a97aeb86a89,"[한정판매] 국내산 햇 히카마 특품, 1박스, 3kg 소과할인32,100원50%15,900원(100g당 530원)모레(수) 도착 예정무료배송(53)최대 795원 적립품절임박광고",,152,00,rejected,15900,,unknown,0,3,kamis_retail_unit,False,2026-09-28,2026-09-28T19:43:05.913650+09:00,,,item_name_mismatch,5300,15900
coupang,e1f956077a4dcda92c3fe4ba,"[새봄농산] 감자 26년 햇감자 국내산, 1개, 감자(중)_1kg할인8,000원41%4,680원(100g당 468원)10/1(목) 도착 예정무료배송 ∙ 오늘출발(12)최대 234원 적립4",,152,00,exact,4680,,unknown,0,1,kamis_retail_unit,True,2026-09-28,2026-09-28T19:43:05.918651+09:00,,,,4680,4680
coupang,11226c843bc41166b69d0bec,"채소애 강원도 고랭지 배추 1포기13,600원14%11,600원모레(수) 도착 예정무료배송 ∙ 오늘출발(18)최대 580원 적립1",,211,03,compatible,11600,,unknown,0,1,kamis_retail_unit,True,2026-09-28,2026-09-28T19:43:12.069011+09:00,,,,11600,11600
coupang,9bf79dc195e97f30ce0313b1,"여름 배추의 진수 고랭지 배추 (강원도 평창산) 푸른 잎이 맛있는 고랭지배추 드셔보세요 ~ 지금이 기회 1포기에 2KG 내외 (엠제이프레쉬), 7kg, 1박스47,000원59%19,000원(100g당 271원)10/1(목) 도착 예정무료배송 ∙ 오늘출발(691)최대 950원 적립2",,211,03,compatible,19000,,unknown,0,1,kamis_retail_unit,True,2026-09-28,2026-09-28T19:43:12.073005+09:00,,,,19000,19000
coupang,d187fe2621302ed8ee42e0fc,"강원도 통큰배추 1포기, 2.5kg, 1개14,900원(100g당 596원)10/1(목) 도착 예정무료배송 ∙ 오늘출발(12)최대 745원 적립3",,211,03,compatible,14900,,unknown,0,1,kamis_retail_unit,True,2026-09-28,2026-09-28T19:43:12.083992+09:00,,,,14900,14900
coupang,01674515cff2ecce05eb8e4a,"빠리농산 국내산 배추 1포기 (2kg), 2kg, 1박스13,800원15%11,600원(100g당 580원)모레(수) 도착 예정무료배송 ∙ 오늘출발(6)최대 580원 적립4",,211,03,compatible,11600,,unknown,0,1,kamis_retail_unit,True,2026-09-28,2026-09-28T19:43:12.086262+09:00,,,,11600,11600
coupang,6aaebfb8925b2545714dbdc9,"두메 강원도 영월 고랭지 절임배추 월 화 수 목 금 출고 HACCP인증 5키로 10키로 20키로, 5kg, 1개, 월화수목금33,900원17%27,900원(100g당 558원)모레(수) 도착 예정무료배송(3,717)최대 1,395원 적립광고",,211,03,rejected,27900,,unknown,0,1,kamis_retail_unit,True,2026-09-28,2026-09-28T19:43:12.089284+09:00,,,incompatible_unit,27900,27900
coupang,d61afc63a57450b4221f91fe,"맛통령 국산 얼갈이배추, 1개, 2kg쿠폰할인· 22:16:4819,900원54%8,990원(100g당 450원)모레(수) 도착 예정무료배송 ∙ 오늘출발(990)최대 450원 적립광고",,211,03,rejected,8990,,restricted,0,1,kamis_retail_unit,True,2026-09-28,2026-09-28T19:43:12.093270+09:00,,,incompatible_unit,8990,8990
coupang,a43ec95576d569d87bb83040,"여름 배추의 진수 고랭지 배추 (강원도 평창산) 푸른 잎이 맛있는 고랭지배추 드셔보세요 ~ 지금이 기회 1포기에 2KG 내외 (엠제이프레쉬), 5kg, 1박스할인32,000원45%17,500원(100g당 350원)10/1(목) 도착 예정무료배송 ∙ 오늘출발(691)최대 875원 적립5",,211,03,compatible,17500,,unknown,0,1,kamis_retail_unit,True,2026-09-28,2026-09-28T19:43:12.098255+09:00,,,,17500,17500
coupang,06740a983d4bc8fc35476199,"나물투데이 국내산 데친 알배기배추 (냉동), 1개, 250g4,470원(100g당 1,788원)내일(화) 새벽 도착 보장(56)최대 224원 적립단 4개 남음빨리 주문하세요!광고",,211,03,rejected,4470,,unknown,0,1,kamis_retail_unit,True,2026-09-28,2026-09-28T19:43:12.110302+09:00,,,forbidden_product_type,4470,4470
coupang,9d562391ae9c9691872d432a,"맛통령 대추 방울토마토, 1개, 1kg 중과(3-4번)쿠폰할인· 22:16:4119,130원21%14,990원(1개당 14,990원)10/1(목) 도착 예정무료배송 ∙ 오늘출발(2,116)최대 750원 적립광고",,225,00,exact,14990,,restricted,0,1,kamis_retail_unit,True,2026-09-28,2026-09-28T19:43:18.272637+09:00,,,,14990,14990
coupang,b026a13ec2891485704360e4,"강원 안흥 고랭지 대추방울토마토 직접 재배 산지직송, 1개, 1kg13,000원(100g당 1,300원)10/2(금) 도착 예정무료배송(188)최대 650원 적립광고",,225,00,exact,13000,,unknown,0,1,kamis_retail_unit,True,2026-09-28,2026-09-28T19:43:18.274020+09:00,,,,13000,13000
coupang,9b9e7850f6c38015fccacd8f,"곰곰 완숙 토마토, 1kg, 1개8,650원(100g당 865원)내일(화) 새벽 도착 보장(237,273)최대 433원 적립1",,225,00,rejected,8650,,unknown,0,1,kamis_retail_unit,True,2026-09-28,2026-09-28T19:43:18.275211+09:00,,,shipping_unknown,8650,8650
coupang,919619f40fa3542622096a6b,"[농협중매인]최상품 국내산 완숙토마토 찰토마토 로얄사이즈, 1박스, 1kg 로얄과할인33,800원70%9,900원(100g당 198원)모레(수) 도착 예정무료배송(1,512)최대 495원 적립2",,225,00,exact,9900,,unknown,0,1,kamis_retail_unit,True,2026-09-28,2026-09-28T19:43:18.276484+09:00,,,,9900,9900
coupang,7a520388eb687ce1dec5ce79,"광식이농장 완숙 토마토, 1kg, 1팩할인· 1일 남음9,650원10%8,650원(100g당 865원)내일(화) 새벽 도착 보장(133,145)최대 433원 적립3",,225,00,rejected,8650,,unknown,0,1,kamis_retail_unit,True,2026-09-28,2026-09-28T19:43:18.277484+09:00,,,shipping_unknown,8650,8650
coupang,b1db0c0e3ee1c4d8b001dcca,"행복한 농부 완숙찰토마토 /5kg 토마토 드시고 건강하세요, 1개, 5kg, 찰토마토(중소과)52,000원34%33,900원10/1(목) 도착 예정무료배송(10,174)최대 1,695원 적립광고",,225,00,exact,33900,,unknown,0,5,kamis_retail_unit,True,2026-09-28,2026-09-28T19:43:18.292325+09:00,,,,6780,33900
coupang,d2f32baa937585ce297604cf,"[아침마당] 대추방울토마토 소과 2KG (소과2kg 2개 구매 시 1KG추가! 총 5KG배송), 1개, 2kg(소과)32,900원30%22,900원(100g당 1,145원)모레(수) 도착 예정무료배송 ∙ 오늘출발(1,381)최대 1,145원 적립광고",,225,00,exact,22900,,unknown,0,2,kamis_retail_unit,True,2026-09-28,2026-09-28T19:43:18.294327+09:00,,,,11450,22900
coupang,cb36710d3a6672a08a2fbb6d,"완숙 토마토, 1kg, 1팩8,650원(100g당 865원)내일(화) 새벽 도착 보장(114,942)최대 433원 적립4",,225,00,rejected,8650,,unknown,0,1,kamis_retail_unit,True,2026-09-28,2026-09-28T19:43:18.295429+09:00,,,shipping_unknown,8650,8650
coupang,d2922fc750c1f52b442117d0,"국내산 무, 1개입, 1개2,180원(1개당 2,180원)내일(화) 새벽 도착 보장(357,106)최대 109원 적립1",,231,03,rejected,2180,,unknown,0,1,kamis_retail_unit,True,2026-09-28,2026-09-28T19:43:24.465391+09:00,,,shipping_unknown,2180,2180
coupang,7ba125c4fb02046901682279,"국내산 세척 무, 1개입, 1개3,480원(1개당 3,480원)내일(화) 새벽 도착 보장(12,499)최대 174원 적립2",,231,03,rejected,3480,,unknown,0,1,kamis_retail_unit,True,2026-09-28,2026-09-28T19:43:24.466427+09:00,,,shipping_unknown,3480,3480
coupang,98c9b1a6602991b99c5ef8b5,"못생겨도 맛있는 무, 1개, 1개입1,860원(1개당 1,860원)내일(화) 새벽 도착 보장(30,617)최대 93원 적립3",,231,03,rejected,1860,,unknown,0,1,kamis_retail_unit,True,2026-09-28,2026-09-28T19:43:24.467392+09:00,,,shipping_unknown,1860,1860
coupang,25fc4a4e3c879e111ac1b9e2,"[강원도홍천이모] 청정 홍천에서 수확하여 말린 유기농 무말랭이, 2개, 250g40,000원28%28,790원(100g당 5,758원)10/1(목) 도착 예정무료배송 ∙ 오늘출발최대 1,440원 적립광고",,231,03,compatible,28790,,unknown,0,2,kamis_retail_unit,True,2026-09-28,2026-09-28T19:43:24.469411+09:00,,,,14395,28790
naver,810a1b7b2d82767b719e498a,"광고 땡큐파머스 우수셀러 새 창에서 열림 삼광쌀 10kg 맛있는 삼광미 쌀 당일도정 백미 할인 전 판매가 52,900원 24% 할인 39,900 원 (100g당 399원) 39,400 원 최대할인가 상세보기 무료배송 별점 4.8 리뷰 14,261 새 창에서 열림",https://ader.naver.com/v1/VgCXTveRESxo0dtVuJoMcnEnecqkLl7i4ef_mu0QiuXR9a0LRHATGQYlo7Zcvz0n3suUK3o8rj2iN4qVLuk01LOY0d38Fv93NYLnthCkSsTLvyOBLlGpRS-iI4rkoRB3oLfYBcdHcxecVU1ky0RQYa9jo7LkZqITTzRxhJydM6n1UJUCmZBcX1xqIPyj-QHrzxHntbv-t5KvRxXu0onyFMqDXWJ8D9sKzjDzZXZFOlMl7UyS6JT6iVd70ASwN3i8XvNQzZxemjsvrwnBkbwRtkdFWTNtFqkFkX6m6rxkFaMSjii__rj8-nTHn_OudvbhHsL7DAd3UScGp2b-L-QE7A==?c=pc.nplusstore.npla&NaPm=1,111,10,exact,39900,,unknown,0,1,kamis_retail_unit,True,2026-09-28,2026-09-28T19:48:04.347065+09:00,,,,39900,39900
naver,055803c0fe07204e2233d8a5,"1일 전 클릭 광고 교동은혜농장 새 창에서 열림 [산지직송] 명품쌀 쌀10kg 교동은혜농장 2026년 햅쌀 백미 강화도쌀 강화섬쌀 교동섬쌀 갓도정 10kg, 1개 할인 전 판매가 45,900원 5% 할인 43,500 원 (100g당 435원) 오늘출발 13:00까지 주문 시 무료배송 무료교환반품 새 창에서 열림",https://ader.naver.com/v1/KAKV5SD0q3pFz7fElWYWyNBUwwUhq71ouJmt-zfimtfiIZMlOVyQXJtOSNcGasAX3U2N21foV7a6j-4Ivvw4fgzmcGTz0IWqEZ6DxznOQpVDgsdWnN8281q96TJ7BAX7W31TfZd0SNcXJJEROjV0SZQ59MGOV0RL9lYqUQdolf5I6aVfnv-2tNbmZ7dIQ7nw7D6B2mQrUKp_4eGfhwoGFlN4KvUOd3cTiS37fnke8pmzOuPJzVHrbjcUHqolWvtoGYf9jLrxYpcqhnrw1_5589rg77gopWMCAy0xieHkpX3zj6rmnx3giRBt-XTTKzvTLiSvJFx_adcKyL8dnM96oy5wHeOfItB7nE2XO2Kv5vvK6qXPU6BJvmFsVsZ-xMR0dOGS_2ssyuDW0ydKuv0EmYtecx_wsOiacEJWUauy88YW0UTlQj19KWScUcTWTX1P9u5wuNF1OZllgw-WDNkS4UyzD3pnGTM1YaxtExe2Oo0=?c=pc.nplusstore.npla&t=0,111,10,exact,43500,,unknown,0,1,kamis_retail_unit,True,2026-09-28,2026-09-28T19:48:04.390075+09:00,,,,43500,43500
naver,fbe2cb643bc63064f4fc6d98,"광고 교동은혜농장 새 창에서 열림 [산지직송] 명품쌀 백미 쌀10kg 교동은혜농장 2026년 햅쌀 고시히카리 강화도쌀 강화섬쌀 교동섬쌀 갓도정 10kg, 1개 할인 전 판매가 48,000원 2% 할인 46,900 원 (100g당 469원) 오늘출발 13:00까지 주문 시 무료배송 무료교환반품 새 창에서 열림",https://ader.naver.com/v1/t-wkJbjGnbHMcw5-pWSttDmsQ8MT7NQHiGn1ed2hSu8XqbQXBEEUB5v3rq4XM0QDTNQS_hjD-p4rKqezElHJR90LwuQms_zhfwn6BraX7zyzEa2kAzyg5mRhjG6TOgVwKzU5V84SjjOuTRoRwmid46sVhywh7A8fpvbCv-K-pNBMBdjfiXhZhJ6T2S17NOP32UGiOdLk7r-iGujyw0wMyOPXoDfgRW3rB9jL0pBiOVslNJiQ7x749SSr4H1LJlez08x6tBsLBHUhkCTdwiKnT4A446m_CIc2CddM2D4ZeQNRUM2j9ikvd2XhnMLobTA6MiJJfDWtR9NPTG-AYPcZyqzswX9eami1eK7iEhwqZfJYiS-T-boamO_Vgcykpq9gIU_uLW-4W3CR1ymJAygjXJ6GyVhZRpqn9Ddx3Rm-pzxUaVn99c4XRBpy_Xahc90TDq5VA-xezQPL91seQ-NEuN7yfvwV4XOsGb-7z-poGo0=?c=pc.nplusstore.npla&t=0,111,10,exact,46900,,unknown,0,1,kamis_retail_unit,True,2026-09-28,2026-09-28T19:48:04.394099+09:00,,,,46900,46900
naver,901f403b1ad135f855ea0b0a,"광고 전라도청년 새 창에서 열림 25년 햅쌀 당일도정 전라도청년 쌀 10kg 백미 새청무 단일품종 할인 전 판매가 45,900원 21% 할인 35,900 원 (100g당 359원) 35,400 원 최대할인가 상세보기 무료배송 별점 4.81 리뷰 617 새 창에서 열림",https://ader.naver.com/v1/RJR0KZ1qZaEGNqQNlKZt_00YCSbz-JduqW8uBNmtiMw9NaFq4MZH_ffIfdO1YdHQO1LXIz7NKW1_6yEz6EKbBhZROh72-Fklvp4hS3mRHlTsL3VtES09viNnSMBnBjFWNMCZOL8ChhKoEGrDzg40_Cy9prmozIXj80ADUwfWKeWEXf_dWUNwNkIFoQDsJmjxuuuAOhJzP3w1thWFGMIv9BoJh0mBLsGC7bUxIAbof4hwRF7xFCtqXhKMxAgPHi2o8Awv0I8CLxIOoH8E1HTA5YwPq2YtICwFxzU0XwtYkoJ0SEyqnqYp4cO1Z5WHgIf6GQEKG4RIbL6_JnqJFWsDf4IIt3PgWQqc_dEpmKMlflg=?c=pc.nplusstore.npla&t=0,111,10,exact,35900,,unknown,0,1,kamis_retail_unit,True,2026-09-28,2026-09-28T19:48:04.397116+09:00,,,,35900,35900
naver,de0149ca8bbca18ed03480f1,"슈퍼적립 슈퍼적립 광고 오덕몰 새 창에서 열림 예약26년 햅쌀 예약구매 보령농협 당일도정 오덕쌀 친들미 10kg 상등급 - 10월 13일 발송 할인 전 판매가 45,900원 5% 할인 43,500 원 (100g당 435원) 멤버십 시작 시 최대6,525원 포인트 적립 무료배송 별점 4.89 리뷰 1,881 새 창에서 열림",https://smartstore.naver.com/main/products/7323137981?nl-query=%EC%8C%80%2010kg&nl-au=c6a49c281770413389acb79b0a2653c7&NaPm=ci%3Dc6a49c281770413389acb79b0a2653c7%7Cct%3Dmul4j440%7Ctr%3Dnslspp%7Csn%3D4582822%7Chk%3D614bdb6704f0020ec5611c748e13369764918bd7,111,10,exact,43500,,restricted,0,1,kamis_retail_unit,True,2026-09-28,2026-09-28T19:48:04.398098+09:00,,,,43500,43500
naver,ca7256742a687a997e21bd35,"슈퍼적립 슈퍼적립 광고 쌀명당 공식 새 창에서 열림 쌀명당 더고슬미 1kg, 5개 할인 전 판매가 35,900원 15% 할인 30,300 원 (100g당 606원) 최저가 28,800 원 최대할인가 상세보기 멤버십 시작 시 최대4,320원 포인트 적립 오늘출발 11:00까지 주문 시 무료배송 별점 4.92 리뷰 946 새 창에서 열림",https://smartstore.naver.com/main/products/8606406406?nl-query=%EC%8C%80%2010kg&nl-au=fd7fd70a5b804b21b41b9b76170fc96a&NaPm=ci%3Dfd7fd70a5b804b21b41b9b76170fc96a%7Cct%3Dmul4j440%7Ctr%3Dnslctg%7Csn%3D8152904%7Chk%3D1dcb5ddc7a65d760347ef574bd1197a60cab965c,111,10,compatible,30300,,restricted,0,0.1,kamis_retail_unit,True,2026-09-28,2026-09-28T19:48:04.400729+09:00,,,,3.0300E+5,30300
naver,51ac6fe3662ec1c3127d93ad,"명성쌀 공식 새 창에서 열림 [농할쿠폰] [경기도] 백진주 쌀 10kg 백미 단일품종 경기미 39,900 원 (100g당 399원) 37,400 원 최대할인가 상세보기 N새벽배송 내일(화) 07시 전 도착 무료배송 별점 4.87 리뷰 3,444 새 창에서 열림",https://smartstore.naver.com/main/products/10980895487?nl-query=%EC%8C%80%2010kg&nl-au=7ef3f89dc514485fabd90368358c0618&NaPm=ci%3D7ef3f89dc514485fabd90368358c0618%7Cct%3Dmul4j441%7Ctr%3Dnslsl%7Csn%3D715588%7Chk%3Db6f74c5a3dac40cec95ebdc29e1168318a07573c,111,10,exact,39900,,restricted,0,1,kamis_retail_unit,True,2026-09-28,2026-09-28T19:48:04.401234+09:00,,,,39900,39900
naver,852dbcc7d9516088899b6703,"명성쌀 공식 새 창에서 열림 명성미곡처리장 명성쌀 햅쌀 고시히카리 10kg, 1개 44,900 원 (100g당 449원) 최저가 44,800 원 최대할인가 상세보기 N새벽배송 내일(화) 07시 전 도착 무료배송 별점 4.84 리뷰 8,238 새 창에서 열림",https://smartstore.naver.com/main/products/5172468786?nl-query=%EC%8C%80%2010kg&nl-au=b4b0e51b3e174db3b9ace308d2ca27ff&NaPm=ci%3Db4b0e51b3e174db3b9ace308d2ca27ff%7Cct%3Dmul4j441%7Ctr%3Dnslctg%7Csn%3D715588%7Chk%3De7b4123729ca10f3c32fa64cf5f6092f06c20e75,111,10,exact,44900,,unknown,0,1,kamis_retail_unit,True,2026-09-28,2026-09-28T19:48:04.403377+09:00,,,,44900,44900
naver,c5e716c816c57ca764d0d297,"광고 새 창에서 열림 해나미 새 창에서 열림 히카마 1kg 해나미 슈퍼푸드 멕시코감자 건강식품 베트남산 수입 할인 전 판매가 15,900원 25% 할인 11,900 원 (100g당 1,190원) 무료배송 별점 4.66 리뷰 254 새 창에서 열림",https://ader.naver.com/v1/nU6NKtHIvtpMfbaOCVf8HBoH7845zHtAolBR2QB5DQaZTkzGZJODd8MH6_SfK_8j0Exru5v95OZdiAbcmjLgNSlION9Cn_UXaq7BggbAS3Xfk0Am-pV3pNQOz0CigtOSAKUMof-JzknkO90FH2KQI7JVDNfJ-Gf7-EeRFmzMn5DdlkmRxQwMcavWmm_8fxFa0beXRWmg9dKKsYwWgB1e-XcB8naT3axVssth0GhYv5lh7rOYxBJI8_iDnxgt749D50KBakFo3Hl65odFeD8M14EZEUwh1AVvaEkzjliaFHuTHwwQVh9O6P0F_oa1k4aq?c=pc.nplusstore.npla&NaPm=1,152,00,exact,11900,,unknown,0,1,kamis_retail_unit,True,2026-09-28,2026-09-28T19:48:31.682243+09:00,,,,11900,11900
naver,3c832265bdd82f03a2904b61,"광고 새 창에서 열림 무동 새 창에서 열림 B급감자 쭈그리감자 20kg 덤핑 감자탕 옹심이 막국수 감자적 식당 음식점 할인 전 판매가 50,000원 70% 할인 15,000 원 (100g당 75원) 무료배송 새 창에서 열림",https://ader.naver.com/v1/wwh7s-pYqMO0nlcuXIYk7arwMDZx1wQ9ei7zs9AD8BNUW-nv2MxngAsXxymm9q-LKfUvCfCimTBhaJQ1smma1-vAb3xpzaqKssdzZ_lqgOLbXmodQYtfkLbEWeVCRUDXMECr7v1Y3U7y1dhOVcg3v9CRuQ_HWeFn3DaoRfTGAf_yT9f-TFPNx6rlpAF6m92L4Nx8y0odXDGV-t_Pf8lDrORmF5yj780gpl_Wig0pHKtB_QgiPjyin-glqPy7jT0had76XWoBwh_bGTOc__lDiHgyg13bs6_LbK_aGpE3yIZBd_2YeT-iKOsKwWmg1JExV9w1vBtzkGbbFXWJ5SM2ruvVwaf1wWWXFzrBuVuJeYuzfNWv6QXAajC69BvREfwYFq3Vew2CoGZTYzZuHiHSGjCXspp2HugFqt5jsgrO3r2mxQf6YMFoi9z9nHMVpBFLds98SMlMz_hgeRTf8L2mxluVt1NpvW7QjR8DRLL3lwQ=?c=pc.nplusstore.npla&t=0,152,00,exact,15000,,unknown,0,20,kamis_retail_unit,True,2026-09-28,2026-09-28T19:48:31.683241+09:00,,,,750,15000
naver,2986b6e0b605aeb1094abbe8,"광고 새 창에서 열림 무동 새 창에서 열림 강원도감자 10kg 두백 설봉 수미 못난이 분감자 국내산 할인 전 판매가 36,000원 50% 할인 18,000 원 무료배송 별점 5.0 리뷰 2 새 창에서 열림",https://ader.naver.com/v1/vnyHkwj1Ubk8rKRERcFX4JBY554fbwNJo-PoXBGJreH_2NHL4bgY5xfHSn1NBiObPV7nXOvee-1HDtPIErYGFMkfSNu1QX_NNc6z5sMeGAqJdVZgn9g9xdrlJmyK1cVpoiN-wB8U1oe7W12W91FEYZDNaTkfvC-85joryxjIObNDw_byViCbFJRT5z3JNbGd61LrKLqJnCEYJr3lzRkkz6RIE2o8-QBXWoYLxXhd_01je6yNh-aMZ_DCopFjD3EQpk-X_u3s5uTpxbKkgTnZliKgCaaPzAKADV_qZO2p0ioCDVN87MMR2F5yxM9exML3m67YrL5Jw9sbqDIecDjjjCx8a8xuCWysqQyKzYYE7niJleKLaaxJV4OiYoCwa8laaxLlec1c7Qj_3NJ3DQIttDat_wRcNAdrlRBqfblZmfW1mUKNKZtG04LtNrxPGi0vXgSzJroxfs18ejYb3Iuc3tG0AhviKKpSJRuwnoSJlv0=?c=pc.nplusstore.npla&t=0,152,00,exact,18000,,unknown,0,10,kamis_retail_unit,True,2026-09-28,2026-09-28T19:48:31.685270+09:00,,,,1800,18000
naver,8f73a0a1caf185d9afbbe423,"광고 새 창에서 열림 무동 새 창에서 열림 무동감자 10kg 국내산 강원도햇감자 할인 전 판매가 36,000원 50% 할인 18,000 원 무료배송 별점 3.75 리뷰 4 새 창에서 열림",https://ader.naver.com/v1/kzhuPU2XEFFgHmEZ7ITiUqndOETQL3uGhs87KtwU8KtBPu1DugNA2bx_CAIXI_5QLalScQcc830MYaJNNJYKNkQHOffkzDdwH-Be9hOOR8kiE7zkVYBrz0dyRu6HgXecEVcZyihTwFQYzkKr7se6BmzttRBTEgIS_LoEzksIo6nOxuwUUI2DI6e3Z1QpgJ8puI8bpQL-nk9ot_fHXxZpnMnvCicpAFS7XYVx25uIRom6w4VXboqAM5RbT7FJ8Kwqn4U1xnmL1EQYUoCOJwlH7AHspnihiUSJhYa1JuIhQ-5qcIV06riz_YUlev6_jzvq2ncx1keVk-l4drO6QP2YmKriu_Yda8o7kYuqVF7xtkpGn0CkAx-iuPgQylTogZZ9jvRlx03TApxRMzvm-MmO3mPN7JJv5oH1VlwY3K5rhavCt3mK683Of-JMLvbpz3os8xCv89nMcvsUBrYsjvbR0o7ZWEM6CzACy5FwSv3u63Y=?c=pc.nplusstore.npla&t=0,152,00,exact,18000,,unknown,0,10,kamis_retail_unit,True,2026-09-28,2026-09-28T19:48:31.686271+09:00,,,,1800,18000
naver,eaca2767a14fde3bf3efecc9,"멤버십 전용 컬리N마트 우수셀러 새 창에서 열림 [KF365] 감자 1kg 할인 전 판매가 4,990원 20% 할인 3,990 원 1,490 원 멤버십쿠폰가 상세보기 배송비 별도 새벽배송 별점 4.85 리뷰 12,994 새 창에서 열림",https://smartstore.naver.com/main/products/12273066792?nl-query=%EA%B0%90%EC%9E%90%201kg&nl-au=ae1e2e25dfcf4a899ab48fef8f838343&NaPm=ci%3Dae1e2e25dfcf4a899ab48fef8f838343%7Cct%3Dmul4jaiy%7Ctr%3Dnslsl%7Csn%3D12255929%7Chk%3D77b385d2b4572d01f504df40949b0b7adf145b34,152,00,rejected,3990,,restricted,0,1,kamis_retail_unit,True,2026-09-28,2026-09-28T19:48:31.687270+09:00,,,shipping_unknown,3990,3990
naver,2175d7f7242b1076678a664e,"TheGamJa 새 창에서 열림 국산 깐감자 1kg 3,500 원 (100g당 350원) 배송비 3,000원 별점 4.88 리뷰 164 새 창에서 열림",https://smartstore.naver.com/main/products/5292335525?nl-query=%EA%B0%90%EC%9E%90%201kg&nl-au=e5350c7ff8574af2b61bcfa60c39d785&NaPm=ci%3De5350c7ff8574af2b61bcfa60c39d785%7Cct%3Dmul4jaiy%7Ctr%3Dnslsl%7Csn%3D634883%7Chk%3Df8468e34cca475206046ceea59de8ea52ffb1b07,152,00,exact,3500,,unknown,3000,1,kamis_retail_unit,True,2026-09-28,2026-09-28T19:48:31.688270+09:00,,,,6500,6500
naver,10cda8c2c82279b590f8b1c9,"이제이 푸드스토리 우수셀러 새 창에서 열림 이제이푸드스토리 냉동 삶은 감자 1kg 조림용 업소용 대용량 글로벌 2,900 원 (100g당 290원) 배송비 3,000원 별점 5.0 리뷰 22 새 창에서 열림",https://smartstore.naver.com/main/products/11838734097?nl-query=%EA%B0%90%EC%9E%90%201kg&nl-au=f7d1b8d16d464bbe9af62c2c8c261f9d&NaPm=ci%3Df7d1b8d16d464bbe9af62c2c8c261f9d%7Cct%3Dmul4jaiz%7Ctr%3Dnslsl%7Csn%3D422338%7Chk%3D1ffce2aab4af6d30dc2b7926fba47b036ffd3af0,152,00,rejected,2900,,unknown,3000,1,kamis_retail_unit,True,2026-09-28,2026-09-28T19:48:31.690626+09:00,,,forbidden_product_type,5900,5900
naver,ca6ae7568f3a366dc80514b4,"TheGamJa 새 창에서 열림 국내산 조림감자, 알감자 1kg 5,000 원 (100g당 500원) 배송비 3,000원 별점 4.67 리뷰 2,066 새 창에서 열림",https://smartstore.naver.com/main/products/2418324544?nl-query=%EA%B0%90%EC%9E%90%201kg&nl-au=2a8669a4ebf446b9bbdacddf9291d106&NaPm=ci%3D2a8669a4ebf446b9bbdacddf9291d106%7Cct%3Dmul4jaiz%7Ctr%3Dnslsl%7Csn%3D634883%7Chk%3Dec1a6da0bb1ed8cfbf384180db07098e9b562e51,152,00,exact,5000,,unknown,3000,1,kamis_retail_unit,True,2026-09-28,2026-09-28T19:48:31.692638+09:00,,,,8000,8000
coupang,b361b0ec924b205e70699483,"2026년 단단한 무안양파 (햇), 1개, 1kg(특상)7,800원12%6,800원(100g당 680원)10/1(목) 도착 예정무료배송 ∙ 오늘출발(601)최대 340원 적립광고",,245,00,exact,6800,,unknown,0,1,kamis_retail_unit,True,2026-09-28,2026-09-28T19:50:51.395487+09:00,,,,6800,6800
coupang,087372f2c70f09b13e24eec3,"(광평영농조합) 26년 전남무안 황토밭 햇 자색양파, 3KG(중대혼합), 1개40,000원76%9,310원(100g당 310원)모레(수) 도착 예정무료배송 ∙ 오늘출발(1,868)최대 465원 적립광고",,245,00,exact,9310,,unknown,0,3,kamis_retail_unit,True,2026-09-28,2026-09-28T19:50:51.444076+09:00,,,,3103.333333333333333333333333,9310
coupang,24aeb704dc0dacc5821fb526,"국내산 양파, 1kg(대), 1개2,580원(100g당 258원)내일(화) 새벽 도착 보장(706,641)최대 129원 적립1",,245,00,rejected,2580,,unknown,0,1,kamis_retail_unit,True,2026-09-28,2026-09-28T19:50:51.454062+09:00,,,shipping_unknown,2580,2580
coupang,5ee93dab4584252b656a988d,"국내산 울팜 아삭 달달 단단한 창녕 양파, 1개, 양파(중) 1kg쿠폰할인· 2일 남음7,900원37%4,900원(100g당 490원)모레(수) 도착 예정무료배송 ∙ 오늘출발(7,942)최대 245원 적립2",,245,00,exact,4900,,restricted,0,1,kamis_retail_unit,True,2026-09-28,2026-09-28T19:50:51.458949+09:00,,,,4900,4900
coupang,860983f6df0f6f5f32388e29,"국내산 양파(소), 1kg, 1개2,180원(100g당 218원)내일(화) 새벽 도착 보장(119,822)최대 109원 적립3",,245,00,rejected,2180,,unknown,0,1,kamis_retail_unit,True,2026-09-28,2026-09-28T19:50:51.461953+09:00,,,shipping_unknown,2180,2180
coupang,2f65277188b45276fe264332,"[시골담다]국내산 단단한 햇양파 산지직송 3kg 5kg 10kg, 1박스, 5kg (대)14,300원9%12,900원(100g당 258원)10/1(목) 도착 예정무료배송 ∙ 오늘출발(76)최대 645원 적립광고",,245,00,exact,12900,,unknown,0,5,kamis_retail_unit,True,2026-09-28,2026-09-28T19:50:51.466952+09:00,,,,2580,12900
coupang,b447b827eeadcbcabc7ccaf3,"[울팜] 단맛 강한 국내산 자색양파 샐러드용 피클용 붉은양파, 1개, 자색양파 1kg9,900원33%6,600원(100g당 660원)모레(수) 도착 예정무료배송 ∙ 오늘출발(713)최대 254원 적립광고",,245,00,exact,6600,,unknown,0,1,kamis_retail_unit,True,2026-09-28,2026-09-28T19:50:51.470952+09:00,,,,6600,6600
coupang,ca7ab596e83c91a39bc2ee6a,"(짓다팜)햇양파 국내산양파 창녕양파 1kg, 1개7,600원47%3,990원(100g당 133원)10/1(목) 도착 예정무료배송 ∙ 오늘출발(78)최대 200원 적립4",,245,00,exact,3990,,unknown,0,1,kamis_retail_unit,True,2026-09-28,2026-09-28T19:50:51.474950+09:00,,,,3990,3990
coupang,b5facc507f366a6ff52d3630,"국산 창녕 2026 햇마늘 햇 마늘 최상품 깐마늘, 1개, 1kg(대)18,800원26%13,800원(100g당 1,380원)모레(수) 도착 예정무료배송 ∙ 오늘출발(2,084)최대 690원 적립광고",,258,01,compatible,13800,,unknown,0,1,kamis_retail_unit,True,2026-09-28,2026-09-28T19:50:57.665235+09:00,,,,13800,13800
coupang,2b71ecc108197a77d988ea47,"마늘담 국내산 창녕 2026년 햇 깐마늘 3kg 중 사이즈, 1개, 3kg(중)할인37,800원22%29,250원(100g당 975원)모레(수) 도착 예정무료배송 ∙ 오늘출발(2,438)최대 1,463원 적립광고",,258,01,compatible,29250,,unknown,0,3,kamis_retail_unit,True,2026-09-28,2026-09-28T19:50:57.671231+09:00,,,,9750,29250
coupang,94686d5d8eeaf30eff8710ae,"국내산 깐마늘, 1kg, 1개9,480원(100g당 948원)내일(화) 새벽 도착 보장(269,386)최대 474원 적립1",,258,01,rejected,9480,,unknown,0,1,kamis_retail_unit,True,2026-09-28,2026-09-28T19:50:57.704228+09:00,,,shipping_unknown,9480,9480
coupang,e5832457bce0a88f3373a546,"26년 국산 창녕 특품 햇깐마늘 통마늘, 1개, 1kg(특품 중)할인25,000원52%11,800원(100g당 1,180원)모레(수) 도착 예정무료배송 ∙ 오늘출발(1,490)최대 590원 적립2",,258,01,compatible,11800,,unknown,0,1,kamis_retail_unit,True,2026-09-28,2026-09-28T19:50:57.707227+09:00,,,,11800,11800
coupang,4c0cf8dfd4da8767df68c4f9,"국내산 울팜 창녕 깐마늘 국산 마늘 당일제조 특품 최상품, 1개, 1kg(깐마늘 중)쿠폰할인15,800원27%11,500원(100g당 1,150원)모레(수) 도착 예정무료배송 ∙ 오늘출발(9,864)최대 575원 적립3",,258,01,compatible,11500,,restricted,0,1,kamis_retail_unit,True,2026-09-28,2026-09-28T19:50:57.711228+09:00,,,,11500,11500
coupang,46b058bd2ea28c1f5283bd69,"곰곰 냉동 알마늘, 1개, 1kg4,200원내일(화) 새벽 도착 보장(54)최대 210원 적립광고",,258,01,rejected,4200,,unknown,0,1,kamis_retail_unit,True,2026-09-28,2026-09-28T19:50:57.716228+09:00,,,forbidden_product_type,4200,4200
coupang,3e2cb00be32186a69444ec4b,"곰곰X농협 국산 깐마늘, 1개, 1kg9,990원(100g당 999원)내일(화) 새벽 도착 보장(1,440)최대 500원 적립4",,258,01,rejected,9990,,unknown,0,1,kamis_retail_unit,True,2026-09-28,2026-09-28T19:50:57.720650+09:00,,,shipping_unknown,9990,9990
coupang,2c691605dff7e1a8096f0b00,"대끼리네 귀찮은 손질 끝. 국내산 깐마늘 일반 깐마늘 꼭지제거 깐마늘 신선배송, 1개, 일반 소 500g14,000원45%7,700원(100g당 1,540원)10/1(목) 도착 예정무료배송 ∙ 오늘출발(12)최대 385원 적립광고",,258,01,compatible,7700,,unknown,0,0.5,kamis_retail_unit,True,2026-09-28,2026-09-28T19:50:57.724643+09:00,,,,1.540E+4,7700
coupang,ad73dc76c74da1848049bb58,"국내산 가정용 부사 사과 2-8kg, 부사사과2kg(10-12과), 10개24,000원29%16,900원(100g당 85원)모레(수) 도착 예정무료배송 ∙ 오늘출발최대 845원 적립1",,411,05,compatible,16900,,unknown,0,1,kamis_retail_unit,True,2026-09-28,2026-09-28T19:51:03.917890+09:00,,,,16900,16900
coupang,8b173dac0e5318007f94e0d5,"가정용 산지직송 고당도 부사사과 중과, 10개25,600원(1세트당 2,560원)배송비 3,000원 조건부 무료배송10/2(금) 도착 예정최대 1,280원 적립3",,411,05,compatible,25600,,unknown,3000,1,kamis_retail_unit,True,2026-09-28,2026-09-28T19:51:03.939904+09:00,,,,28600,28600
coupang,dde61a5e993f9ed6dcbc04e1,"고도700 추석 과일 선물세트 나주 배 7.5kg 신고배 특대과 산지직송, 10개86,900원(1세트당 8,690원)10/1(목) 도착 예정무료배송최대 4,345원 적립1",,412,01,exact,86900,,unknown,0,1,kamis_retail_unit,True,2026-09-28,2026-09-28T19:51:10.284383+09:00,,,,86900,86900
naver,fb4ea3500343fa08a2e8e249,"명성쌀 공식 새 창에서 열림 [농할쿠폰] [경기도] 백진주 쌀 10kg 백미 단일품종 경기미 39,900 원 (100g당 399원) 37,400 원 최대할인가 상세보기 N새벽배송 내일(수) 07시 전 도착 무료배송 별점 4.87 리뷰 3,463 새 창에서 열림",https://smartstore.naver.com/main/products/10980895487?nl-query=%EC%8C%80%2010kg&nl-au=a67a2b1158b64f7b81b3a7de1652ecec&NaPm=ci%3Da67a2b1158b64f7b81b3a7de1652ecec%7Cct%3Dmumjg4cc%7Ctr%3Dnslsl%7Csn%3D715588%7Chk%3D6acf9c76eff012bbe64b6ed3026234f07fe4034a,111,10,exact,39900,,restricted,0,1,kamis_retail_unit,True,2026-09-29,2026-09-29T19:33:24.817509+09:00,,,,39900,39900
naver,e0eed0dff620f9e99cb76c71,"명성쌀 공식 새 창에서 열림 명성미곡처리장 명성쌀 햅쌀 고시히카리 10kg, 1개 44,900 원 (100g당 449원) 최저가 44,800 원 최대할인가 상세보기 N새벽배송 내일(수) 07시 전 도착 무료배송 별점 4.84 리뷰 8,260 새 창에서 열림",https://smartstore.naver.com/main/products/5172468786?nl-query=%EC%8C%80%2010kg&nl-au=8b49498d7c6045d2a3d9f4cf5ab857e7&NaPm=ci%3D8b49498d7c6045d2a3d9f4cf5ab857e7%7Cct%3Dmumjg4cd%7Ctr%3Dnslctg%7Csn%3D715588%7Chk%3D27e581cf69801af01c53c0911ad18ff334ad5b3a,111,10,exact,44900,,unknown,0,1,kamis_retail_unit,True,2026-09-29,2026-09-29T19:33:24.882134+09:00,,,,44900,44900
naver,355b8f5916cd628b3395b937,"대한민국농수산 공식 우수셀러 새 창에서 열림 맛있는 쌀 10kg 백미 새청무쌀 당일도정 할인 전 판매가 37,900원 13% 할인 32,900 원 (100g당 329원) 32,570 원 최대할인가 상세보기 무료배송 별점 4.84 리뷰 48,923 새 창에서 열림",https://smartstore.naver.com/main/products/6651034148?nl-query=%EC%8C%80%2010kg&nl-au=7fc5c27bc4d045999f1bcabb9a59a190&NaPm=ci%3D7fc5c27bc4d045999f1bcabb9a59a190%7Cct%3Dmumjg4cd%7Ctr%3Dnslsl%7Csn%3D313515%7Chk%3Dbf9316202e63c9f6ec522066c78caa2ec0cdaa1a,111,10,exact,32900,,unknown,0,1,kamis_retail_unit,True,2026-09-29,2026-09-29T19:33:24.888131+09:00,,,,32900,32900
naver,20b7a55b3b32f58060fd5306,"멤버십 전용 컬리N마트 우수셀러 새 창에서 열림 땅끝 해남 쌀 10kg 39,900 원 34,400 원 멤버십쿠폰가 상세보기 배송비 별도 새벽배송 별점 4.82 리뷰 6,900 새 창에서 열림",https://smartstore.naver.com/main/products/12280015365?nl-query=%EC%8C%80%2010kg&nl-au=4604518afaf144a8bf4d631355cd15a5&NaPm=ci%3D4604518afaf144a8bf4d631355cd15a5%7Cct%3Dmumjg4cd%7Ctr%3Dnslsl%7Csn%3D12255929%7Chk%3Dc2b3bc8a59a6ea7711ebadd0857154d3b35bbe82,111,10,rejected,39900,,restricted,0,1,kamis_retail_unit,True,2026-09-29,2026-09-29T19:33:24.892634+09:00,,,shipping_unknown,39900,39900
naver,f1fb9b76bef926237285a381,"클릭 연관 2026년 햅쌀 특등급 백진주 삼광 쌀 백미 햅쌀 당일도정 10kg 할인 전 판매가 53,500원 18% 할인 43,870 원 (100g당 4,387원) 42,870 원 최대할인가 상세보기 별점 4.75 리뷰 398 새 창에서 열림",https://smartstore.naver.com/main/products/8338922762?nl-query=%EC%8C%80%2010kg&nl-au=9c46195d6dd44a11b0b5dd5151ebca1d&NaPm=ci%3D9c46195d6dd44a11b0b5dd5151ebca1d%7Cct%3Dmumjg4xp%7Ctr%3Dnslpsb%7Csn%3D%7Chk%3Dcdea16f8cdb99cf8d3f9cd42f1bba2ce34de3846,111,10,rejected,43870,,unknown,0,1,kamis_retail_unit,True,2026-09-29,2026-09-29T19:33:24.897656+09:00,,,shipping_unknown,43870,43870
naver,67ddf937a5e5d6f43ee9370e,"평택농협 슈퍼오닝쌀 우수셀러 새 창에서 열림 평택안중농협 슈퍼오닝쌀 고시히카리 10kg, 1개 44,000 원 (100g당 440원) 최저가 41,500 원 최대할인가 상세보기 무료배송 별점 4.9 리뷰 700 새 창에서 열림",https://smartstore.naver.com/main/products/13719967111?nl-query=%EC%8C%80%2010kg&nl-au=bda49a425a9249a5b085c11d3cc07291&NaPm=ci%3Dbda49a425a9249a5b085c11d3cc07291%7Cct%3Dmumjg4cd%7Ctr%3Dnslctg%7Csn%3D12173259%7Chk%3D485f4d7e723a3c3778d306a891df1591d2bd555c,111,10,exact,44000,,unknown,0,1,kamis_retail_unit,True,2026-09-29,2026-09-29T19:33:24.903657+09:00,,,,44000,44000
naver,712792841590bf9e1409b990,"땡큐파머스 우수셀러 새 창에서 열림 삼광쌀 10kg 맛있는 삼광미 쌀 당일도정 백미 할인 전 판매가 52,900원 24% 할인 39,900 원 (100g당 399원) 39,400 원 최대할인가 상세보기 무료배송 별점 4.8 리뷰 14,272 새 창에서 열림",https://smartstore.naver.com/main/products/10463687889?nl-query=%EC%8C%80%2010kg&nl-au=09afda8612ca4a2e97dd2658f049ee4e&NaPm=ci%3D09afda8612ca4a2e97dd2658f049ee4e%7Cct%3Dmumjg4cd%7Ctr%3Dnslsl%7Csn%3D590530%7Chk%3D6e2394f65fd4a6f883497924c0b86f20cc593d7e,111,10,exact,39900,,unknown,0,1,kamis_retail_unit,True,2026-09-29,2026-09-29T19:33:24.907643+09:00,,,,39900,39900
naver,9869b267301041b51b408119,"명성쌀 공식 새 창에서 열림 [농할쿠폰] [경기도] 26년산 햅쌀 풍성한밥상 경기미 백미 10kg, 1개 37,900 원 (100g당 379원) 35,400 원 최대할인가 상세보기 N새벽배송 내일(수) 07시 전 도착 무료배송 별점 4.84 리뷰 2,153 새 창에서 열림",https://smartstore.naver.com/main/products/10442841316?nl-query=%EC%8C%80%2010kg&nl-au=001769b1725d474da377ad01b96cd782&NaPm=ci%3D001769b1725d474da377ad01b96cd782%7Cct%3Dmumjg4cd%7Ctr%3Dnslsl%7Csn%3D715588%7Chk%3D2bbd54661764d179f42e7fccb64395da39a3794b,111,10,exact,37900,,restricted,0,1,kamis_retail_unit,True,2026-09-29,2026-09-29T19:33:24.912659+09:00,,,,37900,37900
coupang,4a42c17d6d3b33aaee571ca7,"구미시농협 일선정품 쌀 백미 상등급, 10kg, 1개32,000원6%29,900원(100g당 299원)내일(수) 도착 보장무료배송(1,847)최대 1,495원 적립1",,111,10,exact,29900,,unknown,0,1,kamis_retail_unit,True,2026-09-29,2026-09-29T19:34:46.143098+09:00,,,,29900,29900
coupang,235c37eaecb664c49620b5ef,"곰곰 2026년산 햅쌀 소중한 우리쌀 상등급, 10kg, 1개42,800원15%35,990원(100g당 360원)내일(수) 도착 보장무료배송(631,416)최대 1,800원 적립2",,111,10,exact,35990,,unknown,0,1,kamis_retail_unit,True,2026-09-29,2026-09-29T19:34:46.167104+09:00,,,,35990,35990
coupang,759bf44dc6845a6c92ff2d20,"예천군농협 예담진미 영호진미쌀 상등급, 10kg, 1개39,900원23%30,400원(100g당 304원)내일(수) 도착 보장무료배송(19,922)최대 1,520원 적립4",,111,10,exact,30400,,unknown,0,1,kamis_retail_unit,True,2026-09-29,2026-09-29T19:34:46.168243+09:00,,,,30400,30400
coupang,af9f32a5ebe8ebaa343c9b88,"이천남부농협 GAP 인증 2026년산 햅쌀 임금님표 이천쌀 상등급, 10kg, 1개46,900원(100g당 469원)내일(수) 도착 보장무료배송(48,620)최대 2,345원 적립5",,111,10,exact,46900,,unknown,0,1,kamis_retail_unit,True,2026-09-29,2026-09-29T19:34:46.169254+09:00,,,,46900,46900
coupang,684e0538242c86a879a9bf69,"집밥 백미 쌀 10kg, 1개, 등 외27,900원(100g당 279원)10/2(금) 도착 예정무료배송(10,430)최대 1,395원 적립6",,111,10,exact,27900,,unknown,0,1,kamis_retail_unit,True,2026-09-29,2026-09-29T19:34:46.170732+09:00,,,,27900,27900
coupang,90adc84ae0eb35e187120e8c,"미농 2026년산 햅쌀 구수미 백미 상등급, 10kg, 1개29,900원(100g당 299원)내일(수) 도착 보장무료배송(8,856)최대 1,495원 적립9",,111,10,exact,29900,,unknown,0,1,kamis_retail_unit,True,2026-09-29,2026-09-29T19:34:46.172743+09:00,,,,29900,29900
coupang,d5544c7e400d08f12395f8c9,"임금님표이천 이천쌀 알찬미, 10kg, 1개, 상등급45,900원(100g당 459원)10/2(금) 도착 예정무료배송 ∙ 오늘출발(15,261)최대 2,295원 적립",,111,10,exact,45900,,unknown,0,1,kamis_retail_unit,True,2026-09-29,2026-09-29T19:34:46.175760+09:00,,,,45900,45900
coupang,dba202e894b6298ea6fae517,"미국 칼로스쌀 10kg, 1개38,000원31%25,900원(100g당 259원)10/2(금) 도착 예정무료배송 ∙ 오늘출발(22,728)최대 1,295원 적립",,111,10,exact,25900,,unknown,0,1,kamis_retail_unit,True,2026-09-29,2026-09-29T19:34:46.178760+09:00,,,,25900,25900
naver,5c91bbdcc20fdc95d8bd6402,"멤버십 전용 컬리N마트 우수셀러 새 창에서 열림 [KF365] 감자 1kg 할인 전 판매가 4,990원 20% 할인 3,990 원 1,490 원 멤버십쿠폰가 상세보기 배송비 별도 새벽배송 별점 4.85 리뷰 13,036 새 창에서 열림",https://smartstore.naver.com/main/products/12273066792?nl-query=%EA%B0%90%EC%9E%90%201kg&nl-au=cbe7f19d669945a78f396f1ba8829355&NaPm=ci%3Dcbe7f19d669945a78f396f1ba8829355%7Cct%3Dmumjg97n%7Ctr%3Dnslsl%7Csn%3D12255929%7Chk%3De41bd2029a0f29ba52167abe1f9c4739be5c3ef7,152,00,rejected,3990,,restricted,0,1,kamis_retail_unit,True,2026-09-29,2026-09-29T19:33:30.971889+09:00,,,shipping_unknown,3990,3990
naver,db9a5943ea8f8e37ac7ad9a2,"TheGamJa 새 창에서 열림 국산 깐감자 1kg 3,500 원 (100g당 350원) 배송비 3,000원 별점 4.88 리뷰 164 새 창에서 열림",https://smartstore.naver.com/main/products/5292335525?nl-query=%EA%B0%90%EC%9E%90%201kg&nl-au=c9d85079dc2442f4a3613777b357bd97&NaPm=ci%3Dc9d85079dc2442f4a3613777b357bd97%7Cct%3Dmumjg97n%7Ctr%3Dnslsl%7Csn%3D634883%7Chk%3D6d14d7bf9533856942d770997b47fd6a78d6d05d,152,00,exact,3500,,unknown,3000,1,kamis_retail_unit,True,2026-09-29,2026-09-29T19:33:30.981889+09:00,,,,6500,6500
naver,529b146f3254f57b3b8074da,"TheGamJa 새 창에서 열림 국내산 조림감자, 알감자 1kg 5,000 원 (100g당 500원) 배송비 3,000원 별점 4.67 리뷰 2,066 새 창에서 열림",https://smartstore.naver.com/main/products/2418324544?nl-query=%EA%B0%90%EC%9E%90%201kg&nl-au=a8577415d6134cb2bfafbc61afb2af44&NaPm=ci%3Da8577415d6134cb2bfafbc61afb2af44%7Cct%3Dmumjg97n%7Ctr%3Dnslsl%7Csn%3D634883%7Chk%3D12cda0a0ef62c92bb7aa511463a6d95ec693e151,152,00,exact,5000,,unknown,3000,1,kamis_retail_unit,True,2026-09-29,2026-09-29T19:33:30.986889+09:00,,,,8000,8000
naver,a43b42cc774392b84097b384,"야채왕 우수셀러 새 창에서 열림 야채왕 감자 1kg 포슬포슬 눈꽃같은 감자 구수한 맛 2,700 원 (100g당 270원) 배송비 3,500원 N새벽배송 모레(목) 07시 전 도착 무료교환반품 별점 4.86 리뷰 549 새 창에서 열림",https://smartstore.naver.com/main/products/5486040138?nl-query=%EA%B0%90%EC%9E%90%201kg&nl-au=0ee24ce14a794966a80c82ac1a891378&NaPm=ci%3D0ee24ce14a794966a80c82ac1a891378%7Cct%3Dmumjg97n%7Ctr%3Dnslsl%7Csn%3D2358029%7Chk%3Dddae38e6625b85d79c278a54349d7e21e30c249f,152,00,exact,2700,,unknown,3500,1,kamis_retail_unit,True,2026-09-29,2026-09-29T19:33:30.991877+09:00,,,,6200,6200
naver,c56cc3c8f6cfaf0b9f42a57f,"[KF365] 감자 1kg 할인 전 판매가 4,990원 20% 할인 3,990 원 1,490 원 멤버십쿠폰가 상세보기 배송비 별도 새벽배송 새 창에서 열림",https://shopping.naver.com/window-products/kurlynmart/12273066792?nl-query=%EA%B0%90%EC%9E%90%201kg&nl-au=28793881075c45f38214f47b8476f0af&NaPm=ci%3D28793881075c45f38214f47b8476f0af%7Cct%3Dmumjg9p2%7Ctr%3Dnslknm%7Csn%3DCC02%7Chk%3Da0296f90d7dd5adc77b67f2b3b04408d4fffc054,152,00,rejected,3990,,restricted,0,1,kamis_retail_unit,True,2026-09-29,2026-09-29T19:33:30.996889+09:00,,,shipping_unknown,3990,3990
naver,d21cd80a22dc508255ce8d37,"Kurly Only [팜송] 왕감자 1kg 4,990 원 3,990 원 멤버십쿠폰가 상세보기 배송비 별도 새벽배송 새 창에서 열림",https://shopping.naver.com/window-products/kurlynmart/13347274680?nl-query=%EA%B0%90%EC%9E%90%201kg&nl-au=9be281d764ab4e4d82203db28fb07037&NaPm=ci%3D9be281d764ab4e4d82203db28fb07037%7Cct%3Dmumjg9p2%7Ctr%3Dnslknm%7Csn%3DCC02%7Chk%3D9b2d19b4d1018e4e82348cae5b0f3835a7151ac8,152,00,rejected,4990,,restricted,0,1,kamis_retail_unit,True,2026-09-29,2026-09-29T19:33:31.046470+09:00,,,shipping_unknown,4990,4990
naver,459a0f0c0cabf937bd650d79,"멤버십 전용 컬리N마트 우수셀러 새 창에서 열림 [팜송] 왕감자 1kg 4,990 원 3,990 원 멤버십쿠폰가 상세보기 배송비 별도 새벽배송 별점 4.84 리뷰 800 새 창에서 열림",https://smartstore.naver.com/main/products/13347274680?nl-query=%EA%B0%90%EC%9E%90%201kg&nl-au=7b2e225706684b3299bb77d3e53d7ba9&NaPm=ci%3D7b2e225706684b3299bb77d3e53d7ba9%7Cct%3Dmumjg97o%7Ctr%3Dnslsl%7Csn%3D12255929%7Chk%3De0954652f22f21a300f450a2f304477b04afbe5c,152,00,rejected,4990,,restricted,0,1,kamis_retail_unit,True,2026-09-29,2026-09-29T19:33:31.051472+09:00,,,shipping_unknown,4990,4990
naver,ee2cc7befae563410ce6f44d,"이웃집로컬푸드 새 창에서 열림 돼지감자 생 뚱딴지 자색 국내산 감자 1kg 2kg 3kg 5kg 할인 전 판매가 47,900원 45% 할인 25,900 원 (100g당 863원) 25,400 원 최대할인가 상세보기 무료배송 별점 4.38 리뷰 24 새 창에서 열림",https://smartstore.naver.com/main/products/12972398520?nl-query=%EA%B0%90%EC%9E%90%201kg&nl-au=0dea793cc4dc4dd599c30af4a5617635&NaPm=ci%3D0dea793cc4dc4dd599c30af4a5617635%7Cct%3Dmumjg97o%7Ctr%3Dnslsl%7Csn%3D3786139%7Chk%3D1cfc013df42641829b07fdbb8bc49053bc9d8993,152,00,exact,25900,,unknown,0,5,kamis_retail_unit,True,2026-09-29,2026-09-29T19:33:31.056470+09:00,,,,5180,25900
coupang,53162419d8a82e5daad0fb6e,"국내산 햇 감자, 1kg, 1개2,590원(100g당 259원)내일(수) 새벽 도착 보장(453,348)최대 130원 적립1",,152,00,rejected,2590,,unknown,0,1,kamis_retail_unit,True,2026-09-29,2026-09-29T19:34:51.878952+09:00,,,shipping_unknown,2590,2590
coupang,90d0345fc3e112f7d33e4e9a,"[못생겨도 맛있는] 국내산 햇 감자, 1kg, 1개2,490원(100g당 249원)내일(수) 새벽 도착 보장(43,373)최대 125원 적립2",,152,00,rejected,2490,,unknown,0,1,kamis_retail_unit,True,2026-09-29,2026-09-29T19:34:51.949348+09:00,,,shipping_unknown,2490,2490
coupang,06510314790c049b1c9a26bf,"강원도 햇 감자, 1kg, 1개3,480원(100g당 348원)내일(수) 새벽 도착 보장(73,146)최대 174원 적립3",,152,00,rejected,3480,,unknown,0,1,kamis_retail_unit,True,2026-09-29,2026-09-29T19:34:51.955689+09:00,,,shipping_unknown,3480,3480
coupang,be4130a75694d8e6f69c54ab,"[새봄농산] 감자 26년 햇감자 국내산, 1개, 감자(중)_1kg할인8,000원41%4,680원(100g당 468원)10/2(금) 도착 예정무료배송 ∙ 오늘출발(12)최대 234원 적립4",,152,00,exact,4680,,unknown,0,1,kamis_retail_unit,True,2026-09-29,2026-09-29T19:34:51.958718+09:00,,,,4680,4680
coupang,6fc348eca8983ff2cb33dda5,"국내산 햇 감자(특), 1kg, 1개4,880원(100g당 488원)내일(수) 새벽 도착 보장(31,635)최대 244원 적립5",,152,00,rejected,4880,,unknown,0,1,kamis_retail_unit,True,2026-09-29,2026-09-29T19:34:51.961721+09:00,,,shipping_unknown,4880,4880
coupang,f18cf6530a3e05ea56d7316c,"제주 햇 감자, 1개, 1kg3,180원(100g당 318원)내일(수) 새벽 도착 보장(778)최대 159원 적립6",,152,00,rejected,3180,,unknown,0,1,kamis_retail_unit,True,2026-09-29,2026-09-29T19:34:51.965721+09:00,,,shipping_unknown,3180,3180
coupang,48d3cf86e6a7892dab6811f6,"국내산 햇 감자, 1개, 1kg(대)3,990원(100g당 399원)내일(수) 새벽 도착 보장(8,631)최대 200원 적립7",,152,00,rejected,3990,,unknown,0,1,kamis_retail_unit,True,2026-09-29,2026-09-29T19:34:51.969724+09:00,,,shipping_unknown,3990,3990
coupang,7008bfb70c95020cf6a93a87,"국내산 울팜 특품 흙감자 제철 수미 햇 감자, 1개, 감자1kg(중)쿠폰할인8,800원47%4,600원(100g당 460원)모레(목) 도착 예정무료배송 ∙ 오늘출발(15,486)최대 230원 적립8",,152,00,exact,4600,,restricted,0,1,kamis_retail_unit,True,2026-09-29,2026-09-29T19:34:51.973045+09:00,,,,4600,4600
naver,2901bd8831687a5bb500d319,"'-클릭마켓- 우수셀러 새 창에서 열림 국내산 배추 1망 (3포기) 할인 전 판매가 30,000원 34% 할인 19,800 원 (3개입당 19,800원) 오늘출발 17:00까지 주문 시 무료배송 별점 4.23 리뷰 31 새 창에서 열림",https://smartstore.naver.com/main/products/12517622618?nl-query=%EB%B0%B0%EC%B6%94%201%ED%8F%AC%EA%B8%B0&nl-au=75cefa5cdfc14b7d9c9e29e006e9ac52&NaPm=ci%3D75cefa5cdfc14b7d9c9e29e006e9ac52%7Cct%3Dmumjgdx6%7Ctr%3Dnslsl%7Csn%3D1670829%7Chk%3D7855cd494bb6b6398bca6eff1e322b2fdb0e9c81,211,03,compatible,19800,,unknown,0,3,kamis_retail_unit,True,2026-09-29,2026-09-29T19:33:37.111763+09:00,,,,6600,19800
naver,9f76d1b3d17081753892ec17,"채소애 새 창에서 열림 국내산 망배추 1망 3포기 할인 전 판매가 24,700원 20% 할인 19,700 원 (100g당 246원) 배송비 3,000원 오늘출발 10:00까지 주문 시 별점 4.64 리뷰 239 새 창에서 열림",https://smartstore.naver.com/main/products/8069092378?nl-query=%EB%B0%B0%EC%B6%94%201%ED%8F%AC%EA%B8%B0&nl-au=ef549fbcf0cf427287e3c2dc2c25ff36&NaPm=ci%3Def549fbcf0cf427287e3c2dc2c25ff36%7Cct%3Dmumjgdx6%7Ctr%3Dnslsl%7Csn%3D1705656%7Chk%3D271ba86fe547cf5de4cf33d4d364080e1350e767,211,03,compatible,19700,,unknown,3000,3,kamis_retail_unit,True,2026-09-29,2026-09-29T19:33:37.112770+09:00,,,,7566.666666666666666666666667,22700
naver,b1c4a621e5f35fb66e1e007c,"신선한삼촌 새 창에서 열림 국산 망 배추 3포기 1망 9kg 내외 18,900 원 (100g당 210원) 18,400 원 최대할인가 상세보기 배송비 3,500원 오늘출발 10:00까지 주문 시 별점 4.69 리뷰 65 새 창에서 열림",https://smartstore.naver.com/main/products/12673889653?nl-query=%EB%B0%B0%EC%B6%94%201%ED%8F%AC%EA%B8%B0&nl-au=16f02dbf1fbb4d62921af1c2e797c2fe&NaPm=ci%3D16f02dbf1fbb4d62921af1c2e797c2fe%7Cct%3Dmumjgdx6%7Ctr%3Dnslsl%7Csn%3D7568379%7Chk%3D5d2ca6d907c6bb87375721761751b7641f36daae,211,03,compatible,18900,,unknown,3500,3,kamis_retail_unit,True,2026-09-29,2026-09-29T19:33:37.114117+09:00,,,,7466.666666666666666666666667,22400
naver,b581ae045f109270272ee306,"좋은 야채 새 창에서 열림 햇배추 손질배추 통배추 1포기 할인 전 판매가 15,500원 19% 할인 12,500 원 (100g당 625원) 오늘출발 10:00까지 주문 시 무료배송 별점 4.67 리뷰 12 새 창에서 열림",https://smartstore.naver.com/main/products/11066629832?nl-query=%EB%B0%B0%EC%B6%94%201%ED%8F%AC%EA%B8%B0&nl-au=333c8bb10b8342be9bfaa73f2ae736f3&NaPm=ci%3D333c8bb10b8342be9bfaa73f2ae736f3%7Cct%3Dmumjgdx7%7Ctr%3Dnslsl%7Csn%3D10309667%7Chk%3D539492b3466b66ffdedea94d8451bdbd87ed189f,211,03,compatible,12500,,unknown,0,1,kamis_retail_unit,True,2026-09-29,2026-09-29T19:33:37.115127+09:00,,,,12500,12500
naver,acd6b5ae2702c089856e84bb,"남도5일장 새 창에서 열림 김장 포기배추 통배추 생배추 1망(3포기) 9kg 이상 할인 전 판매가 29,000원 13% 할인 25,000 원 (1kg당 2,778원) 24,500 원 최대할인가 상세보기 무료배송 별점 3.55 리뷰 11 새 창에서 열림",https://smartstore.naver.com/main/products/11075473965?nl-query=%EB%B0%B0%EC%B6%94%201%ED%8F%AC%EA%B8%B0&nl-au=95ed9385ec324362ab3e27e7c3b19df7&NaPm=ci%3D95ed9385ec324362ab3e27e7c3b19df7%7Cct%3Dmumjgdx7%7Ctr%3Dnslsl%7Csn%3D7422574%7Chk%3D35f67b581c74ab78afc37d4610763c98e639935d,211,03,compatible,25000,,unknown,0,3,kamis_retail_unit,True,2026-09-29,2026-09-29T19:33:37.118650+09:00,,,,8333.333333333333333333333333,25000
naver,5cdf0f303d044c8346a26be0,"채소애 새 창에서 열림 고소한 알배추 1박스 12포기 할인 전 판매가 53,000원 32% 할인 36,000 원 (100g당 514원) 오늘출발 11:00까지 주문 시 무료배송 별점 4.72 리뷰 29 새 창에서 열림",https://smartstore.naver.com/main/products/8022746819?nl-query=%EB%B0%B0%EC%B6%94%201%ED%8F%AC%EA%B8%B0&nl-au=906c42e7de284a5083afca58495241a7&NaPm=ci%3D906c42e7de284a5083afca58495241a7%7Cct%3Dmumjgdx7%7Ctr%3Dnslsl%7Csn%3D1705656%7Chk%3Db855dbf4636dc97ce3b75b9196a181a3e355994a,211,03,compatible,36000,,unknown,0,12,kamis_retail_unit,True,2026-09-29,2026-09-29T19:33:37.119794+09:00,,,,3000,36000
naver,b63b34047ead982c25764e6b,"연이네채소밭 새 창에서 열림 강원도 고랭지 통큰배추 1포기 2.5kg 11,900 원 (100g당 476원) 11,540 원 최대할인가 상세보기 배송비 3,000원 오늘출발 14:00까지 주문 시 별점 5.0 리뷰 1 새 창에서 열림",https://smartstore.naver.com/main/products/13263765939?nl-query=%EB%B0%B0%EC%B6%94%201%ED%8F%AC%EA%B8%B0&nl-au=c6161e2ac0224718897e828074e139c9&NaPm=ci%3Dc6161e2ac0224718897e828074e139c9%7Cct%3Dmumjgdx7%7Ctr%3Dnslsl%7Csn%3D12272704%7Chk%3D5f87a8571ed4e97ab7cb1acb9d78aaba0d235180,211,03,compatible,11900,,unknown,3000,1,kamis_retail_unit,True,2026-09-29,2026-09-29T19:33:37.121120+09:00,,,,14900,14900
naver,ddf2fbefc89e932ad8040c7c,"언니네산지직송 새 창에서 열림 통배추 묵직하고 단단한 당일경매 전라도 햇 배추 1망 3포기(9~10kg) 할인 전 판매가 35,000원 4% 할인 33,500 원 (1kg당 3,350원) 무료배송 별점 4.2 리뷰 5 새 창에서 열림",https://smartstore.naver.com/main/products/13579737225?nl-query=%EB%B0%B0%EC%B6%94%201%ED%8F%AC%EA%B8%B0&nl-au=0f6972cbcb0243bdb7f9c6e468f9bc36&NaPm=ci%3D0f6972cbcb0243bdb7f9c6e468f9bc36%7Cct%3Dmumjgdx7%7Ctr%3Dnslsl%7Csn%3D5496444%7Chk%3Df1606436d1b1ccaba15d0a48df03ebf3c40860e2,211,03,compatible,33500,,unknown,0,3,kamis_retail_unit,True,2026-09-29,2026-09-29T19:33:37.121120+09:00,,,,11166.66666666666666666666667,33500
coupang,65a90a7b86d607a09ab7f3a8,"채소애 강원도 고랭지 배추 1포기13,600원14%11,600원모레(목) 도착 예정무료배송 ∙ 오늘출발(18)최대 580원 적립1",,211,03,compatible,11600,,unknown,0,1,kamis_retail_unit,True,2026-09-29,2026-09-29T19:34:57.567607+09:00,,,,11600,11600
coupang,cd62187d0f1d4663078b62f1,"강원도 통큰배추 1포기, 2.5kg, 1개13,900원(100g당 556원)10/2(금) 도착 예정무료배송 ∙ 오늘출발(12)최대 695원 적립2",,211,03,compatible,13900,,unknown,0,1,kamis_retail_unit,True,2026-09-29,2026-09-29T19:34:57.568898+09:00,,,,13900,13900
coupang,1656775d22cbfb5197bc22bf,"빠리농산 국내산 배추 1포기 (2kg), 2.5kg, 1박스13,800원30%9,610원(100g당 384원)10/2(금) 도착 예정무료배송(6)최대 480원 적립3",,211,03,compatible,9610,,unknown,0,1,kamis_retail_unit,True,2026-09-29,2026-09-29T19:34:57.570189+09:00,,,,9610,9610
coupang,8ab8f3e9e7fdd97d5466a89c,"여름 배추의 진수 고랭지 배추 (강원도 평창산) 푸른 잎이 맛있는 고랭지배추 드셔보세요 ~ 지금이 기회 1포기에 2KG 내외 (엠제이프레쉬), 7kg, 1박스47,000원59%19,000원(100g당 271원)10/2(금) 도착 예정무료배송 ∙ 오늘출발(702)최대 950원 적립5",,211,03,compatible,19000,,unknown,0,1,kamis_retail_unit,True,2026-09-29,2026-09-29T19:34:57.571193+09:00,,,,19000,19000
coupang,42326fece2d6b7eb2c2e1615,"당일경매 국내산 포기 배추 망배추 통배추 최상급, 1개, 1(포기)14,000원22%10,850원(100g당 1,085원)모레(목) 도착 예정무료배송(174)최대 543원 적립6",,211,03,rejected,10850,,unknown,0,1,kamis_retail_unit,True,2026-09-29,2026-09-29T19:34:57.572193+09:00,,,incompatible_unit,10850,10850
coupang,2cac8efc9b4714452a8b93c3,"국내산 손질 배추, 1개입, 1개5,480원(1개당 5,480원)내일(수) 새벽 도착 보장(12,870)최대 274원 적립7",,211,03,rejected,5480,,unknown,0,1,kamis_retail_unit,True,2026-09-29,2026-09-29T19:34:57.573194+09:00,,,incompatible_unit,5480,5480
coupang,a3efb8d4310d70767a8bf5f6,"좋은야채 국내산 손질배추 햇배추 1포기, 2kg, 1개15,000원16%12,500원(100g당 625원)모레(목) 도착 예정무료배송 ∙ 오늘출발(10)최대 625원 적립8",,211,03,compatible,12500,,unknown,0,1,kamis_retail_unit,True,2026-09-29,2026-09-29T19:34:57.577196+09:00,,,,12500,12500
naver,1f6740834ebe25351355247f,"멤버십 전용 컬리N마트 우수셀러 새 창에서 열림 완숙토마토 1kg 할인 전 판매가 24,900원 24% 할인 18,900 원 13,400 원 멤버십쿠폰가 상세보기 배송비 별도 새벽배송 별점 4.83 리뷰 7,613 새 창에서 열림",https://smartstore.naver.com/main/products/12274083584?nl-query=%ED%86%A0%EB%A7%88%ED%86%A0%201kg&nl-au=a8ec5ea0136c4957ac43c2f9ec46df33&NaPm=ci%3Da8ec5ea0136c4957ac43c2f9ec46df33%7Cct%3Dmumjgimi%7Ctr%3Dnslsl%7Csn%3D12255929%7Chk%3D8d60926a012d059460d0107d5958ed16c8872d8c,225,00,rejected,18900,,restricted,0,1,kamis_retail_unit,True,2026-09-29,2026-09-29T19:33:43.181722+09:00,,,shipping_unknown,18900,18900
naver,c93d1cfea015d4751d3a6c1c,"완숙토마토 1kg 할인 전 판매가 24,900원 24% 할인 18,900 원 13,400 원 멤버십쿠폰가 상세보기 배송비 별도 새벽배송 새 창에서 열림",https://shopping.naver.com/window-products/kurlynmart/12274083584?nl-query=%ED%86%A0%EB%A7%88%ED%86%A0%201kg&nl-au=db02e0cb39bd48f9b3a55e152cc74de1&NaPm=ci%3Ddb02e0cb39bd48f9b3a55e152cc74de1%7Cct%3Dmumjgj4x%7Ctr%3Dnslknm%7Csn%3DCC02%7Chk%3Dd42a58572305b2b90ee057800ae331648faf2a57,225,00,rejected,18900,,restricted,0,1,kamis_retail_unit,True,2026-09-29,2026-09-29T19:33:43.191190+09:00,,,shipping_unknown,18900,18900
naver,49a0f74f506413742b15b437,"희소가치 무농약 마틸다 토마토 1kg 할인 전 판매가 15,900원 6% 할인 14,900 원 9,400 원 멤버십쿠폰가 상세보기 배송비 별도 새벽배송 새 창에서 열림",https://shopping.naver.com/window-products/kurlynmart/13615929532?nl-query=%ED%86%A0%EB%A7%88%ED%86%A0%201kg&nl-au=07b4c8dbcce04f8eb4cfbe7febc16ccc&NaPm=ci%3D07b4c8dbcce04f8eb4cfbe7febc16ccc%7Cct%3Dmumjgj4x%7Ctr%3Dnslknm%7Csn%3DCC02%7Chk%3Db74f1c5605ab730a99d25ce1ccd3c5b005d42422,225,00,rejected,14900,,restricted,0,1,kamis_retail_unit,True,2026-09-29,2026-09-29T19:33:43.194794+09:00,,,shipping_unknown,14900,14900
naver,68c92e2fdd3c9cdb1b01fb6a,"엘로아시스 공식 새 창에서 열림 토마토 스테비아 대추 방울 토마토 1kg 2kg 5kg 할인 전 판매가 52,000원 67% 할인 16,900 원 (100g당 1,690원) 15,900 원 최대할인가 상세보기 무료배송 별점 4.8 리뷰 451 새 창에서 열림",https://smartstore.naver.com/main/products/8488404487?nl-query=%ED%86%A0%EB%A7%88%ED%86%A0%201kg&nl-au=1905163f0d4d4ed7887522d1da4f1e97&NaPm=ci%3D1905163f0d4d4ed7887522d1da4f1e97%7Cct%3Dmumjgimj%7Ctr%3Dnslsl%7Csn%3D3316608%7Chk%3D4340659cdc498bb3b1d0a69395b2757b84a494a4,225,00,exact,16900,,unknown,0,5,kamis_retail_unit,True,2026-09-29,2026-09-29T19:33:43.201934+09:00,,,,3380,16900
naver,c04e5c6f96c5ac468a85c7b4,"대간 새 창에서 열림 대간농장 산지직송 프리미엄 유럽종 완숙토마토 최상품 1kg 할인 전 판매가 12,900원 23% 할인 9,900 원 (100g당 990원) 오늘출발 16:00까지 주문 시 무료배송 정기구독가능 별점 4.62 리뷰 1,099 새 창에서 열림",https://smartstore.naver.com/main/products/9460542592?nl-query=%ED%86%A0%EB%A7%88%ED%86%A0%201kg&nl-au=a764b01f12904a08bb2e2774fa55fa63&NaPm=ci%3Da764b01f12904a08bb2e2774fa55fa63%7Cct%3Dmumjgimj%7Ctr%3Dnslsl%7Csn%3D864356%7Chk%3D626e574805544e6da8c4604a62fd57ce0eed8ac0,225,00,exact,9900,,unknown,0,1,kamis_retail_unit,True,2026-09-29,2026-09-29T19:33:43.204295+09:00,,,,9900,9900
naver,3f30d9bbe73da9d8d635c0a4,"에브리푸드 새 창에서 열림 마리네이드 세미 드라이 토마토 1kg 2개 31,900 원 (100g당 1,595원) 오늘출발 15:00까지 주문 시 무료배송 정기구독가능 별점 4.92 리뷰 149 새 창에서 열림",https://smartstore.naver.com/main/products/9706342586?nl-query=%ED%86%A0%EB%A7%88%ED%86%A0%201kg&nl-au=25b31a7c461a42799386f30fdc909615&NaPm=ci%3D25b31a7c461a42799386f30fdc909615%7Cct%3Dmumjgimj%7Ctr%3Dnslsl%7Csn%3D1426449%7Chk%3Da47ee685fb37910cf5e768ce69926d4bfad7865d,225,00,exact,31900,,unknown,0,1,kamis_retail_unit,True,2026-09-29,2026-09-29T19:33:43.206697+09:00,,,,31900,31900
naver,b82ab8eeadfe080b4f5d105a,"푸드투유 새 창에서 열림 무농약 완숙토마토 친환경 신선 토마토 1kg 3kg 할인 전 판매가 32,200원 61% 할인 12,500 원 (100g당 1,250원) 12,000 원 최대할인가 상세보기 무료배송 별점 4.64 리뷰 92 새 창에서 열림",https://smartstore.naver.com/main/products/13522780850?nl-query=%ED%86%A0%EB%A7%88%ED%86%A0%201kg&nl-au=e7891be4948b472a9130f96793229cc6&NaPm=ci%3De7891be4948b472a9130f96793229cc6%7Cct%3Dmumjgin4%7Ctr%3Dnslsl%7Csn%3D10617586%7Chk%3D7a5638de923aaad9b6c65ec132429a4b67907ffa,225,00,exact,12500,,unknown,0,3,kamis_retail_unit,True,2026-09-29,2026-09-29T19:33:43.209029+09:00,,,,4166.666666666666666666666667,12500
coupang,7072ffef0669aa98be3629a0,"곰곰 완숙 토마토, 1kg, 1개8,650원(100g당 865원)내일(수) 새벽 도착 보장(237,556)최대 433원 적립1",,225,00,rejected,8650,,unknown,0,1,kamis_retail_unit,True,2026-09-29,2026-09-29T19:35:03.192597+09:00,,,shipping_unknown,8650,8650
coupang,6577a448d024f1500e4c67e1,"[농협중매인]최상품 국내산 완숙토마토 찰토마토 로얄사이즈, 1박스, 1kg 로얄과할인33,800원70%9,900원(100g당 990원)모레(목) 도착 예정무료배송(1,541)최대 495원 적립2",,225,00,exact,9900,,unknown,0,1,kamis_retail_unit,True,2026-09-29,2026-09-29T19:35:03.193912+09:00,,,,9900,9900
coupang,6a4ac51d45db7c111d523865,"광식이농장 완숙 토마토, 1kg, 1팩할인· 11:24:569,650원10%8,650원(100g당 865원)내일(수) 새벽 도착 보장(133,297)최대 433원 적립3",,225,00,rejected,8650,,unknown,0,1,kamis_retail_unit,True,2026-09-29,2026-09-29T19:35:03.194416+09:00,,,shipping_unknown,8650,8650
coupang,6d10a2f0fba0f96157067889,"국내산 찰토마토, 1kg, 1개6,650원(100g당 665원)내일(수) 새벽 도착 보장(11,310)최대 333원 적립4",,225,00,rejected,6650,,unknown,0,1,kamis_retail_unit,True,2026-09-29,2026-09-29T19:35:03.195421+09:00,,,shipping_unknown,6650,6650
coupang,670e0cee23624f635af8b5d6,"완숙 찰토마토 3번 중과 로얄과, 1박스, 1kg내외(3번 중과)할인14,900원40%8,900원(100g당 890원)모레(목) 도착 예정무료배송 ∙ 오늘출발(209)최대 445원 적립5",,225,00,exact,8900,,unknown,0,1,kamis_retail_unit,True,2026-09-29,2026-09-29T19:35:03.195421+09:00,,,,8900,8900
coupang,4e6b3c57f7538a6a8f17adbc,"[타임특가] 단단한 완숙토마토, 1박스, 1.5kg (소과)15,000원34%9,800원(100g당 392원)10/7 도착 예정무료배송(63)최대 490원 적립6",,225,00,exact,9800,,unknown,0,1.5,kamis_retail_unit,True,2026-09-29,2026-09-29T19:35:03.196859+09:00,,,,6533.333333333333333333333333,9800
coupang,a4987e6307cd4db03992b540,"완숙 토마토, 1kg, 1팩8,650원(100g당 865원)내일(수) 새벽 도착 보장(115,032)최대 433원 적립7",,225,00,rejected,8650,,unknown,0,1,kamis_retail_unit,True,2026-09-29,2026-09-29T19:35:03.199353+09:00,,,shipping_unknown,8650,8650
coupang,735c12abf1a94a6acd7c1f01,"[작년완판] 재구매율1위 초특가 완숙 토마토, 1박스, 5kg쿠폰할인52,900원62%19,790원(100g당 396원)10/8 도착 예정무료배송(48)최대 990원 적립8",,225,00,exact,19790,,restricted,0,5,kamis_retail_unit,True,2026-09-29,2026-09-29T19:35:03.199353+09:00,,,,3958,19790
naver,e63f194b00cd7ff72f98355a,"야채왕 우수셀러 새 창에서 열림 야채왕 무 1개 깊고 맑은 국물 맛 자연유래 천연 소화제 2,100 원 (100g당 210원) 배송비 3,500원 N새벽배송 모레(목) 07시 전 도착 무료교환반품 별점 4.8 리뷰 272 새 창에서 열림",https://smartstore.naver.com/main/products/5194994825?nl-query=%EB%AC%B4%201%EA%B0%9C&nl-au=44efbf599e604d9180d5576a1e5d2e3c&NaPm=ci%3D44efbf599e604d9180d5576a1e5d2e3c%7Cct%3Dmumjgnbi%7Ctr%3Dnslsl%7Csn%3D2358029%7Chk%3D939e040c9d63412dd97b8781ebe9c808218ae208,231,03,compatible,2100,,unknown,3500,1,kamis_retail_unit,True,2026-09-29,2026-09-29T19:33:49.099864+09:00,,,,5600,5600
coupang,08d4c052b2f5c8f647f05a05,"국내산 무, 1개입, 1개2,180원(1개당 2,180원)내일(수) 새벽 도착 보장(357,933)최대 109원 적립1",,231,03,rejected,2180,,unknown,0,1,kamis_retail_unit,True,2026-09-29,2026-09-29T19:35:08.841150+09:00,,,shipping_unknown,2180,2180
coupang,b6d88da47d7e137c6a4d4eb8,"못생겨도 맛있는 무, 1개, 1개입1,860원(1개당 1,860원)내일(수) 새벽 도착 보장(30,732)최대 93원 적립2",,231,03,rejected,1860,,unknown,0,1,kamis_retail_unit,True,2026-09-29,2026-09-29T19:35:08.846164+09:00,,,shipping_unknown,1860,1860
coupang,64cbdd9a47ee4b04f694451e,"국내산 세척 무, 1개입, 1개3,480원(1개당 3,480원)내일(수) 새벽 도착 보장(12,535)최대 174원 적립품절임박4",,231,03,rejected,3480,,unknown,0,1,kamis_retail_unit,False,2026-09-29,2026-09-29T19:35:08.876168+09:00,,,shipping_unknown,3480,3480
coupang,fbb7a1af5f775effcf226633,"야채왕 무 1개, 무1개2,900원배송비 3,500원 조건부 무료배송10/2(금) 도착 예정오늘출발(127)최대 145원 적립10",,231,03,compatible,2900,,unknown,3500,1,kamis_retail_unit,True,2026-09-29,2026-09-29T19:35:08.890195+09:00,,,,6400,6400
naver,e768262d8ac8cbf51d499c47,"채소팜 우수셀러 새 창에서 열림 채소팜 햇양파 적양파 1kg 3,000 원 (100g당 300원) 배송비 3,500원 오늘출발 14:00까지 주문 시 무료교환반품 별점 4.74 리뷰 2,443 새 창에서 열림",https://smartstore.naver.com/main/products/6550302808?nl-query=%EC%96%91%ED%8C%8C%201kg&nl-au=b6719f0468c1421e9de8714661f3a262&NaPm=ci%3Db6719f0468c1421e9de8714661f3a262%7Cct%3Dmumjgru2%7Ctr%3Dnslsl%7Csn%3D1190838%7Chk%3Defe25852462e69461539c9fdeca9d5f6fd779e54,245,00,exact,3000,,unknown,3500,1,kamis_retail_unit,True,2026-09-29,2026-09-29T19:33:54.937307+09:00,,,,6500,6500
naver,39b6e55b15c5c0a04b939944,"품절임박 채소팜 우수셀러 새 창에서 열림 채소팜 샬롯 미니양파 자색양파 1kg 13,000 원 (100g당 1,300원) 12,000 원 최대할인가 상세보기 배송비 3,500원 오늘출발 14:00까지 주문 시 무료교환반품 별점 4.83 리뷰 185 새 창에서 열림",https://smartstore.naver.com/main/products/9199812899?nl-query=%EC%96%91%ED%8C%8C%201kg&nl-au=4f24914489954b2db1a9a06e7a31fbbf&NaPm=ci%3D4f24914489954b2db1a9a06e7a31fbbf%7Cct%3Dmumjgru3%7Ctr%3Dnslsl%7Csn%3D1190838%7Chk%3Db0bb5ec1d2b02bef97b65092c511c4633d1aa457,245,00,exact,13000,,unknown,3500,1,kamis_retail_unit,False,2026-09-29,2026-09-29T19:33:54.939311+09:00,,,,16500,16500
naver,bf946af8e81a90474e01a194,"홍홍푸드몰 우수셀러 새 창에서 열림 중국 미니양파 샬롯 모충 1kg 전통양파 2,600 원 (100g당 260원) 배송비 2,500원 오늘출발 16:00까지 주문 시 별점 4.8 리뷰 778 새 창에서 열림",https://smartstore.naver.com/main/products/4730616625?nl-query=%EC%96%91%ED%8C%8C%201kg&nl-au=6280e07725504e099d6e392d675cf1b5&NaPm=ci%3D6280e07725504e099d6e392d675cf1b5%7Cct%3Dmumjgru3%7Ctr%3Dnslsl%7Csn%3D817456%7Chk%3D7ee1b2998dee8fb5167c6c97979526614bb07db4,245,00,exact,2600,,unknown,2500,1,kamis_retail_unit,True,2026-09-29,2026-09-29T19:33:54.940312+09:00,,,,5100,5100
naver,fcff42ce8ae92db0dbebdfb0,"야채왕 우수셀러 새 창에서 열림 야채왕 양파 1kg 설탕보다 우아하고 깊은 단맛 2,400 원 (100g당 240원) 배송비 3,500원 N새벽배송 모레(목) 07시 전 도착 무료교환반품 별점 4.8 리뷰 311 새 창에서 열림",https://smartstore.naver.com/main/products/5486052302?nl-query=%EC%96%91%ED%8C%8C%201kg&nl-au=81f90078258443d99252115fe0a6afab&NaPm=ci%3D81f90078258443d99252115fe0a6afab%7Cct%3Dmumjgru3%7Ctr%3Dnslsl%7Csn%3D2358029%7Chk%3D28aac10f23f710193cef18d249b6ca98e523e01e,245,00,exact,2400,,unknown,3500,1,kamis_retail_unit,True,2026-09-29,2026-09-29T19:33:54.941312+09:00,,,,5900,5900
naver,4861847b7804594b7f102ebf,"슬기로운 풍년상회 새 창에서 열림 26년 국내산 적양파 창녕 의령 무안 햇양파 자색양파 1Kg 4Kg 8Kg 할인 전 판매가 25,280원 45% 할인 13,900 원 (1kg당 3,475원) 오늘출발 10:00까지 주문 시 무료배송 별점 4.69 리뷰 2,322 새 창에서 열림",https://smartstore.naver.com/main/products/5681919172?nl-query=%EC%96%91%ED%8C%8C%201kg&nl-au=b4e30f3a0a0744c79f9c28715c8bb65f&NaPm=ci%3Db4e30f3a0a0744c79f9c28715c8bb65f%7Cct%3Dmumjgru3%7Ctr%3Dnslsl%7Csn%3D1717876%7Chk%3D2adf90dbe7787166103df3f95a3fb26fd58845f1,245,00,exact,13900,,unknown,0,8,kamis_retail_unit,True,2026-09-29,2026-09-29T19:33:54.943546+09:00,,,,1737.5,13900
naver,76afb3df3687d26db4a04d11,"테라팜 새 창에서 열림 샬롯 Shallot 에샬롯 보라 미니 양파 소, 1kg, 1개 6,000 원 (100g당 600원) 배송비 3,000원 오늘출발 18:00까지 주문 시 별점 4.57 리뷰 501 새 창에서 열림",https://smartstore.naver.com/main/products/4275510534?nl-query=%EC%96%91%ED%8C%8C%201kg&nl-au=1767280a6c0b410e8fd68720068108fe&NaPm=ci%3D1767280a6c0b410e8fd68720068108fe%7Cct%3Dmumjgru3%7Ctr%3Dnslsl%7Csn%3D386116%7Chk%3Dba367cfe89a242b839f8d7602f78053e2b5e4e28,245,00,exact,6000,,unknown,3000,1,kamis_retail_unit,True,2026-09-29,2026-09-29T19:33:54.943546+09:00,,,,9000,9000
naver,a5de29c3c42d1fdffcdf69de,"온샘팜 새 창에서 열림 샬롯 500g 1kg 미니양파 네덜란드산 7,500 원 (100g당 1,500원) 배송비 3,500원 별점 4.82 리뷰 537 새 창에서 열림",https://smartstore.naver.com/main/products/2624707735?nl-query=%EC%96%91%ED%8C%8C%201kg&nl-au=5886013edaaf4e7e807d6708965e4b0d&NaPm=ci%3D5886013edaaf4e7e807d6708965e4b0d%7Cct%3Dmumjgru3%7Ctr%3Dnslsl%7Csn%3D662433%7Chk%3D0051ace64ef9e0718039dcafff5a7f017519459b,245,00,exact,7500,,unknown,3500,1,kamis_retail_unit,True,2026-09-29,2026-09-29T19:33:54.944988+09:00,,,,11000,11000
coupang,34ef99899eab798946c20590,"국내산 양파, 1kg(대), 1개2,580원(100g당 258원)내일(수) 새벽 도착 보장(707,833)최대 129원 적립1",,245,00,rejected,2580,,unknown,0,1,kamis_retail_unit,True,2026-09-29,2026-09-29T19:35:14.586855+09:00,,,shipping_unknown,2580,2580
coupang,9bdecf55c4e00f021ee7da90,"국내산 양파(소), 1kg, 1개2,180원(100g당 218원)내일(수) 새벽 도착 보장(120,036)최대 109원 적립2",,245,00,rejected,2180,,unknown,0,1,kamis_retail_unit,True,2026-09-29,2026-09-29T19:35:14.586855+09:00,,,shipping_unknown,2180,2180
coupang,bed5c03920766054a780f30b,"국내산 울팜 아삭 달달 단단한 창녕 양파, 1개, 양파(중) 1kg쿠폰할인· 1일 남음7,900원37%4,900원(100g당 490원)모레(목) 도착 예정무료배송 ∙ 오늘출발(7,979)최대 245원 적립3",,245,00,exact,4900,,restricted,0,1,kamis_retail_unit,True,2026-09-29,2026-09-29T19:35:14.588217+09:00,,,,4900,4900
coupang,55353f203a5468438a4491c7,"(짓다팜)햇양파 국내산양파 창녕양파 1kg, 1개7,600원47%3,990원(100g당 133원)10/2(금) 도착 예정무료배송 ∙ 오늘출발(78)최대 200원 적립4",,245,00,exact,3990,,unknown,0,1,kamis_retail_unit,True,2026-09-29,2026-09-29T19:35:14.597260+09:00,,,,3990,3990
coupang,5e73f87741316ed4e25fb04a,"합천 깐 양파, 1kg, 1개5,090원(100g당 509원)내일(수) 새벽 도착 보장(15,900)최대 255원 적립5",,245,00,rejected,5090,,unknown,0,1,kamis_retail_unit,True,2026-09-29,2026-09-29T19:35:14.598263+09:00,,,shipping_unknown,5090,5090
coupang,76d63efcc083518144e5450d,"국내산 깐양파, 1kg, 1개4,590원(100g당 459원)내일(수) 새벽 도착 보장(27,324)최대 230원 적립6",,245,00,rejected,4590,,unknown,0,1,kamis_retail_unit,True,2026-09-29,2026-09-29T19:35:14.599260+09:00,,,shipping_unknown,4590,4590
coupang,fdc4b27606fa859d23f1d36c,"국내산 자색 양파, 1kg, 1개3,290원(100g당 329원)내일(수) 새벽 도착 보장(26,867)최대 165원 적립7",,245,00,rejected,3290,,unknown,0,1,kamis_retail_unit,True,2026-09-29,2026-09-29T19:35:14.602315+09:00,,,shipping_unknown,3290,3290
coupang,39968d0c017106e20a034aa5,"무안 깐양파, 1kg, 1개5,090원(100g당 509원)내일(수) 새벽 도착 보장(5,613)최대 255원 적립8",,245,00,rejected,5090,,unknown,0,1,kamis_retail_unit,True,2026-09-29,2026-09-29T19:35:14.605337+09:00,,,shipping_unknown,5090,5090
naver,8bebbdd352403ad7447a65e9,"마늘신화 산지유통 우수셀러 새 창에서 열림 국내산 창녕 마늘, 꼭지제거 다진마늘 1kg, 깐마늘 500g 7,500 원 (100g당 750원) 배송비 3,000원 오늘출발 14:00까지 주문 시 별점 4.88 리뷰 23,584 새 창에서 열림",https://smartstore.naver.com/main/products/8351322434?nl-query=%EA%B9%90%EB%A7%88%EB%8A%98%20%EA%B5%AD%EC%82%B0%201kg&nl-au=38270feb515b43cead518ed1de291384&NaPm=ci%3D38270feb515b43cead518ed1de291384%7Cct%3Dmumjgw6g%7Ctr%3Dnslsl%7Csn%3D2585699%7Chk%3D061a0909cac41def17e888ff1564f0471ab27405,258,01,compatible,7500,,unknown,3000,0.5,kamis_retail_unit,True,2026-09-29,2026-09-29T19:34:00.823000+09:00,,,,2.100E+4,10500
naver,1a3479322068e8315cd715c1,"동명농산 새 창에서 열림 길상마늘 국내산 깐마늘 햇마늘 슬라이스 중마늘 500g 1kg 8,200 원 (100g당 820원) 7,700 원 최대할인가 상세보기 배송비 3,000원 별점 4.9 리뷰 8,186 새 창에서 열림",https://smartstore.naver.com/main/products/5368984274?nl-query=%EA%B9%90%EB%A7%88%EB%8A%98%20%EA%B5%AD%EC%82%B0%201kg&nl-au=7b3ff9f63b124d91ae191549a55fd007&NaPm=ci%3D7b3ff9f63b124d91ae191549a55fd007%7Cct%3Dmumjgw6g%7Ctr%3Dnslsl%7Csn%3D997309%7Chk%3D8b5defe75dafc289467e070e93ecf0bd110301fa,258,01,compatible,8200,,unknown,3000,1,kamis_retail_unit,True,2026-09-29,2026-09-29T19:34:00.824005+09:00,,,,11200,11200
naver,e86fa847a9d1ff285117af36,"영흥농산 우수셀러 새 창에서 열림 [품질책임보상] 국내산 깐마늘 대서종 남도종 1kg 할인 전 판매가 12,000원 32% 할인 8,100 원 (100g당 810원) 7,600 원 최대할인가 상세보기 배송비 3,000원 N배송 모레 10.1.(목) 도착 무료교환반품 별점 4.8 리뷰 885 새 창에서 열림",https://smartstore.naver.com/main/products/13660759254?nl-query=%EA%B9%90%EB%A7%88%EB%8A%98%20%EA%B5%AD%EC%82%B0%201kg&nl-au=05285fb723cb4c7b8152278e1a147b53&NaPm=ci%3D05285fb723cb4c7b8152278e1a147b53%7Cct%3Dmumjgw6h%7Ctr%3Dnslsl%7Csn%3D339835%7Chk%3D6be3523361b140e27813f61111844602ccb52587,258,01,compatible,8100,,unknown,3000,1,kamis_retail_unit,True,2026-09-29,2026-09-29T19:34:00.825207+09:00,,,,11100,11100
naver,424d9481eb521745dddd7dd6,"산지발송 국내산 깐마늘 1kg 중 할인 전 판매가 49,900원 70% 할인 14,900 원 (100g당 1,490원) 별점 4.31 리뷰 147 새 창에서 열림",https://smartstore.naver.com/main/products/101344289?nl-query=%EA%B9%90%EB%A7%88%EB%8A%98%20%EA%B5%AD%EC%82%B0%201kg&nl-au=5cbf9dc3f64f4d9fb7a85ad643e6813a&NaPm=ci%3D5cbf9dc3f64f4d9fb7a85ad643e6813a%7Cct%3Dmumjgwx9%7Ctr%3Dnslcrm%7Csn%3D156782%7Chk%3D4b4453f98ef3501c91b5ff8f7e87a7fbb856ffca,258,01,rejected,14900,,unknown,0,1,kamis_retail_unit,True,2026-09-29,2026-09-29T19:34:00.826650+09:00,,,shipping_unknown,14900,14900
naver,742a43ff202ba72cfab65c32,"산지발송 국내산 무농약 깐마늘(대) 1kg 할인 전 판매가 19,900원 20% 할인 15,900 원 (100g당 1,590원) 별점 4.68 리뷰 22 새 창에서 열림",https://smartstore.naver.com/main/products/3893749475?nl-query=%EA%B9%90%EB%A7%88%EB%8A%98%20%EA%B5%AD%EC%82%B0%201kg&nl-au=62c1984d2ff24c3281d7eacb61386c45&NaPm=ci%3D62c1984d2ff24c3281d7eacb61386c45%7Cct%3Dmumjgwx9%7Ctr%3Dnslcrm%7Csn%3D156782%7Chk%3Dd38aa3366b705f070b29f24a0f9926343d1fde4f,258,01,rejected,15900,,unknown,0,1,kamis_retail_unit,True,2026-09-29,2026-09-29T19:34:00.827629+09:00,,,shipping_unknown,15900,15900
naver,53b98f2ec1a48abf5f1ef313,"꼭지제거 엄마마늘 새 창에서 열림 엄마마늘 마늘 국내산 깐마늘 햇마늘 다진용 김장 식자재 통마늘용 1kg 9,900 원 (100g당 990원) 배송비 3,000원 별점 4.9 리뷰 4,909 새 창에서 열림",https://smartstore.naver.com/main/products/333433855?nl-query=%EA%B9%90%EB%A7%88%EB%8A%98%20%EA%B5%AD%EC%82%B0%201kg&nl-au=6752a361fa914b07a15e67966b67464b&NaPm=ci%3D6752a361fa914b07a15e67966b67464b%7Cct%3Dmumjgw6h%7Ctr%3Dnslsl%7Csn%3D311284%7Chk%3D68813fa7ba3386951b63b84e81c00ac3fa66e593,258,01,compatible,9900,,unknown,3000,1,kamis_retail_unit,True,2026-09-29,2026-09-29T19:34:00.827629+09:00,,,,12900,12900
naver,7bc8001d44031dc474e143c0,"꼭지제거 엄마마늘 새 창에서 열림 국산 깐마늘 슬라이스마늘 대 편마늘 햇마늘 1kg 도매 13,500 원 (100g당 1,350원) 배송비 3,000원 별점 4.9 리뷰 830 새 창에서 열림",https://smartstore.naver.com/main/products/3834014824?nl-query=%EA%B9%90%EB%A7%88%EB%8A%98%20%EA%B5%AD%EC%82%B0%201kg&nl-au=a040291dd5564605aef0789cf3183d39&NaPm=ci%3Da040291dd5564605aef0789cf3183d39%7Cct%3Dmumjgw6h%7Ctr%3Dnslsl%7Csn%3D311284%7Chk%3D0ed145065dad94cf93ea61cf192f2c1f93a82480,258,01,compatible,13500,,unknown,3000,1,kamis_retail_unit,True,2026-09-29,2026-09-29T19:34:00.829102+09:00,,,,16500,16500
naver,0c71e69bc149832f03ac94c5,"푸드앳홈 새 창에서 열림 국내산 냉장 다진마늘, 깐마늘 1kg 외 할인 전 판매가 49,900원 80% 할인 9,900 원 (100g당 990원) 오늘출발 13:00까지 주문 시 무료배송 별점 4.76 리뷰 2,757 새 창에서 열림",https://smartstore.naver.com/main/products/7511258852?nl-query=%EA%B9%90%EB%A7%88%EB%8A%98%20%EA%B5%AD%EC%82%B0%201kg&nl-au=739a489f11e04e2db0d881236de08097&NaPm=ci%3D739a489f11e04e2db0d881236de08097%7Cct%3Dmumjgw6h%7Ctr%3Dnslsl%7Csn%3D255955%7Chk%3D015fae37aaae6fe4c3d76b2167079b03b800b02f,258,01,compatible,9900,,unknown,0,1,kamis_retail_unit,True,2026-09-29,2026-09-29T19:34:00.831468+09:00,,,,9900,9900
coupang,7ed6bf47f097a7e8236d4c74,"국내산 깐마늘, 1kg, 1개9,480원(100g당 948원)내일(수) 새벽 도착 보장(269,747)최대 474원 적립1",,258,01,rejected,9480,,unknown,0,1,kamis_retail_unit,True,2026-09-29,2026-09-29T19:35:20.194172+09:00,,,shipping_unknown,9480,9480
coupang,62605417c5bf2db6a61c607b,"국내산 울팜 창녕 깐마늘 국산 마늘 당일제조 특품 최상품, 1개, 1kg(깐마늘 중)쿠폰할인15,800원27%11,500원(100g당 1,150원)모레(목) 도착 예정무료배송 ∙ 오늘출발(9,881)최대 575원 적립2",,258,01,compatible,11500,,restricted,0,1,kamis_retail_unit,True,2026-09-29,2026-09-29T19:35:20.195683+09:00,,,,11500,11500
coupang,69a582a56d9901cc4d8b1c3a,"26년 국산 창녕 특품 햇깐마늘 통마늘, 1개, 1kg(특품 중)할인25,000원52%11,800원(100g당 1,180원)모레(목) 도착 예정무료배송 ∙ 오늘출발(1,492)최대 590원 적립3",,258,01,compatible,11800,,unknown,0,1,kamis_retail_unit,True,2026-09-29,2026-09-29T19:35:20.196687+09:00,,,,11800,11800
coupang,6491ebc2ca5c35718d978224,"곰곰X농협 국산 깐마늘, 1개, 1kg9,990원(100g당 999원)내일(수) 새벽 도착 보장(1,480)최대 500원 적립4",,258,01,rejected,9990,,unknown,0,1,kamis_retail_unit,True,2026-09-29,2026-09-29T19:35:20.200040+09:00,,,shipping_unknown,9990,9990
coupang,96a064965010ff19c39562dd,"국내산 창녕 깐마늘, 1kg, 1개10,980원(100g당 1,098원)내일(수) 새벽 도착 보장(18,679)최대 549원 적립5",,258,01,rejected,10980,,unknown,0,1,kamis_retail_unit,True,2026-09-29,2026-09-29T19:35:20.201031+09:00,,,shipping_unknown,10980,10980
coupang,64b25bad151aaa8bc3663263,"국산 창녕 2026 햇마늘 햇 마늘 최상품 깐마늘, 1개, 1kg(대)18,800원26%13,800원(100g당 1,380원)모레(목) 도착 예정무료배송(2,101)최대 690원 적립7",,258,01,compatible,13800,,unknown,0,1,kamis_retail_unit,True,2026-09-29,2026-09-29T19:35:20.202216+09:00,,,,13800,13800
coupang,6c3ab3993bacbc2c4dbcaeb0,"국내산 꼭지제거 깐마늘, 1kg, 1개15,980원(100g당 1,598원)내일(수) 새벽 도착 보장(8,843)최대 799원 적립8",,258,01,rejected,15980,,unknown,0,1,kamis_retail_unit,True,2026-09-29,2026-09-29T19:35:20.203610+09:00,,,shipping_unknown,15980,15980
coupang,b49fd609337e34a391bc8c45,"마늘담 국내산 창녕 2026년 햇 깐마늘 1kg 중 사이즈, 1개, 1kg(중)할인15,900원27%11,480원(100g당 1,148원)모레(목) 도착 예정무료배송 ∙ 오늘출발(2,445)최대 574원 적립9",,258,01,compatible,11480,,unknown,0,1,kamis_retail_unit,True,2026-09-29,2026-09-29T19:35:20.203610+09:00,,,,11480,11480
coupang,8df655310295f14cad8d24f5,"국내산 가정용 부사 사과 2-8kg, 부사사과2kg(10-12과), 10개24,000원29%16,900원(100g당 85원)모레(목) 도착 예정무료배송 ∙ 오늘출발최대 845원 적립3",,411,05,compatible,16900,,unknown,0,1,kamis_retail_unit,True,2026-09-29,2026-09-29T19:35:25.820002+09:00,,,,16900,16900
coupang,5a462eeda40ffdf1ca4fa877,"고도700 나주배 선물세트 신고배 전남 7.5kg 특대과 7-10과 산지직송, 10개86,900원(1세트당 8,690원)10/2(금) 도착 예정무료배송최대 4,345원 적립3",,412,01,exact,86900,,unknown,0,1,kamis_retail_unit,True,2026-09-29,2026-09-29T19:35:31.474503+09:00,,,,86900,86900
coupang,a0d84fb1e216399e8f85ff09,"신고배 선물세트 10과 6.2kg, 10개108,500원20%86,800원(1세트당 8,680원)10/6 도착 예정무료배송최대 4,340원 적립4",,412,01,exact,86800,,unknown,0,1,kamis_retail_unit,True,2026-09-29,2026-09-29T19:35:31.475515+09:00,,,,86800,86800
coupang,1dd9021a9eb47d803bda14e5,"[일50박스 한정] 나주 성환 특품 신고 배 추석 선물세트, 1개, 상품 10과수 내외 보자기 포함69,900원24%52,900원(100g당 705원)10/2(금) 도착 예정무료배송최대 2,645원 적립5",,412,01,exact,52900,,unknown,0,0.1,kamis_retail_unit,True,2026-09-29,2026-09-29T19:35:31.477504+09:00,,,,5.2900E+5,52900
