run_id,source,requested_start,requested_end,started_at,finished_at,status,record_count,error_count,errors
237e7f40399246e08ba3d52c54c20769,daily_pipeline,2026-09-24,2026-09-24,2026-09-24T23:15:07.501068+09:00,,running,0,0,[]
b6732eafd4754978a242e3f977e4cab0,kamis,2026-09-24,2026-09-24,2026-09-24T23:15:07.504240+09:00,,running,0,0,[]
d33721bedc794da78fa685d70d7d55ad,daily_pipeline,2026-09-24,2026-09-24,2026-09-24T23:22:19.261190+09:00,,running,0,0,[]
85ed6912dafd4f1d9acc91a3effc2d20,kamis,2026-09-24,2026-09-24,2026-09-24T23:22:19.280682+09:00,2026-09-24T23:34:33.622791+09:00,success,349037,0,[]
4e93d54ff7b4406687923beab0b41270,daily_pipeline,2026-09-25,2026-09-25,2026-09-25T15:20:43.982812+09:00,2026-09-25T15:38:18.386686+09:00,partial_failure,467330,2,"[{""scope"": ""online"", ""error_type"": ""SourceFailure"", ""message"": ""naver:111:10:ShoppingAccessBlocked:shopping access blocked: HTTP 418""}, {""scope"": ""online"", ""error_type"": ""SourceFailure"", ""message"": ""coupang:111:10:ShoppingAccessBlocked:shopping access blocked: HTTP 403""}]"
fea62a9460304356ab4e6240f183c799,kamis,2026-09-25,2026-09-25,2026-09-25T15:20:44.010271+09:00,2026-09-25T15:32:37.932674+09:00,success,344448,0,[]
d670cc7c32c44ba1a315ca698dd0f652,online,2026-09-25,2026-09-25,2026-09-25T15:32:38.022246+09:00,2026-09-25T15:32:43.712181+09:00,partial_failure,0,2,"[{""scope"": ""online"", ""error_type"": ""SourceFailure"", ""message"": ""naver:111:10:ShoppingAccessBlocked:shopping access blocked: HTTP 418""}, {""scope"": ""online"", ""error_type"": ""SourceFailure"", ""message"": ""coupang:111:10:ShoppingAccessBlocked:shopping access blocked: HTTP 403""}]"
a5482a8634e44dc39c5c97b44fa90492,market,2026-09-25,2026-09-25,2026-09-25T15:32:43.731981+09:00,2026-09-25T15:32:47.365842+09:00,success,4,0,[]
2bc9d4bee60a48458d98c6935cc025cd,daily_pipeline,2026-09-25,2026-09-25,2026-09-25T16:06:50.315771+09:00,2026-09-25T16:11:22.831462+09:00,partial_failure,122878,2,"[{""scope"": ""online"", ""error_type"": ""SourceFailure"", ""message"": ""naver:111:10:ShoppingAccessBlocked:shopping access blocked: HTTP 418""}, {""scope"": ""online"", ""error_type"": ""SourceFailure"", ""message"": ""coupang:111:10:ShoppingAccessBlocked:shopping access blocked: HTTP 403""}]"
75e002d90e3e426ca01e76308b90bbc3,online,2026-09-25,2026-09-25,2026-09-25T16:06:50.366369+09:00,2026-09-25T16:06:56.092239+09:00,partial_failure,0,2,"[{""scope"": ""online"", ""error_type"": ""SourceFailure"", ""message"": ""naver:111:10:ShoppingAccessBlocked:shopping access blocked: HTTP 418""}, {""scope"": ""online"", ""error_type"": ""SourceFailure"", ""message"": ""coupang:111:10:ShoppingAccessBlocked:shopping access blocked: HTTP 403""}]"
c8422295372b4d67a8aef8e81146fb06,market_history,2026-06-16,2026-09-23,2026-09-25T16:11:24.038624+09:00,2026-09-25T16:11:29.049910+09:00,partial_failure,966,13,"[{""scope"": ""kospi"", ""error_type"": ""MissingMarketData"", ""message"": ""1 dates still missing""}, {""scope"": ""kosdaq"", ""error_type"": ""MissingMarketData"", ""message"": ""1 dates still missing""}, {""scope"": ""sp500"", ""error_type"": ""MissingMarketData"", ""message"": ""1 dates still missing""}, {""scope"": ""nasdaq"", ""error_type"": ""MissingMarketData"", ""message"": ""1 dates still missing""}, {""scope"": ""dow_jones"", ""error_type"": ""MissingMarketData"", ""message"": ""1 dates still missing""}, {""scope"": ""corn_futures"", ""error_type"": ""MissingMarketData"", ""message"": ""3 dates still missing""}, {""scope"": ""wheat_futures"", ""error_type"": ""MissingMarketData"", ""message"": ""3 dates still missing""}, {""scope"": ""soybean_futures"", ""error_type"": ""MissingMarketData"", ""message"": ""3 dates still missing""}, {""scope"": ""rough_rice_futures"", ""error_type"": ""MissingMarketData"", ""message"": ""3 dates still missing""}, {""scope"": ""coffee_futures"", ""error_type"": ""MissingMarketData"", ""message"": ""3 dates still missing""}, {""scope"": ""sugar_futures"", ""error_type"": ""MissingMarketData"", ""message"": ""3 dates still missing""}, {""scope"": ""cotton_futures"", ""error_type"": ""MissingMarketData"", ""message"": ""3 dates still missing""}, {""scope"": ""orange_juice_futures"", ""error_type"": ""MissingMarketData"", ""message"": ""3 dates still missing""}]"
d1bebb43265f462a836f078e416a82e5,market_history,2026-06-16,2026-09-23,2026-09-25T20:38:34.423605+09:00,2026-09-25T20:38:39.026302+09:00,partial_failure,432,13,"[{""scope"": ""kospi"", ""error_type"": ""MissingMarketData"", ""message"": ""1 dates still missing""}, {""scope"": ""kosdaq"", ""error_type"": ""MissingMarketData"", ""message"": ""1 dates still missing""}, {""scope"": ""sp500"", ""error_type"": ""MissingMarketData"", ""message"": ""1 dates still missing""}, {""scope"": ""nasdaq"", ""error_type"": ""MissingMarketData"", ""message"": ""1 dates still missing""}, {""scope"": ""dow_jones"", ""error_type"": ""MissingMarketData"", ""message"": ""1 dates still missing""}, {""scope"": ""corn_futures"", ""error_type"": ""MissingMarketData"", ""message"": ""3 dates still missing""}, {""scope"": ""wheat_futures"", ""error_type"": ""MissingMarketData"", ""message"": ""3 dates still missing""}, {""scope"": ""soybean_futures"", ""error_type"": ""MissingMarketData"", ""message"": ""3 dates still missing""}, {""scope"": ""rough_rice_futures"", ""error_type"": ""MissingMarketData"", ""message"": ""3 dates still missing""}, {""scope"": ""coffee_futures"", ""error_type"": ""MissingMarketData"", ""message"": ""3 dates still missing""}, {""scope"": ""sugar_futures"", ""error_type"": ""MissingMarketData"", ""message"": ""3 dates still missing""}, {""scope"": ""cotton_futures"", ""error_type"": ""MissingMarketData"", ""message"": ""3 dates still missing""}, {""scope"": ""orange_juice_futures"", ""error_type"": ""MissingMarketData"", ""message"": ""3 dates still missing""}]"
b93fd0b148ad44d481b8e807ea6ab438,daily_pipeline,2026-09-25,2026-09-25,2026-09-25T20:51:55.089998+09:00,2026-09-25T20:59:37.392732+09:00,partial_failure,1149774,2,"[{""scope"": ""online"", ""error_type"": ""SourceFailure"", ""message"": ""naver:111:10:ShoppingAccessBlocked:shopping access blocked: HTTP 418""}, {""scope"": ""online"", ""error_type"": ""SourceFailure"", ""message"": ""coupang:111:10:ShoppingAccessBlocked:shopping access blocked: HTTP 403""}]"
18658997284c476a87fc3c6b24f5a89a,online,2026-09-25,2026-09-25,2026-09-25T20:51:55.130099+09:00,2026-09-25T20:52:01.375852+09:00,partial_failure,0,2,"[{""scope"": ""online"", ""error_type"": ""SourceFailure"", ""message"": ""naver:111:10:ShoppingAccessBlocked:shopping access blocked: HTTP 418""}, {""scope"": ""online"", ""error_type"": ""SourceFailure"", ""message"": ""coupang:111:10:ShoppingAccessBlocked:shopping access blocked: HTTP 403""}]"
5054bee3517f488588b538acbb46d728,market_history,2026-06-16,2026-09-23,2026-09-25T21:01:01.712682+09:00,2026-09-25T21:01:06.639828+09:00,partial_failure,432,13,"[{""scope"": ""kospi"", ""error_type"": ""MissingMarketData"", ""message"": ""1 dates still missing""}, {""scope"": ""kosdaq"", ""error_type"": ""MissingMarketData"", ""message"": ""1 dates still missing""}, {""scope"": ""sp500"", ""error_type"": ""MissingMarketData"", ""message"": ""1 dates still missing""}, {""scope"": ""nasdaq"", ""error_type"": ""MissingMarketData"", ""message"": ""1 dates still missing""}, {""scope"": ""dow_jones"", ""error_type"": ""MissingMarketData"", ""message"": ""1 dates still missing""}, {""scope"": ""corn_futures"", ""error_type"": ""MissingMarketData"", ""message"": ""3 dates still missing""}, {""scope"": ""wheat_futures"", ""error_type"": ""MissingMarketData"", ""message"": ""3 dates still missing""}, {""scope"": ""soybean_futures"", ""error_type"": ""MissingMarketData"", ""message"": ""3 dates still missing""}, {""scope"": ""rough_rice_futures"", ""error_type"": ""MissingMarketData"", ""message"": ""3 dates still missing""}, {""scope"": ""coffee_futures"", ""error_type"": ""MissingMarketData"", ""message"": ""3 dates still missing""}, {""scope"": ""sugar_futures"", ""error_type"": ""MissingMarketData"", ""message"": ""3 dates still missing""}, {""scope"": ""cotton_futures"", ""error_type"": ""MissingMarketData"", ""message"": ""3 dates still missing""}, {""scope"": ""orange_juice_futures"", ""error_type"": ""MissingMarketData"", ""message"": ""3 dates still missing""}]"
652bdaf53cdd4c31b372f52831c0dfdf,daily_pipeline,2026-09-25,2026-09-25,2026-09-25T21:15:44.961420+09:00,2026-09-25T21:30:11.424468+09:00,partial_failure,1191154,2,"[{""scope"": ""online"", ""error_type"": ""SourceFailure"", ""message"": ""naver:111:10:ShoppingAccessBlocked:shopping access blocked: HTTP 418""}, {""scope"": ""online"", ""error_type"": ""SourceFailure"", ""message"": ""coupang:111:10:ShoppingAccessBlocked:shopping access blocked: HTTP 403""}]"
a08cc25f14754b76ae15910e5a84fef1,online,2026-09-25,2026-09-25,2026-09-25T21:15:45.023575+09:00,2026-09-25T21:15:50.699649+09:00,partial_failure,0,2,"[{""scope"": ""online"", ""error_type"": ""SourceFailure"", ""message"": ""naver:111:10:ShoppingAccessBlocked:shopping access blocked: HTTP 418""}, {""scope"": ""online"", ""error_type"": ""SourceFailure"", ""message"": ""coupang:111:10:ShoppingAccessBlocked:shopping access blocked: HTTP 403""}]"
b05ce7a5f555435eaf11682db9c9c9f9,market_history,2026-06-16,2026-09-23,2026-09-25T21:32:40.864198+09:00,2026-09-25T21:32:45.673702+09:00,partial_failure,432,13,"[{""scope"": ""kospi"", ""error_type"": ""MissingMarketData"", ""message"": ""1 dates still missing""}, {""scope"": ""kosdaq"", ""error_type"": ""MissingMarketData"", ""message"": ""1 dates still missing""}, {""scope"": ""sp500"", ""error_type"": ""MissingMarketData"", ""message"": ""1 dates still missing""}, {""scope"": ""nasdaq"", ""error_type"": ""MissingMarketData"", ""message"": ""1 dates still missing""}, {""scope"": ""dow_jones"", ""error_type"": ""MissingMarketData"", ""message"": ""1 dates still missing""}, {""scope"": ""corn_futures"", ""error_type"": ""MissingMarketData"", ""message"": ""3 dates still missing""}, {""scope"": ""wheat_futures"", ""error_type"": ""MissingMarketData"", ""message"": ""3 dates still missing""}, {""scope"": ""soybean_futures"", ""error_type"": ""MissingMarketData"", ""message"": ""3 dates still missing""}, {""scope"": ""rough_rice_futures"", ""error_type"": ""MissingMarketData"", ""message"": ""3 dates still missing""}, {""scope"": ""coffee_futures"", ""error_type"": ""MissingMarketData"", ""message"": ""3 dates still missing""}, {""scope"": ""sugar_futures"", ""error_type"": ""MissingMarketData"", ""message"": ""3 dates still missing""}, {""scope"": ""cotton_futures"", ""error_type"": ""MissingMarketData"", ""message"": ""3 dates still missing""}, {""scope"": ""orange_juice_futures"", ""error_type"": ""MissingMarketData"", ""message"": ""3 dates still missing""}]"
f751f4359d194068a61f6b88ccdf334f,daily_pipeline,2026-09-25,2026-09-25,2026-09-25T21:38:29.338660+09:00,2026-09-25T21:43:41.902331+09:00,partial_failure,1280146,2,"[{""scope"": ""online"", ""error_type"": ""SourceFailure"", ""message"": ""naver:111:10:ShoppingAccessBlocked:shopping access blocked: HTTP 418""}, {""scope"": ""online"", ""error_type"": ""SourceFailure"", ""message"": ""coupang:111:10:ShoppingAccessBlocked:shopping access blocked: HTTP 403""}]"
9bd8e7b1a990445e8013c0f1d5759024,online,2026-09-25,2026-09-25,2026-09-25T21:38:29.376044+09:00,2026-09-25T21:38:35.065479+09:00,partial_failure,0,2,"[{""scope"": ""online"", ""error_type"": ""SourceFailure"", ""message"": ""naver:111:10:ShoppingAccessBlocked:shopping access blocked: HTTP 418""}, {""scope"": ""online"", ""error_type"": ""SourceFailure"", ""message"": ""coupang:111:10:ShoppingAccessBlocked:shopping access blocked: HTTP 403""}]"
706ac32b44a746afb244bf5639fbd2f0,coupang,2026-09-25,2026-09-25,2026-09-25T22:05:56.321478+09:00,2026-09-25T22:05:59.880403+09:00,partial_failure,0,1,"[{""scope"": ""coupang"", ""error_type"": ""SourceFailure"", ""message"": ""coupang:111:10:ShoppingAccessBlocked:shopping access blocked: HTTP 403""}]"
bcef0e5a864746fa90ca4b618a0dd661,coupang,2026-09-25,2026-09-25,2026-09-25T22:08:29.401501+09:00,2026-09-25T22:09:01.497309+09:00,success,0,0,[]
e8a7361302eb473a973ddc0b0d073ea0,coupang,2026-09-25,2026-09-25,2026-09-25T22:27:25.846585+09:00,2026-09-25T22:27:26.868902+09:00,partial_failure,0,1,"[{""scope"": ""coupang"", ""error_type"": ""SourceFailure"", ""message"": ""coupang:111:10:ShoppingAccessBlocked:shopping access blocked: HTTP 403""}]"
892b900c0a9d4b36a6c5ec29bf844ef0,coupang,2026-09-26,2026-09-26,2026-09-26T01:33:25.623093+09:00,2026-09-26T01:34:04.818891+09:00,partial_failure,0,1,"[{""scope"": ""coupang"", ""error_type"": ""SourceFailure"", ""message"": ""coupang:111:10:ShoppingAccessBlocked:shopping access blocked: access challenge detected""}]"
f24382cc8ab243099491dbaf5891fa05,market_history,2026-06-16,2026-09-23,2026-09-26T01:37:20.300997+09:00,2026-09-26T01:37:30.931802+09:00,partial_failure,437,8,"[{""scope"": ""corn_futures"", ""error_type"": ""MissingMarketData"", ""message"": ""3 dates still missing""}, {""scope"": ""wheat_futures"", ""error_type"": ""MissingMarketData"", ""message"": ""3 dates still missing""}, {""scope"": ""soybean_futures"", ""error_type"": ""MissingMarketData"", ""message"": ""3 dates still missing""}, {""scope"": ""rough_rice_futures"", ""error_type"": ""MissingMarketData"", ""message"": ""3 dates still missing""}, {""scope"": ""coffee_futures"", ""error_type"": ""MissingMarketData"", ""message"": ""3 dates still missing""}, {""scope"": ""sugar_futures"", ""error_type"": ""MissingMarketData"", ""message"": ""3 dates still missing""}, {""scope"": ""cotton_futures"", ""error_type"": ""MissingMarketData"", ""message"": ""3 dates still missing""}, {""scope"": ""orange_juice_futures"", ""error_type"": ""MissingMarketData"", ""message"": ""3 dates still missing""}]"
e02fff030a13481d81d10588ce3cd431,coupang,2026-09-26,2026-09-26,2026-09-26T01:40:29.056391+09:00,2026-09-26T01:40:30.283786+09:00,partial_failure,0,1,"[{""scope"": ""coupang"", ""error_type"": ""SourceFailure"", ""message"": ""coupang:111:10:ShoppingAccessBlocked:shopping access blocked: HTTP 403""}]"
22f3ea7d515d4f3585b27ea8251c7282,market_history,2026-06-16,2026-09-23,2026-09-26T11:28:15.067019+09:00,2026-09-26T11:28:24.322755+09:00,partial_failure,432,8,"[{""scope"": ""corn_futures"", ""error_type"": ""MissingMarketData"", ""message"": ""3 dates still missing""}, {""scope"": ""wheat_futures"", ""error_type"": ""MissingMarketData"", ""message"": ""3 dates still missing""}, {""scope"": ""soybean_futures"", ""error_type"": ""MissingMarketData"", ""message"": ""3 dates still missing""}, {""scope"": ""rough_rice_futures"", ""error_type"": ""MissingMarketData"", ""message"": ""3 dates still missing""}, {""scope"": ""coffee_futures"", ""error_type"": ""MissingMarketData"", ""message"": ""3 dates still missing""}, {""scope"": ""sugar_futures"", ""error_type"": ""MissingMarketData"", ""message"": ""3 dates still missing""}, {""scope"": ""cotton_futures"", ""error_type"": ""MissingMarketData"", ""message"": ""3 dates still missing""}, {""scope"": ""orange_juice_futures"", ""error_type"": ""MissingMarketData"", ""message"": ""3 dates still missing""}]"
024f1519d23347a2a32d0381a3282131,daily_pipeline,2026-09-26,2026-09-26,2026-09-26T11:46:12.904161+09:00,,running,0,0,[]
a5ce5eea90bf4971a4ab4de099ba03cc,kamis,2026-09-26,2026-09-26,2026-09-26T11:46:12.966879+09:00,2026-09-26T11:58:13.856744+09:00,success,339366,0,[]
685a1b867e93419587eeb7f3771db3a9,online,2026-09-26,2026-09-26,2026-09-26T11:58:13.928269+09:00,,running,0,0,[]
1113677130064b759bf7fc3adb1d22a0,market_history,2026-06-16,2026-09-23,2026-09-26T14:17:17.758918+09:00,2026-09-26T14:17:22.060481+09:00,partial_failure,432,8,"[{""scope"": ""corn_futures"", ""error_type"": ""MissingMarketData"", ""message"": ""3 dates still missing""}, {""scope"": ""wheat_futures"", ""error_type"": ""MissingMarketData"", ""message"": ""3 dates still missing""}, {""scope"": ""soybean_futures"", ""error_type"": ""MissingMarketData"", ""message"": ""3 dates still missing""}, {""scope"": ""rough_rice_futures"", ""error_type"": ""MissingMarketData"", ""message"": ""3 dates still missing""}, {""scope"": ""coffee_futures"", ""error_type"": ""MissingMarketData"", ""message"": ""3 dates still missing""}, {""scope"": ""sugar_futures"", ""error_type"": ""MissingMarketData"", ""message"": ""3 dates still missing""}, {""scope"": ""cotton_futures"", ""error_type"": ""MissingMarketData"", ""message"": ""3 dates still missing""}, {""scope"": ""orange_juice_futures"", ""error_type"": ""MissingMarketData"", ""message"": ""3 dates still missing""}]"
738acafcb03a48ddb317693354fcd7cc,daily_pipeline,2026-09-26,2026-09-26,2026-09-26T14:31:44.784650+09:00,2026-09-26T14:37:33.540759+09:00,partial_failure,1290767,20,"[{""scope"": ""online"", ""error_type"": ""SourceFailure"", ""message"": ""naver:111:10:TargetClosedError:Page.goto: Target page, context or browser has been closed""}, {""scope"": ""online"", ""error_type"": ""SourceFailure"", ""message"": ""coupang:111:10:TargetClosedError:BrowserContext.set_extra_http_headers: Target page, context or browser has been closed""}, {""scope"": ""online"", ""error_type"": ""SourceFailure"", ""message"": ""naver:152:00:TargetClosedError:BrowserContext.set_extra_http_headers: Target page, context or browser has been closed""}, {""scope"": ""online"", ""error_type"": ""SourceFailure"", ""message"": ""coupang:152:00:TargetClosedError:BrowserContext.set_extra_http_headers: Target page, context or browser has been closed""}, {""scope"": ""online"", ""error_type"": ""SourceFailure"", ""message"": ""naver:211:03:ShoppingAccessBlocked:shopping access blocked: HTTP 418""}, {""scope"": ""online"", ""error_type"": ""SourceFailure"", ""message"": ""coupang:211:03:TargetClosedError:BrowserContext.set_extra_http_headers: Target page, context or browser has been closed""}, {""scope"": ""online"", ""error_type"": ""SourceFailure"", ""message"": ""naver:225:00:ShoppingAccessBlocked:shopping access blocked: HTTP 418""}, {""scope"": ""online"", ""error_type"": ""SourceFailure"", ""message"": ""coupang:225:00:TargetClosedError:BrowserContext.set_extra_http_headers: Target page, context or browser has been closed""}, {""scope"": ""online"", ""error_type"": ""SourceFailure"", ""message"": ""naver:231:03:TargetClosedError:BrowserContext.set_extra_http_headers: Target page, context or browser has been closed""}, {""scope"": ""online"", ""error_type"": ""SourceFailure"", ""message"": ""coupang:231:03:TargetClosedError:BrowserContext.set_extra_http_headers: Target page, context or browser has been closed""}, {""scope"": ""online"", ""error_type"": ""SourceFailure"", ""message"": ""naver:245:00:ShoppingAccessBlocked:shopping access blocked: HTTP 418""}, {""scope"": ""online"", ""error_type"": ""SourceFailure"", ""message"": ""coupang:245:00:TargetClosedError:BrowserContext.set_extra_http_headers: Target page, context or browser has been closed""}, {""scope"": ""online"", ""error_type"": ""SourceFailure"", ""message"": ""naver:258:01:TargetClosedError:BrowserContext.set_extra_http_headers: Target page, context or browser has been closed""}, {""scope"": ""online"", ""error_type"": ""SourceFailure"", ""message"": ""coupang:258:01:TargetClosedError:BrowserContext.set_extra_http_headers: Target page, context or browser has been closed""}, {""scope"": ""online"", ""error_type"": ""SourceFailure"", ""message"": ""naver:411:05:TargetClosedError:Page.goto: Target page, context or browser has been closed""}, {""scope"": ""online"", ""error_type"": ""SourceFailure"", ""message"": ""coupang:411:05:TargetClosedError:BrowserContext.set_extra_http_headers: Target page, context or browser has been closed""}, {""scope"": ""online"", ""error_type"": ""SourceFailure"", ""message"": ""naver:412:01:ShoppingAccessBlocked:shopping access blocked: HTTP 418""}, {""scope"": ""online"", ""error_type"": ""SourceFailure"", ""message"": ""coupang:412:01:TargetClosedError:BrowserContext.set_extra_http_headers: Target page, context or browser has been closed""}, {""scope"": ""online"", ""error_type"": ""SourceFailure"", ""message"": ""naver:611:05:ShoppingAccessBlocked:shopping access blocked: HTTP 418""}, {""scope"": ""online"", ""error_type"": ""SourceFailure"", ""message"": ""coupang:611:05:TargetClosedError:BrowserContext.set_extra_http_headers: Target page, context or browser has been closed""}]"
670b0d80efcf4728af9b43f4e4c62b64,online,2026-09-26,2026-09-26,2026-09-26T14:31:44.848388+09:00,2026-09-26T14:32:22.042804+09:00,partial_failure,0,20,"[{""scope"": ""online"", ""error_type"": ""SourceFailure"", ""message"": ""naver:111:10:TargetClosedError:Page.goto: Target page, context or browser has been closed""}, {""scope"": ""online"", ""error_type"": ""SourceFailure"", ""message"": ""coupang:111:10:TargetClosedError:BrowserContext.set_extra_http_headers: Target page, context or browser has been closed""}, {""scope"": ""online"", ""error_type"": ""SourceFailure"", ""message"": ""naver:152:00:TargetClosedError:BrowserContext.set_extra_http_headers: Target page, context or browser has been closed""}, {""scope"": ""online"", ""error_type"": ""SourceFailure"", ""message"": ""coupang:152:00:TargetClosedError:BrowserContext.set_extra_http_headers: Target page, context or browser has been closed""}, {""scope"": ""online"", ""error_type"": ""SourceFailure"", ""message"": ""naver:211:03:ShoppingAccessBlocked:shopping access blocked: HTTP 418""}, {""scope"": ""online"", ""error_type"": ""SourceFailure"", ""message"": ""coupang:211:03:TargetClosedError:BrowserContext.set_extra_http_headers: Target page, context or browser has been closed""}, {""scope"": ""online"", ""error_type"": ""SourceFailure"", ""message"": ""naver:225:00:ShoppingAccessBlocked:shopping access blocked: HTTP 418""}, {""scope"": ""online"", ""error_type"": ""SourceFailure"", ""message"": ""coupang:225:00:TargetClosedError:BrowserContext.set_extra_http_headers: Target page, context or browser has been closed""}, {""scope"": ""online"", ""error_type"": ""SourceFailure"", ""message"": ""naver:231:03:TargetClosedError:BrowserContext.set_extra_http_headers: Target page, context or browser has been closed""}, {""scope"": ""online"", ""error_type"": ""SourceFailure"", ""message"": ""coupang:231:03:TargetClosedError:BrowserContext.set_extra_http_headers: Target page, context or browser has been closed""}, {""scope"": ""online"", ""error_type"": ""SourceFailure"", ""message"": ""naver:245:00:ShoppingAccessBlocked:shopping access blocked: HTTP 418""}, {""scope"": ""online"", ""error_type"": ""SourceFailure"", ""message"": ""coupang:245:00:TargetClosedError:BrowserContext.set_extra_http_headers: Target page, context or browser has been closed""}, {""scope"": ""online"", ""error_type"": ""SourceFailure"", ""message"": ""naver:258:01:TargetClosedError:BrowserContext.set_extra_http_headers: Target page, context or browser has been closed""}, {""scope"": ""online"", ""error_type"": ""SourceFailure"", ""message"": ""coupang:258:01:TargetClosedError:BrowserContext.set_extra_http_headers: Target page, context or browser has been closed""}, {""scope"": ""online"", ""error_type"": ""SourceFailure"", ""message"": ""naver:411:05:TargetClosedError:Page.goto: Target page, context or browser has been closed""}, {""scope"": ""online"", ""error_type"": ""SourceFailure"", ""message"": ""coupang:411:05:TargetClosedError:BrowserContext.set_extra_http_headers: Target page, context or browser has been closed""}, {""scope"": ""online"", ""error_type"": ""SourceFailure"", ""message"": ""naver:412:01:ShoppingAccessBlocked:shopping access blocked: HTTP 418""}, {""scope"": ""online"", ""error_type"": ""SourceFailure"", ""message"": ""coupang:412:01:TargetClosedError:BrowserContext.set_extra_http_headers: Target page, context or browser has been closed""}, {""scope"": ""online"", ""error_type"": ""SourceFailure"", ""message"": ""naver:611:05:ShoppingAccessBlocked:shopping access blocked: HTTP 418""}, {""scope"": ""online"", ""error_type"": ""SourceFailure"", ""message"": ""coupang:611:05:TargetClosedError:BrowserContext.set_extra_http_headers: Target page, context or browser has been closed""}]"
1f1408e2506f46b6ae1ccead5f511b0f,market,2026-09-26,2026-09-26,2026-09-26T14:32:22.092570+09:00,2026-09-26T14:32:22.659802+09:00,success,1,0,[]
c296296571774403abc1f12fff3b7b4c,naver_agent,2026-09-27,2026-09-27,2026-09-27T14:44:49.218706+09:00,2026-09-27T14:50:17.198340+09:00,partial_failure,0,1,"[{""scope"": ""naver_agent"", ""error_type"": ""SourceFailure"", ""message"": ""naver:111:10:RuntimeError:naver agent collection failed for 111:10; Playwright fallback is disabled""}]"
f28e9f5fdf1d49c09f75954b5b7acd11,naver_agent,2026-09-27,2026-09-27,2026-09-27T14:50:57.737755+09:00,2026-09-27T14:51:39.819669+09:00,success,8,0,[]
0690c9da505c485dbae9a91b2f9ae1dd,coupang_agent,2026-09-27,2026-09-27,2026-09-27T14:52:25.739249+09:00,2026-09-27T14:52:59.657185+09:00,partial_failure,0,1,"[{""scope"": ""coupang_agent"", ""error_type"": ""SourceFailure"", ""message"": ""coupang:111:10:RuntimeError:coupang agent collection failed for 111:10; Playwright fallback is disabled""}]"
761d3bb7dd4b451f9067afc6920b4f06,market_history,2026-06-16,2026-09-23,2026-09-27T14:58:18.414233+09:00,2026-09-27T14:58:24.572454+09:00,partial_failure,432,8,"[{""scope"": ""corn_futures"", ""error_type"": ""MissingMarketData"", ""message"": ""3 dates still missing""}, {""scope"": ""wheat_futures"", ""error_type"": ""MissingMarketData"", ""message"": ""3 dates still missing""}, {""scope"": ""soybean_futures"", ""error_type"": ""MissingMarketData"", ""message"": ""3 dates still missing""}, {""scope"": ""rough_rice_futures"", ""error_type"": ""MissingMarketData"", ""message"": ""3 dates still missing""}, {""scope"": ""coffee_futures"", ""error_type"": ""MissingMarketData"", ""message"": ""3 dates still missing""}, {""scope"": ""sugar_futures"", ""error_type"": ""MissingMarketData"", ""message"": ""3 dates still missing""}, {""scope"": ""cotton_futures"", ""error_type"": ""MissingMarketData"", ""message"": ""3 dates still missing""}, {""scope"": ""orange_juice_futures"", ""error_type"": ""MissingMarketData"", ""message"": ""3 dates still missing""}]"
9dc8189627e04ed9bf4ea339f6a90465,daily_pipeline,2026-09-27,2026-09-27,2026-09-27T15:03:58.384089+09:00,2026-09-27T15:21:19.676870+09:00,partial_failure,1625603,13,"[{""scope"": ""online"", ""error_type"": ""SourceFailure"", ""message"": ""naver:152:00:RuntimeError:naver agent collection failed for 152:00; Playwright fallback is disabled""}, {""scope"": ""online"", ""error_type"": ""SourceFailure"", ""message"": ""naver:211:03:RuntimeError:naver agent collection failed for 211:03; Playwright fallback is disabled""}, {""scope"": ""online"", ""error_type"": ""SourceFailure"", ""message"": ""coupang:211:03:RuntimeError:coupang agent collection failed for 211:03; Playwright fallback is disabled""}, {""scope"": ""online"", ""error_type"": ""SourceFailure"", ""message"": ""naver:225:00:RuntimeError:naver agent collection failed for 225:00; Playwright fallback is disabled""}, {""scope"": ""online"", ""error_type"": ""SourceFailure"", ""message"": ""naver:231:03:RuntimeError:naver agent collection failed for 231:03; Playwright fallback is disabled""}, {""scope"": ""online"", ""error_type"": ""SourceFailure"", ""message"": ""naver:245:00:RuntimeError:naver agent collection failed for 245:00; Playwright fallback is disabled""}, {""scope"": ""online"", ""error_type"": ""SourceFailure"", ""message"": ""naver:258:01:RuntimeError:naver agent collection failed for 258:01; Playwright fallback is disabled""}, {""scope"": ""online"", ""error_type"": ""SourceFailure"", ""message"": ""coupang:258:01:RuntimeError:coupang agent collection failed for 258:01; Playwright fallback is disabled""}, {""scope"": ""online"", ""error_type"": ""SourceFailure"", ""message"": ""naver:411:05:RuntimeError:naver agent collection failed for 411:05; Playwright fallback is disabled""}, {""scope"": ""online"", ""error_type"": ""SourceFailure"", ""message"": ""coupang:411:05:RuntimeError:coupang agent collection failed for 411:05; Playwright fallback is disabled""}, {""scope"": ""online"", ""error_type"": ""SourceFailure"", ""message"": ""naver:412:01:RuntimeError:naver agent collection failed for 412:01; Playwright fallback is disabled""}, {""scope"": ""online"", ""error_type"": ""SourceFailure"", ""message"": ""naver:611:05:RuntimeError:naver agent collection failed for 611:05; Playwright fallback is disabled""}, {""scope"": ""online"", ""error_type"": ""SourceFailure"", ""message"": ""coupang:611:05:RuntimeError:coupang agent collection failed for 611:05; Playwright fallback is disabled""}]"
a0d06f456a0841cd850c50f7e049f8c7,kamis,2026-09-27,2026-09-27,2026-09-27T15:03:58.431588+09:00,2026-09-27T15:16:04.795752+09:00,success,334836,0,[]
863c1b6f9cd547b981954e0171b8e36d,coupang_agent,2026-09-27,2026-09-27,2026-09-27T15:08:02.185262+09:00,2026-09-27T15:08:29.349731+09:00,success,8,0,[]
3c14e33704e94cc9a3c74592747a8922,coupang_agent,2026-09-27,2026-09-27,2026-09-27T15:09:07.644639+09:00,2026-09-27T15:10:54.089861+09:00,partial_failure,38,4,"[{""scope"": ""coupang_agent"", ""error_type"": ""SourceFailure"", ""message"": ""coupang:211:03:RuntimeError:coupang agent collection failed for 211:03; Playwright fallback is disabled""}, {""scope"": ""coupang_agent"", ""error_type"": ""SourceFailure"", ""message"": ""coupang:258:01:RuntimeError:coupang agent collection failed for 258:01; Playwright fallback is disabled""}, {""scope"": ""coupang_agent"", ""error_type"": ""SourceFailure"", ""message"": ""coupang:411:05:RuntimeError:coupang agent collection failed for 411:05; Playwright fallback is disabled""}, {""scope"": ""coupang_agent"", ""error_type"": ""SourceFailure"", ""message"": ""coupang:611:05:RuntimeError:coupang agent collection failed for 611:05; Playwright fallback is disabled""}]"
b90574ef8bfa480bbcc66dd34332c283,online,2026-09-27,2026-09-27,2026-09-27T15:16:04.916447+09:00,2026-09-27T15:16:09.591337+09:00,partial_failure,0,13,"[{""scope"": ""online"", ""error_type"": ""SourceFailure"", ""message"": ""naver:152:00:RuntimeError:naver agent collection failed for 152:00; Playwright fallback is disabled""}, {""scope"": ""online"", ""error_type"": ""SourceFailure"", ""message"": ""naver:211:03:RuntimeError:naver agent collection failed for 211:03; Playwright fallback is disabled""}, {""scope"": ""online"", ""error_type"": ""SourceFailure"", ""message"": ""coupang:211:03:RuntimeError:coupang agent collection failed for 211:03; Playwright fallback is disabled""}, {""scope"": ""online"", ""error_type"": ""SourceFailure"", ""message"": ""naver:225:00:RuntimeError:naver agent collection failed for 225:00; Playwright fallback is disabled""}, {""scope"": ""online"", ""error_type"": ""SourceFailure"", ""message"": ""naver:231:03:RuntimeError:naver agent collection failed for 231:03; Playwright fallback is disabled""}, {""scope"": ""online"", ""error_type"": ""SourceFailure"", ""message"": ""naver:245:00:RuntimeError:naver agent collection failed for 245:00; Playwright fallback is disabled""}, {""scope"": ""online"", ""error_type"": ""SourceFailure"", ""message"": ""naver:258:01:RuntimeError:naver agent collection failed for 258:01; Playwright fallback is disabled""}, {""scope"": ""online"", ""error_type"": ""SourceFailure"", ""message"": ""coupang:258:01:RuntimeError:coupang agent collection failed for 258:01; Playwright fallback is disabled""}, {""scope"": ""online"", ""error_type"": ""SourceFailure"", ""message"": ""naver:411:05:RuntimeError:naver agent collection failed for 411:05; Playwright fallback is disabled""}, {""scope"": ""online"", ""error_type"": ""SourceFailure"", ""message"": ""coupang:411:05:RuntimeError:coupang agent collection failed for 411:05; Playwright fallback is disabled""}, {""scope"": ""online"", ""error_type"": ""SourceFailure"", ""message"": ""naver:412:01:RuntimeError:naver agent collection failed for 412:01; Playwright fallback is disabled""}, {""scope"": ""online"", ""error_type"": ""SourceFailure"", ""message"": ""naver:611:05:RuntimeError:naver agent collection failed for 611:05; Playwright fallback is disabled""}, {""scope"": ""online"", ""error_type"": ""SourceFailure"", ""message"": ""coupang:611:05:RuntimeError:coupang agent collection failed for 611:05; Playwright fallback is disabled""}]"
93577dc53dbd42d5b12906561235ab7d,market,2026-09-27,2026-09-27,2026-09-27T15:16:09.658038+09:00,2026-09-27T15:16:10.018462+09:00,success,1,0,[]
55caead58b6346d7bb2b680880192d43,coupang_agent,2026-09-27,2026-09-27,2026-09-27T19:38:56.796408+09:00,2026-09-27T19:39:46.134157+09:00,success,23,0,[]
b1189d36e84d4906bb50a11b913e97cf,coupang_agent_refresh,2026-09-27,2026-09-27,2026-09-27T19:41:16.153692+09:00,2026-09-27T19:42:15.789228+09:00,partial_failure,37,1,"[{""scope"": ""412"", ""error_type"": ""RuntimeError"", ""message"": ""coupang agent collection failed for 412:01; Playwright fallback is disabled""}]"
a52b9b8bc00a401fafc73eb825489831,coupang_agent_refresh,2026-09-27,2026-09-27,2026-09-27T19:43:15.175929+09:00,2026-09-27T19:43:46.268014+09:00,success,1,0,[]
384923da147b45ed993865eec43fec8e,market_history,2026-06-16,2026-09-23,2026-09-27T19:59:53.819899+09:00,2026-09-27T20:00:01.412450+09:00,partial_failure,432,8,"[{""scope"": ""corn_futures"", ""error_type"": ""MissingMarketData"", ""message"": ""3 dates still missing""}, {""scope"": ""wheat_futures"", ""error_type"": ""MissingMarketData"", ""message"": ""3 dates still missing""}, {""scope"": ""soybean_futures"", ""error_type"": ""MissingMarketData"", ""message"": ""3 dates still missing""}, {""scope"": ""rough_rice_futures"", ""error_type"": ""MissingMarketData"", ""message"": ""3 dates still missing""}, {""scope"": ""coffee_futures"", ""error_type"": ""MissingMarketData"", ""message"": ""3 dates still missing""}, {""scope"": ""sugar_futures"", ""error_type"": ""MissingMarketData"", ""message"": ""3 dates still missing""}, {""scope"": ""cotton_futures"", ""error_type"": ""MissingMarketData"", ""message"": ""3 dates still missing""}, {""scope"": ""orange_juice_futures"", ""error_type"": ""MissingMarketData"", ""message"": ""3 dates still missing""}]"
fe17d3c219e24d00a8834e5fe3ebcb16,daily_pipeline,2026-09-27,2026-09-27,2026-09-27T20:06:26.269980+09:00,2026-09-27T20:19:09.527429+09:00,partial_failure,1290789,6,"[{""scope"": ""online"", ""error_type"": ""SourceFailure"", ""message"": ""naver:152:00:RuntimeError:naver agent collection failed for 152:00; Playwright fallback is disabled""}, {""scope"": ""online"", ""error_type"": ""SourceFailure"", ""message"": ""naver:211:03:RuntimeError:naver agent collection failed for 211:03; Playwright fallback is disabled""}, {""scope"": ""online"", ""error_type"": ""SourceFailure"", ""message"": ""naver:231:03:RuntimeError:naver agent collection failed for 231:03; Playwright fallback is disabled""}, {""scope"": ""online"", ""error_type"": ""SourceFailure"", ""message"": ""naver:411:05:RuntimeError:naver agent collection failed for 411:05; Playwright fallback is disabled""}, {""scope"": ""online"", ""error_type"": ""SourceFailure"", ""message"": ""naver:412:01:RuntimeError:naver agent collection failed for 412:01; Playwright fallback is disabled""}, {""scope"": ""online"", ""error_type"": ""SourceFailure"", ""message"": ""naver:611:05:RuntimeError:naver agent collection failed for 611:05; Playwright fallback is disabled""}]"
39dd08d773e042e4abafae6da9276ea5,online,2026-09-27,2026-09-27,2026-09-27T20:06:26.305665+09:00,2026-09-27T20:08:38.247683+09:00,partial_failure,23,6,"[{""scope"": ""online"", ""error_type"": ""SourceFailure"", ""message"": ""naver:152:00:RuntimeError:naver agent collection failed for 152:00; Playwright fallback is disabled""}, {""scope"": ""online"", ""error_type"": ""SourceFailure"", ""message"": ""naver:211:03:RuntimeError:naver agent collection failed for 211:03; Playwright fallback is disabled""}, {""scope"": ""online"", ""error_type"": ""SourceFailure"", ""message"": ""naver:231:03:RuntimeError:naver agent collection failed for 231:03; Playwright fallback is disabled""}, {""scope"": ""online"", ""error_type"": ""SourceFailure"", ""message"": ""naver:411:05:RuntimeError:naver agent collection failed for 411:05; Playwright fallback is disabled""}, {""scope"": ""online"", ""error_type"": ""SourceFailure"", ""message"": ""naver:412:01:RuntimeError:naver agent collection failed for 412:01; Playwright fallback is disabled""}, {""scope"": ""online"", ""error_type"": ""SourceFailure"", ""message"": ""naver:611:05:RuntimeError:naver agent collection failed for 611:05; Playwright fallback is disabled""}]"
3f2501f8f9984a35b11f6c3342747c45,naver_agent,2026-09-27,2026-09-27,2026-09-27T20:20:49.618997+09:00,2026-09-27T20:22:20.562226+09:00,partial_failure,17,3,"[{""scope"": ""naver_agent"", ""error_type"": ""SourceFailure"", ""message"": ""naver:411:05:RuntimeError:naver agent collection failed for 411:05; Playwright fallback is disabled""}, {""scope"": ""naver_agent"", ""error_type"": ""SourceFailure"", ""message"": ""naver:412:01:RuntimeError:naver agent collection failed for 412:01; Playwright fallback is disabled""}, {""scope"": ""naver_agent"", ""error_type"": ""SourceFailure"", ""message"": ""naver:611:05:RuntimeError:naver agent collection failed for 611:05; Playwright fallback is disabled""}]"
3bcd0bd83de5431dafd0015f21292ee7,market_history,2026-06-16,2026-09-23,2026-09-28T19:20:51.071447+09:00,2026-09-28T19:20:54.086252+09:00,partial_failure,432,8,"[{""scope"": ""corn_futures"", ""error_type"": ""MissingMarketData"", ""message"": ""3 dates still missing""}, {""scope"": ""wheat_futures"", ""error_type"": ""MissingMarketData"", ""message"": ""3 dates still missing""}, {""scope"": ""soybean_futures"", ""error_type"": ""MissingMarketData"", ""message"": ""3 dates still missing""}, {""scope"": ""rough_rice_futures"", ""error_type"": ""MissingMarketData"", ""message"": ""3 dates still missing""}, {""scope"": ""coffee_futures"", ""error_type"": ""MissingMarketData"", ""message"": ""3 dates still missing""}, {""scope"": ""sugar_futures"", ""error_type"": ""MissingMarketData"", ""message"": ""3 dates still missing""}, {""scope"": ""cotton_futures"", ""error_type"": ""MissingMarketData"", ""message"": ""3 dates still missing""}, {""scope"": ""orange_juice_futures"", ""error_type"": ""MissingMarketData"", ""message"": ""3 dates still missing""}]"
835f5aa18d6b43e984aa5847ffedcf10,daily_pipeline,2026-09-28,2026-09-28,2026-09-28T19:34:32.040748+09:00,2026-09-28T20:07:08.994449+09:00,partial_failure,1453395,11,"[{""scope"": ""online"", ""error_type"": ""SourceFailure"", ""message"": ""naver:111:10:RuntimeError:naver agent collection failed for 111:10; Playwright fallback is disabled""}, {""scope"": ""online"", ""error_type"": ""SourceFailure"", ""message"": ""naver:152:00:RuntimeError:naver agent collection failed for 152:00; Playwright fallback is disabled""}, {""scope"": ""online"", ""error_type"": ""SourceFailure"", ""message"": ""naver:211:03:RuntimeError:naver agent collection failed for 211:03; Playwright fallback is disabled""}, {""scope"": ""online"", ""error_type"": ""SourceFailure"", ""message"": ""naver:225:00:RuntimeError:naver agent collection failed for 225:00; Playwright fallback is disabled""}, {""scope"": ""online"", ""error_type"": ""SourceFailure"", ""message"": ""naver:231:03:RuntimeError:naver agent collection failed for 231:03; Playwright fallback is disabled""}, {""scope"": ""online"", ""error_type"": ""SourceFailure"", ""message"": ""naver:245:00:RuntimeError:naver agent collection failed for 245:00; Playwright fallback is disabled""}, {""scope"": ""online"", ""error_type"": ""SourceFailure"", ""message"": ""naver:258:01:RuntimeError:naver agent collection failed for 258:01; Playwright fallback is disabled""}, {""scope"": ""online"", ""error_type"": ""SourceFailure"", ""message"": ""naver:411:05:RuntimeError:naver agent collection failed for 411:05; Playwright fallback is disabled""}, {""scope"": ""online"", ""error_type"": ""SourceFailure"", ""message"": ""naver:412:01:RuntimeError:naver agent collection failed for 412:01; Playwright fallback is disabled""}, {""scope"": ""online"", ""error_type"": ""SourceFailure"", ""message"": ""naver:611:05:RuntimeError:naver agent collection failed for 611:05; Playwright fallback is disabled""}, {""scope"": ""online"", ""error_type"": ""SourceFailure"", ""message"": ""coupang:611:05:RuntimeError:coupang agent collection failed for 611:05; Playwright fallback is disabled""}]"
a48bcc0f676a45c3a95adc700d823862,kamis,2026-09-28,2026-09-28,2026-09-28T19:34:32.130658+09:00,2026-09-28T19:46:25.567458+09:00,success,335190,0,[]
6ca7f21d378045969e77828fb0b4f1d0,coupang_agent,2026-09-28,2026-09-28,2026-09-28T19:42:24.201813+09:00,2026-09-28T19:44:47.297045+09:00,partial_failure,36,5,"[{""scope"": ""coupang_agent"", ""error_type"": ""SourceFailure"", ""message"": ""coupang:245:00:RuntimeError:coupang agent collection failed for 245:00; Playwright fallback is disabled""}, {""scope"": ""coupang_agent"", ""error_type"": ""SourceFailure"", ""message"": ""coupang:258:01:RuntimeError:coupang agent collection failed for 258:01; Playwright fallback is disabled""}, {""scope"": ""coupang_agent"", ""error_type"": ""SourceFailure"", ""message"": ""coupang:411:05:RuntimeError:coupang agent collection failed for 411:05; Playwright fallback is disabled""}, {""scope"": ""coupang_agent"", ""error_type"": ""SourceFailure"", ""message"": ""coupang:412:01:RuntimeError:coupang agent collection failed for 412:01; Playwright fallback is disabled""}, {""scope"": ""coupang_agent"", ""error_type"": ""SourceFailure"", ""message"": ""coupang:611:05:RuntimeError:coupang agent collection failed for 611:05; Playwright fallback is disabled""}]"
9b0b58219b984333b42a0f887bcbf1d3,online,2026-09-28,2026-09-28,2026-09-28T19:46:25.666611+09:00,2026-09-28T19:51:23.754220+09:00,partial_failure,19,11,"[{""scope"": ""online"", ""error_type"": ""SourceFailure"", ""message"": ""naver:111:10:RuntimeError:naver agent collection failed for 111:10; Playwright fallback is disabled""}, {""scope"": ""online"", ""error_type"": ""SourceFailure"", ""message"": ""naver:152:00:RuntimeError:naver agent collection failed for 152:00; Playwright fallback is disabled""}, {""scope"": ""online"", ""error_type"": ""SourceFailure"", ""message"": ""naver:211:03:RuntimeError:naver agent collection failed for 211:03; Playwright fallback is disabled""}, {""scope"": ""online"", ""error_type"": ""SourceFailure"", ""message"": ""naver:225:00:RuntimeError:naver agent collection failed for 225:00; Playwright fallback is disabled""}, {""scope"": ""online"", ""error_type"": ""SourceFailure"", ""message"": ""naver:231:03:RuntimeError:naver agent collection failed for 231:03; Playwright fallback is disabled""}, {""scope"": ""online"", ""error_type"": ""SourceFailure"", ""message"": ""naver:245:00:RuntimeError:naver agent collection failed for 245:00; Playwright fallback is disabled""}, {""scope"": ""online"", ""error_type"": ""SourceFailure"", ""message"": ""naver:258:01:RuntimeError:naver agent collection failed for 258:01; Playwright fallback is disabled""}, {""scope"": ""online"", ""error_type"": ""SourceFailure"", ""message"": ""naver:411:05:RuntimeError:naver agent collection failed for 411:05; Playwright fallback is disabled""}, {""scope"": ""online"", ""error_type"": ""SourceFailure"", ""message"": ""naver:412:01:RuntimeError:naver agent collection failed for 412:01; Playwright fallback is disabled""}, {""scope"": ""online"", ""error_type"": ""SourceFailure"", ""message"": ""naver:611:05:RuntimeError:naver agent collection failed for 611:05; Playwright fallback is disabled""}, {""scope"": ""online"", ""error_type"": ""SourceFailure"", ""message"": ""coupang:611:05:RuntimeError:coupang agent collection failed for 611:05; Playwright fallback is disabled""}]"
7f4e4ed4f789482fbf4539f854a9bb06,naver_agent,2026-09-28,2026-09-28,2026-09-28T19:47:35.008998+09:00,2026-09-28T19:51:00.161644+09:00,partial_failure,16,8,"[{""scope"": ""naver_agent"", ""error_type"": ""SourceFailure"", ""message"": ""naver:211:03:RuntimeError:naver agent collection failed for 211:03; Playwright fallback is disabled""}, {""scope"": ""naver_agent"", ""error_type"": ""SourceFailure"", ""message"": ""naver:225:00:RuntimeError:naver agent collection failed for 225:00; Playwright fallback is disabled""}, {""scope"": ""naver_agent"", ""error_type"": ""SourceFailure"", ""message"": ""naver:231:03:RuntimeError:naver agent collection failed for 231:03; Playwright fallback is disabled""}, {""scope"": ""naver_agent"", ""error_type"": ""SourceFailure"", ""message"": ""naver:245:00:RuntimeError:naver agent collection failed for 245:00; Playwright fallback is disabled""}, {""scope"": ""naver_agent"", ""error_type"": ""SourceFailure"", ""message"": ""naver:258:01:RuntimeError:naver agent collection failed for 258:01; Playwright fallback is disabled""}, {""scope"": ""naver_agent"", ""error_type"": ""SourceFailure"", ""message"": ""naver:411:05:RuntimeError:naver agent collection failed for 411:05; Playwright fallback is disabled""}, {""scope"": ""naver_agent"", ""error_type"": ""SourceFailure"", ""message"": ""naver:412:01:RuntimeError:naver agent collection failed for 412:01; Playwright fallback is disabled""}, {""scope"": ""naver_agent"", ""error_type"": ""SourceFailure"", ""message"": ""naver:611:05:RuntimeError:naver agent collection failed for 611:05; Playwright fallback is disabled""}]"
4aed9636a316492eb2cb1f79bd6b67e4,market,2026-09-28,2026-09-28,2026-09-28T19:51:23.795563+09:00,2026-09-28T19:51:24.357875+09:00,success,9,0,[]
3bf36788d0d04ffb877814e086ef1420,market_history,2026-06-16,2026-09-28,2026-09-28T20:12:19.999629+09:00,2026-09-28T20:12:32.219038+09:00,partial_failure,20,5,"[{""scope"": ""sp500"", ""error_type"": ""MissingMarketData"", ""message"": ""1 dates still missing""}, {""scope"": ""nasdaq"", ""error_type"": ""MissingMarketData"", ""message"": ""1 dates still missing""}, {""scope"": ""dow_jones"", ""error_type"": ""MissingMarketData"", ""message"": ""1 dates still missing""}, {""scope"": ""rough_rice_futures"", ""error_type"": ""MissingMarketData"", ""message"": ""1 dates still missing""}, {""scope"": ""orange_juice_futures"", ""error_type"": ""MissingMarketData"", ""message"": ""1 dates still missing""}]"
0cebabb0c2c14b6692e72009f91489b2,daily_pipeline,2026-09-28,2026-09-28,2026-09-28T20:15:52.440034+09:00,2026-09-28T20:27:11.103297+09:00,partial_failure,1130441,11,"[{""scope"": ""online"", ""error_type"": ""SourceFailure"", ""message"": ""naver:111:10:RuntimeError:naver agent collection failed for 111:10; Playwright fallback is disabled""}, {""scope"": ""online"", ""error_type"": ""SourceFailure"", ""message"": ""naver:152:00:RuntimeError:naver agent collection failed for 152:00; Playwright fallback is disabled""}, {""scope"": ""online"", ""error_type"": ""SourceFailure"", ""message"": ""naver:211:03:RuntimeError:naver agent collection failed for 211:03; Playwright fallback is disabled""}, {""scope"": ""online"", ""error_type"": ""SourceFailure"", ""message"": ""naver:225:00:RuntimeError:naver agent collection failed for 225:00; Playwright fallback is disabled""}, {""scope"": ""online"", ""error_type"": ""SourceFailure"", ""message"": ""naver:231:03:RuntimeError:naver agent collection failed for 231:03; Playwright fallback is disabled""}, {""scope"": ""online"", ""error_type"": ""SourceFailure"", ""message"": ""naver:245:00:RuntimeError:naver agent collection failed for 245:00; Playwright fallback is disabled""}, {""scope"": ""online"", ""error_type"": ""SourceFailure"", ""message"": ""naver:258:01:RuntimeError:naver agent collection failed for 258:01; Playwright fallback is disabled""}, {""scope"": ""online"", ""error_type"": ""SourceFailure"", ""message"": ""naver:411:05:RuntimeError:naver agent collection failed for 411:05; Playwright fallback is disabled""}, {""scope"": ""online"", ""error_type"": ""SourceFailure"", ""message"": ""naver:412:01:RuntimeError:naver agent collection failed for 412:01; Playwright fallback is disabled""}, {""scope"": ""online"", ""error_type"": ""SourceFailure"", ""message"": ""naver:611:05:RuntimeError:naver agent collection failed for 611:05; Playwright fallback is disabled""}, {""scope"": ""online"", ""error_type"": ""SourceFailure"", ""message"": ""coupang:611:05:RuntimeError:coupang agent collection failed for 611:05; Playwright fallback is disabled""}]"
5bbacba84f4a43499f63efacf4293fd5,online,2026-09-28,2026-09-28,2026-09-28T20:15:52.482512+09:00,2026-09-28T20:17:53.601069+09:00,partial_failure,0,11,"[{""scope"": ""online"", ""error_type"": ""SourceFailure"", ""message"": ""naver:111:10:RuntimeError:naver agent collection failed for 111:10; Playwright fallback is disabled""}, {""scope"": ""online"", ""error_type"": ""SourceFailure"", ""message"": ""naver:152:00:RuntimeError:naver agent collection failed for 152:00; Playwright fallback is disabled""}, {""scope"": ""online"", ""error_type"": ""SourceFailure"", ""message"": ""naver:211:03:RuntimeError:naver agent collection failed for 211:03; Playwright fallback is disabled""}, {""scope"": ""online"", ""error_type"": ""SourceFailure"", ""message"": ""naver:225:00:RuntimeError:naver agent collection failed for 225:00; Playwright fallback is disabled""}, {""scope"": ""online"", ""error_type"": ""SourceFailure"", ""message"": ""naver:231:03:RuntimeError:naver agent collection failed for 231:03; Playwright fallback is disabled""}, {""scope"": ""online"", ""error_type"": ""SourceFailure"", ""message"": ""naver:245:00:RuntimeError:naver agent collection failed for 245:00; Playwright fallback is disabled""}, {""scope"": ""online"", ""error_type"": ""SourceFailure"", ""message"": ""naver:258:01:RuntimeError:naver agent collection failed for 258:01; Playwright fallback is disabled""}, {""scope"": ""online"", ""error_type"": ""SourceFailure"", ""message"": ""naver:411:05:RuntimeError:naver agent collection failed for 411:05; Playwright fallback is disabled""}, {""scope"": ""online"", ""error_type"": ""SourceFailure"", ""message"": ""naver:412:01:RuntimeError:naver agent collection failed for 412:01; Playwright fallback is disabled""}, {""scope"": ""online"", ""error_type"": ""SourceFailure"", ""message"": ""naver:611:05:RuntimeError:naver agent collection failed for 611:05; Playwright fallback is disabled""}, {""scope"": ""online"", ""error_type"": ""SourceFailure"", ""message"": ""coupang:611:05:RuntimeError:coupang agent collection failed for 611:05; Playwright fallback is disabled""}]"
b7bbc9610b7b40e3a4d34fc5e96f6aa6,market,2026-09-28,2026-09-28,2026-09-28T20:16:49.032015+09:00,2026-09-28T20:16:50.202374+09:00,success,9,0,[]
2b6cc26a39b34a5f8c7da6e8c557965e,market_history,2026-07-02,2026-09-28,2026-09-29T19:14:42.631850+09:00,2026-09-29T19:14:44.733562+09:00,success,5,0,[]
dfb1dbeab24d4d948328e26cd27963c9,daily_pipeline,2026-09-29,2026-09-29,2026-09-29T19:20:34.475932+09:00,2026-09-29T19:42:22.335815+09:00,partial_failure,1661292,4,"[{""scope"": ""online"", ""error_type"": ""SourceFailure"", ""message"": ""naver:411:05:RuntimeError:naver agent collection failed for 411:05; Playwright fallback is disabled""}, {""scope"": ""online"", ""error_type"": ""SourceFailure"", ""message"": ""naver:412:01:RuntimeError:naver agent collection failed for 412:01; Playwright fallback is disabled""}, {""scope"": ""online"", ""error_type"": ""SourceFailure"", ""message"": ""naver:611:05:RuntimeError:naver agent collection failed for 611:05; Playwright fallback is disabled""}, {""scope"": ""online"", ""error_type"": ""SourceFailure"", ""message"": ""coupang:611:05:RuntimeError:coupang agent collection failed for 611:05; Playwright fallback is disabled""}]"
622ea7388a454661bf185071013bd3d2,kamis,2026-09-29,2026-09-29,2026-09-29T19:20:34.518601+09:00,2026-09-29T19:32:48.270516+09:00,success,340242,0,[]
5f5b0f444221481a86750212c3f85db5,online,2026-09-29,2026-09-29,2026-09-29T19:32:48.483037+09:00,2026-09-29T19:35:43.429967+09:00,partial_failure,102,4,"[{""scope"": ""online"", ""error_type"": ""SourceFailure"", ""message"": ""naver:411:05:RuntimeError:naver agent collection failed for 411:05; Playwright fallback is disabled""}, {""scope"": ""online"", ""error_type"": ""SourceFailure"", ""message"": ""naver:412:01:RuntimeError:naver agent collection failed for 412:01; Playwright fallback is disabled""}, {""scope"": ""online"", ""error_type"": ""SourceFailure"", ""message"": ""naver:611:05:RuntimeError:naver agent collection failed for 611:05; Playwright fallback is disabled""}, {""scope"": ""online"", ""error_type"": ""SourceFailure"", ""message"": ""coupang:611:05:RuntimeError:coupang agent collection failed for 611:05; Playwright fallback is disabled""}]"
78a886981cda40709fc87363239ce5be,market,2026-09-29,2026-09-29,2026-09-29T19:35:43.535332+09:00,2026-09-29T19:35:44.121378+09:00,success,9,0,[]
4ec7a01f5b6046eeb5db4953625dbdc1,daily_pipeline,2026-09-29,2026-09-29,2026-09-29T20:07:23.472181+09:00,2026-09-29T20:16:19.791534+09:00,partial_failure,1322082,4,"[{""scope"": ""online"", ""error_type"": ""SourceFailure"", ""message"": ""naver:411:05:RuntimeError:naver agent collection failed for 411:05""}, {""scope"": ""online"", ""error_type"": ""SourceFailure"", ""message"": ""naver:412:01:RuntimeError:naver agent collection failed for 412:01""}, {""scope"": ""online"", ""error_type"": ""SourceFailure"", ""message"": ""naver:611:05:RuntimeError:naver agent collection failed for 611:05""}, {""scope"": ""online"", ""error_type"": ""SourceFailure"", ""message"": ""coupang:611:05:RuntimeError:coupang agent collection failed for 611:05""}]"
735a3ea82edf48feb975c879edc26508,online,2026-09-29,2026-09-29,2026-09-29T20:07:23.499525+09:00,2026-09-29T20:10:20.709131+09:00,partial_failure,0,4,"[{""scope"": ""online"", ""error_type"": ""SourceFailure"", ""message"": ""naver:411:05:RuntimeError:naver agent collection failed for 411:05""}, {""scope"": ""online"", ""error_type"": ""SourceFailure"", ""message"": ""naver:412:01:RuntimeError:naver agent collection failed for 412:01""}, {""scope"": ""online"", ""error_type"": ""SourceFailure"", ""message"": ""naver:611:05:RuntimeError:naver agent collection failed for 611:05""}, {""scope"": ""online"", ""error_type"": ""SourceFailure"", ""message"": ""coupang:611:05:RuntimeError:coupang agent collection failed for 611:05""}]"
49ea226a67554a4b80c46e8feed2dc9c,daily_pipeline,2026-09-29,2026-09-29,2026-09-29T20:23:13.219657+09:00,2026-09-29T20:31:59.477352+09:00,partial_failure,1327142,4,"[{""scope"": ""online"", ""error_type"": ""SourceFailure"", ""message"": ""naver:411:05:RuntimeError:naver agent collection failed for 411:05""}, {""scope"": ""online"", ""error_type"": ""SourceFailure"", ""message"": ""naver:412:01:RuntimeError:naver agent collection failed for 412:01""}, {""scope"": ""online"", ""error_type"": ""SourceFailure"", ""message"": ""naver:611:05:RuntimeError:naver agent collection failed for 611:05""}, {""scope"": ""online"", ""error_type"": ""SourceFailure"", ""message"": ""coupang:611:05:RuntimeError:coupang agent collection failed for 611:05""}]"
3604d8b0356943e0a8c26c5ae8e44ccd,online,2026-09-29,2026-09-29,2026-09-29T20:23:13.270599+09:00,2026-09-29T20:26:15.938361+09:00,partial_failure,0,4,"[{""scope"": ""online"", ""error_type"": ""SourceFailure"", ""message"": ""naver:411:05:RuntimeError:naver agent collection failed for 411:05""}, {""scope"": ""online"", ""error_type"": ""SourceFailure"", ""message"": ""naver:412:01:RuntimeError:naver agent collection failed for 412:01""}, {""scope"": ""online"", ""error_type"": ""SourceFailure"", ""message"": ""naver:611:05:RuntimeError:naver agent collection failed for 611:05""}, {""scope"": ""online"", ""error_type"": ""SourceFailure"", ""message"": ""coupang:611:05:RuntimeError:coupang agent collection failed for 611:05""}]"
b831d881a0b2414f804795fcff7472ef,daily_pipeline,2026-09-29,2026-09-29,2026-09-29T20:42:28.309057+09:00,2026-09-29T20:58:31.696436+09:00,partial_failure,1410217,4,"[{""scope"": ""online"", ""error_type"": ""SourceFailure"", ""message"": ""naver:411:05:RuntimeError:naver agent collection failed for 411:05""}, {""scope"": ""online"", ""error_type"": ""SourceFailure"", ""message"": ""naver:412:01:RuntimeError:naver agent collection failed for 412:01""}, {""scope"": ""online"", ""error_type"": ""SourceFailure"", ""message"": ""naver:611:05:RuntimeError:naver agent collection failed for 611:05""}, {""scope"": ""online"", ""error_type"": ""SourceFailure"", ""message"": ""coupang:611:05:RuntimeError:coupang agent collection failed for 611:05""}]"
910b15c98fa44aa385f61bd02152c178,online,2026-09-29,2026-09-29,2026-09-29T20:42:28.328287+09:00,2026-09-29T20:44:44.331842+09:00,partial_failure,0,4,"[{""scope"": ""online"", ""error_type"": ""SourceFailure"", ""message"": ""naver:411:05:RuntimeError:naver agent collection failed for 411:05""}, {""scope"": ""online"", ""error_type"": ""SourceFailure"", ""message"": ""naver:412:01:RuntimeError:naver agent collection failed for 412:01""}, {""scope"": ""online"", ""error_type"": ""SourceFailure"", ""message"": ""naver:611:05:RuntimeError:naver agent collection failed for 611:05""}, {""scope"": ""online"", ""error_type"": ""SourceFailure"", ""message"": ""coupang:611:05:RuntimeError:coupang agent collection failed for 611:05""}]"
0abb32140f6a409483d35afd13c95447,market_history,2026-07-03,2026-09-29,2026-09-30T19:39:22.300578+09:00,2026-09-30T19:39:29.683195+09:00,success,5,0,[]
21974cb405ea40c2bd2cea008d646c30,daily_pipeline,2026-09-30,2026-09-30,2026-09-30T19:53:52.233137+09:00,2026-09-30T20:29:42.951053+09:00,partial_failure,1769822,3,"[{""scope"": ""online"", ""error_type"": ""SourceFailure"", ""message"": ""naver:411:05:RuntimeError:naver agent collection failed for 411:05""}, {""scope"": ""online"", ""error_type"": ""SourceFailure"", ""message"": ""naver:412:01:RuntimeError:naver agent collection failed for 412:01""}, {""scope"": ""online"", ""error_type"": ""SourceFailure"", ""message"": ""naver:611:05:RuntimeError:naver agent collection failed for 611:05""}]"
5a3cf4aef0294e169fddba65ee47debb,kamis,2026-09-30,2026-09-30,2026-09-30T19:53:52.298848+09:00,2026-09-30T20:08:41.971221+09:00,success,345418,0,[]
d909a38556a14731b1889498a7c137ef,online,2026-09-30,2026-09-30,2026-09-30T20:08:42.145404+09:00,2026-09-30T20:13:19.143064+09:00,partial_failure,110,3,"[{""scope"": ""online"", ""error_type"": ""SourceFailure"", ""message"": ""naver:411:05:RuntimeError:naver agent collection failed for 411:05""}, {""scope"": ""online"", ""error_type"": ""SourceFailure"", ""message"": ""naver:412:01:RuntimeError:naver agent collection failed for 412:01""}, {""scope"": ""online"", ""error_type"": ""SourceFailure"", ""message"": ""naver:611:05:RuntimeError:naver agent collection failed for 611:05""}]"
81d28368d7a74c358870d5096c411b5e,market,2026-09-30,2026-09-30,2026-09-30T20:13:19.218039+09:00,2026-09-30T20:13:19.915917+09:00,success,9,0,[]
608eaada527648329e135bb8fc23e147,daily_pipeline,2026-09-30,2026-09-30,2026-09-30T22:38:12.733607+09:00,2026-09-30T22:54:28.272878+09:00,partial_failure,1424285,3,"[{""scope"": ""online"", ""error_type"": ""SourceFailure"", ""message"": ""naver:411:05:RuntimeError:naver agent collection failed for 411:05""}, {""scope"": ""online"", ""error_type"": ""SourceFailure"", ""message"": ""naver:412:01:RuntimeError:naver agent collection failed for 412:01""}, {""scope"": ""online"", ""error_type"": ""SourceFailure"", ""message"": ""naver:611:05:RuntimeError:naver agent collection failed for 611:05""}]"
b52ca5ad32334d0b838170bba355cb94,online,2026-09-30,2026-09-30,2026-09-30T22:38:12.769308+09:00,2026-09-30T22:39:00.897621+09:00,partial_failure,0,3,"[{""scope"": ""online"", ""error_type"": ""SourceFailure"", ""message"": ""naver:411:05:RuntimeError:naver agent collection failed for 411:05""}, {""scope"": ""online"", ""error_type"": ""SourceFailure"", ""message"": ""naver:412:01:RuntimeError:naver agent collection failed for 412:01""}, {""scope"": ""online"", ""error_type"": ""SourceFailure"", ""message"": ""naver:611:05:RuntimeError:naver agent collection failed for 611:05""}]"
07ea053c65524bef8aa1824e3f7fab5f,market_history,2026-07-04,2026-09-30,2026-10-01T23:32:28.503378+09:00,2026-10-01T23:32:35.669972+09:00,success,5,0,[]
287e00f8477840ca95353a924dc09e8c,daily_pipeline,2026-10-01,2026-10-01,2026-10-01T23:46:27.893108+09:00,2026-10-02T00:26:23.299235+09:00,partial_failure,1788649,5,"[{""scope"": ""online"", ""error_type"": ""SourceFailure"", ""message"": ""coupang:257:00:RuntimeError:coupang agent collection failed for 257:00""}, {""scope"": ""online"", ""error_type"": ""SourceFailure"", ""message"": ""naver:411:05:RuntimeError:naver agent collection failed for 411:05""}, {""scope"": ""online"", ""error_type"": ""SourceFailure"", ""message"": ""coupang:411:05:RuntimeError:coupang agent collection failed for 411:05""}, {""scope"": ""online"", ""error_type"": ""SourceFailure"", ""message"": ""naver:412:01:RuntimeError:naver agent collection failed for 412:01""}, {""scope"": ""online"", ""error_type"": ""SourceFailure"", ""message"": ""naver:611:05:RuntimeError:naver agent collection failed for 611:05""}]"
9228cf45e1184116a959bb84babe6b49,kamis,2026-10-01,2026-10-01,2026-10-01T23:46:27.985733+09:00,2026-10-01T23:58:53.900715+09:00,success,346327,0,[]
b8671d17c626457f98e7e9362780df1b,online,2026-10-01,2026-10-01,2026-10-01T23:58:54.013727+09:00,2026-10-02T00:05:50.363439+09:00,partial_failure,143,5,"[{""scope"": ""online"", ""error_type"": ""SourceFailure"", ""message"": ""coupang:257:00:RuntimeError:coupang agent collection failed for 257:00""}, {""scope"": ""online"", ""error_type"": ""SourceFailure"", ""message"": ""naver:411:05:RuntimeError:naver agent collection failed for 411:05""}, {""scope"": ""online"", ""error_type"": ""SourceFailure"", ""message"": ""coupang:411:05:RuntimeError:coupang agent collection failed for 411:05""}, {""scope"": ""online"", ""error_type"": ""SourceFailure"", ""message"": ""naver:412:01:RuntimeError:naver agent collection failed for 412:01""}, {""scope"": ""online"", ""error_type"": ""SourceFailure"", ""message"": ""naver:611:05:RuntimeError:naver agent collection failed for 611:05""}]"
ebaf2701a5244bbf80fd64a49a5e09f8,market,2026-10-01,2026-10-01,2026-10-02T00:05:50.445773+09:00,2026-10-02T00:05:51.297722+09:00,success,14,0,[]
3f0faefc4bae44d68e8345ba4bd6d3e3,daily_pipeline,2026-10-02,2026-10-02,2026-10-02T19:37:03.559846+09:00,2026-10-02T20:00:32.299122+09:00,partial_failure,1799710,6,"[{""scope"": ""online"", ""error_type"": ""SourceFailure"", ""message"": ""naver:231:03:RuntimeError:naver agent collection failed for 231:03""}, {""scope"": ""online"", ""error_type"": ""SourceFailure"", ""message"": ""coupang:257:00:RuntimeError:coupang agent collection failed for 257:00""}, {""scope"": ""online"", ""error_type"": ""SourceFailure"", ""message"": ""naver:411:05:RuntimeError:naver agent collection failed for 411:05""}, {""scope"": ""online"", ""error_type"": ""SourceFailure"", ""message"": ""coupang:411:05:RuntimeError:coupang agent collection failed for 411:05""}, {""scope"": ""online"", ""error_type"": ""SourceFailure"", ""message"": ""naver:412:01:RuntimeError:naver agent collection failed for 412:01""}, {""scope"": ""online"", ""error_type"": ""SourceFailure"", ""message"": ""naver:611:05:RuntimeError:naver agent collection failed for 611:05""}]"
cc49ea8f33114eff993a610bbffc5078,kamis,2026-10-02,2026-10-02,2026-10-02T19:37:03.592932+09:00,2026-10-02T19:49:02.814662+09:00,success,346811,0,[]
3aea1bd8741b4249b4c3118bb7c8d496,online,2026-10-02,2026-10-02,2026-10-02T19:49:02.961069+09:00,2026-10-02T19:54:53.080637+09:00,partial_failure,140,6,"[{""scope"": ""online"", ""error_type"": ""SourceFailure"", ""message"": ""naver:231:03:RuntimeError:naver agent collection failed for 231:03""}, {""scope"": ""online"", ""error_type"": ""SourceFailure"", ""message"": ""coupang:257:00:RuntimeError:coupang agent collection failed for 257:00""}, {""scope"": ""online"", ""error_type"": ""SourceFailure"", ""message"": ""naver:411:05:RuntimeError:naver agent collection failed for 411:05""}, {""scope"": ""online"", ""error_type"": ""SourceFailure"", ""message"": ""coupang:411:05:RuntimeError:coupang agent collection failed for 411:05""}, {""scope"": ""online"", ""error_type"": ""SourceFailure"", ""message"": ""naver:412:01:RuntimeError:naver agent collection failed for 412:01""}, {""scope"": ""online"", ""error_type"": ""SourceFailure"", ""message"": ""naver:611:05:RuntimeError:naver agent collection failed for 611:05""}]"
b653dda79052458c9722b3a3b6cb7d22,market,2026-10-02,2026-10-02,2026-10-02T19:54:53.131669+09:00,2026-10-02T19:54:56.879732+09:00,success,9,0,[]
6373ae0abfea4e279cd71c342c764537,market_history,2026-07-06,2026-10-02,2026-10-03T12:56:00.925206+09:00,2026-10-03T12:56:07.181211+09:00,success,5,0,[]
e8ea554058884f3da4eba5784d31e71c,daily_pipeline,2026-10-03,2026-10-03,2026-10-03T14:34:07.970544+09:00,2026-10-03T16:26:32.823023+09:00,partial_failure,342116,6,"[{""scope"": ""online"", ""error_type"": ""SourceFailure"", ""message"": ""naver:411:05:RuntimeError:naver agent collection failed for 411:05""}, {""scope"": ""online"", ""error_type"": ""SourceFailure"", ""message"": ""coupang:411:05:RuntimeError:coupang agent collection failed for 411:05""}, {""scope"": ""online"", ""error_type"": ""SourceFailure"", ""message"": ""naver:412:01:RuntimeError:naver agent collection failed for 412:01""}, {""scope"": ""online"", ""error_type"": ""SourceFailure"", ""message"": ""naver:611:05:RuntimeError:naver agent collection failed for 611:05""}, {""scope"": ""online"", ""error_type"": ""SourceFailure"", ""message"": ""coupang:611:05:RuntimeError:coupang agent collection failed for 611:05""}, {""scope"": ""analytics"", ""error_type"": ""MemoryError"", ""message"": """"}]"
1ceede6ba84e45b5b62d07b18057d1d0,kamis,2026-10-03,2026-10-03,2026-10-03T14:34:08.017848+09:00,2026-10-03T14:47:14.788373+09:00,success,341949,0,[]
96f983ca233848169b07b823af3d8e26,online,2026-10-03,2026-10-03,2026-10-03T14:47:15.017691+09:00,2026-10-03T14:53:12.586968+09:00,partial_failure,167,5,"[{""scope"": ""online"", ""error_type"": ""SourceFailure"", ""message"": ""naver:411:05:RuntimeError:naver agent collection failed for 411:05""}, {""scope"": ""online"", ""error_type"": ""SourceFailure"", ""message"": ""coupang:411:05:RuntimeError:coupang agent collection failed for 411:05""}, {""scope"": ""online"", ""error_type"": ""SourceFailure"", ""message"": ""naver:412:01:RuntimeError:naver agent collection failed for 412:01""}, {""scope"": ""online"", ""error_type"": ""SourceFailure"", ""message"": ""naver:611:05:RuntimeError:naver agent collection failed for 611:05""}, {""scope"": ""online"", ""error_type"": ""SourceFailure"", ""message"": ""coupang:611:05:RuntimeError:coupang agent collection failed for 611:05""}]"
c2246e2173d545de99dba2dc29643805,market,2026-10-03,2026-10-03,2026-10-03T14:53:13.098214+09:00,2026-10-03T14:53:14.772824+09:00,success,0,0,[]
73c124b885e1422b86c2596e8a62bd16,daily_pipeline,2026-10-03,2026-10-03,2026-10-03T16:51:46.316600+09:00,2026-10-03T16:54:32.975033+09:00,partial_failure,11,4,"[{""scope"": ""online"", ""error_type"": ""SourceFailure"", ""message"": ""naver:411:05:RuntimeError:naver agent collection failed for 411:05""}, {""scope"": ""online"", ""error_type"": ""SourceFailure"", ""message"": ""coupang:411:05:RuntimeError:coupang agent collection failed for 411:05""}, {""scope"": ""online"", ""error_type"": ""SourceFailure"", ""message"": ""naver:412:01:RuntimeError:naver agent collection failed for 412:01""}, {""scope"": ""online"", ""error_type"": ""SourceFailure"", ""message"": ""naver:611:05:RuntimeError:naver agent collection failed for 611:05""}]"
44bae1b2d9d446ccae10d90eef3d7b49,online,2026-10-03,2026-10-03,2026-10-03T16:51:46.352716+09:00,2026-10-03T16:54:32.922856+09:00,partial_failure,11,4,"[{""scope"": ""online"", ""error_type"": ""SourceFailure"", ""message"": ""naver:411:05:RuntimeError:naver agent collection failed for 411:05""}, {""scope"": ""online"", ""error_type"": ""SourceFailure"", ""message"": ""coupang:411:05:RuntimeError:coupang agent collection failed for 411:05""}, {""scope"": ""online"", ""error_type"": ""SourceFailure"", ""message"": ""naver:412:01:RuntimeError:naver agent collection failed for 412:01""}, {""scope"": ""online"", ""error_type"": ""SourceFailure"", ""message"": ""naver:611:05:RuntimeError:naver agent collection failed for 611:05""}]"
e62ffb5056eb4487901011daa43c5c5c,daily_pipeline,2026-10-03,2026-10-03,2026-10-03T17:40:00.904222+09:00,2026-10-03T17:42:03.373047+09:00,failed,0,4,"[{""scope"": ""online"", ""error_type"": ""SourceFailure"", ""message"": ""naver:411:05:RuntimeError:naver agent collection failed for 411:05""}, {""scope"": ""online"", ""error_type"": ""SourceFailure"", ""message"": ""coupang:411:05:RuntimeError:coupang agent collection failed for 411:05""}, {""scope"": ""online"", ""error_type"": ""SourceFailure"", ""message"": ""naver:412:01:RuntimeError:naver agent collection failed for 412:01""}, {""scope"": ""online"", ""error_type"": ""SourceFailure"", ""message"": ""naver:611:05:RuntimeError:naver agent collection failed for 611:05""}]"
186e6fdaf4cf450c9ee9a2f77d74a850,online,2026-10-03,2026-10-03,2026-10-03T17:40:01.007524+09:00,2026-10-03T17:42:03.330071+09:00,partial_failure,0,4,"[{""scope"": ""online"", ""error_type"": ""SourceFailure"", ""message"": ""naver:411:05:RuntimeError:naver agent collection failed for 411:05""}, {""scope"": ""online"", ""error_type"": ""SourceFailure"", ""message"": ""coupang:411:05:RuntimeError:coupang agent collection failed for 411:05""}, {""scope"": ""online"", ""error_type"": ""SourceFailure"", ""message"": ""naver:412:01:RuntimeError:naver agent collection failed for 412:01""}, {""scope"": ""online"", ""error_type"": ""SourceFailure"", ""message"": ""naver:611:05:RuntimeError:naver agent collection failed for 611:05""}]"
b24a313158a14f60a2e84834300948dd,daily_pipeline,2026-10-03,2026-10-03,2026-10-03T17:59:02.246611+09:00,2026-10-03T18:01:41.536241+09:00,failed,0,4,"[{""scope"": ""online"", ""error_type"": ""SourceFailure"", ""message"": ""naver:411:05:RuntimeError:naver agent collection failed for 411:05""}, {""scope"": ""online"", ""error_type"": ""SourceFailure"", ""message"": ""coupang:411:05:RuntimeError:coupang agent collection failed for 411:05""}, {""scope"": ""online"", ""error_type"": ""SourceFailure"", ""message"": ""naver:412:01:RuntimeError:naver agent collection failed for 412:01""}, {""scope"": ""online"", ""error_type"": ""SourceFailure"", ""message"": ""naver:611:05:RuntimeError:naver agent collection failed for 611:05""}]"
3d9e4d80906f4963897ec0db2b9ebfd9,online,2026-10-03,2026-10-03,2026-10-03T17:59:02.296717+09:00,2026-10-03T18:01:41.460170+09:00,partial_failure,0,4,"[{""scope"": ""online"", ""error_type"": ""SourceFailure"", ""message"": ""naver:411:05:RuntimeError:naver agent collection failed for 411:05""}, {""scope"": ""online"", ""error_type"": ""SourceFailure"", ""message"": ""coupang:411:05:RuntimeError:coupang agent collection failed for 411:05""}, {""scope"": ""online"", ""error_type"": ""SourceFailure"", ""message"": ""naver:412:01:RuntimeError:naver agent collection failed for 412:01""}, {""scope"": ""online"", ""error_type"": ""SourceFailure"", ""message"": ""naver:611:05:RuntimeError:naver agent collection failed for 611:05""}]"
a1032363305e4494930945a5de3a438c,daily_pipeline,2026-10-03,2026-10-03,2026-10-03T20:28:36.840460+09:00,2026-10-03T20:50:11.302794+09:00,failed,0,4,"[{""scope"": ""online"", ""error_type"": ""SourceFailure"", ""message"": ""naver:411:05:RuntimeError:naver agent collection failed for 411:05""}, {""scope"": ""online"", ""error_type"": ""SourceFailure"", ""message"": ""coupang:411:05:RuntimeError:coupang agent collection failed for 411:05""}, {""scope"": ""online"", ""error_type"": ""SourceFailure"", ""message"": ""naver:412:01:RuntimeError:naver agent collection failed for 412:01""}, {""scope"": ""online"", ""error_type"": ""SourceFailure"", ""message"": ""naver:611:05:RuntimeError:naver agent collection failed for 611:05""}]"
27793087add54a3eb174bd35d4e69f2f,online,2026-10-03,2026-10-03,2026-10-03T20:28:36.890085+09:00,2026-10-03T20:50:11.207208+09:00,partial_failure,0,4,"[{""scope"": ""online"", ""error_type"": ""SourceFailure"", ""message"": ""naver:411:05:RuntimeError:naver agent collection failed for 411:05""}, {""scope"": ""online"", ""error_type"": ""SourceFailure"", ""message"": ""coupang:411:05:RuntimeError:coupang agent collection failed for 411:05""}, {""scope"": ""online"", ""error_type"": ""SourceFailure"", ""message"": ""naver:412:01:RuntimeError:naver agent collection failed for 412:01""}, {""scope"": ""online"", ""error_type"": ""SourceFailure"", ""message"": ""naver:611:05:RuntimeError:naver agent collection failed for 611:05""}]"
87985cabbc31423ba05f0309fb8b8f8e,daily_pipeline,2026-10-03,2026-10-03,2026-10-03T22:16:03.105003+09:00,2026-10-03T22:16:08.713970+09:00,failed,0,4,"[{""scope"": ""online"", ""error_type"": ""SourceFailure"", ""message"": ""naver:411:05:RuntimeError:naver agent collection failed for 411:05""}, {""scope"": ""online"", ""error_type"": ""SourceFailure"", ""message"": ""coupang:411:05:RuntimeError:coupang agent collection failed for 411:05""}, {""scope"": ""online"", ""error_type"": ""SourceFailure"", ""message"": ""naver:412:01:RuntimeError:naver agent collection failed for 412:01""}, {""scope"": ""online"", ""error_type"": ""SourceFailure"", ""message"": ""naver:611:05:RuntimeError:naver agent collection failed for 611:05""}]"
36ba83e79a9544b38d4c31b1449a0ccb,online,2026-10-03,2026-10-03,2026-10-03T22:16:03.136401+09:00,2026-10-03T22:16:08.653259+09:00,partial_failure,0,4,"[{""scope"": ""online"", ""error_type"": ""SourceFailure"", ""message"": ""naver:411:05:RuntimeError:naver agent collection failed for 411:05""}, {""scope"": ""online"", ""error_type"": ""SourceFailure"", ""message"": ""coupang:411:05:RuntimeError:coupang agent collection failed for 411:05""}, {""scope"": ""online"", ""error_type"": ""SourceFailure"", ""message"": ""naver:412:01:RuntimeError:naver agent collection failed for 412:01""}, {""scope"": ""online"", ""error_type"": ""SourceFailure"", ""message"": ""naver:611:05:RuntimeError:naver agent collection failed for 611:05""}]"
c2d2407c3135416b98ea74f9abd5a74b,kamis,2026-10-03,2026-10-03,2026-10-04T12:07:19.092712+09:00,2026-10-04T12:19:30.705330+09:00,success,341949,0,[]
08fc55ecbaa546c39376a494ee085903,daily_pipeline,2026-10-04,2026-10-04,2026-10-04T12:19:31.224509+09:00,2026-10-04T13:15:43.474433+09:00,failed,0,22,"[{""scope"": ""online"", ""error_type"": ""SourceFailure"", ""message"": ""naver:111:10:RuntimeError:naver agent collection failed for 111:10""}, {""scope"": ""online"", ""error_type"": ""SourceFailure"", ""message"": ""coupang:111:10:RuntimeError:coupang agent collection failed for 111:10""}, {""scope"": ""online"", ""error_type"": ""SourceFailure"", ""message"": ""naver:152:00:RuntimeError:naver agent collection failed for 152:00""}, {""scope"": ""online"", ""error_type"": ""SourceFailure"", ""message"": ""coupang:152:00:RuntimeError:coupang agent collection failed for 152:00""}, {""scope"": ""online"", ""error_type"": ""SourceFailure"", ""message"": ""naver:211:03:RuntimeError:naver agent collection failed for 211:03""}, {""scope"": ""online"", ""error_type"": ""SourceFailure"", ""message"": ""coupang:211:03:RuntimeError:coupang agent collection failed for 211:03""}, {""scope"": ""online"", ""error_type"": ""SourceFailure"", ""message"": ""naver:225:00:RuntimeError:naver agent collection failed for 225:00""}, {""scope"": ""online"", ""error_type"": ""SourceFailure"", ""message"": ""coupang:225:00:RuntimeError:coupang agent collection failed for 225:00""}, {""scope"": ""online"", ""error_type"": ""SourceFailure"", ""message"": ""naver:231:03:RuntimeError:naver agent collection failed for 231:03""}, {""scope"": ""online"", ""error_type"": ""SourceFailure"", ""message"": ""coupang:231:03:RuntimeError:coupang agent collection failed for 231:03""}, {""scope"": ""online"", ""error_type"": ""SourceFailure"", ""message"": ""naver:245:00:RuntimeError:naver agent collection failed for 245:00""}, {""scope"": ""online"", ""error_type"": ""SourceFailure"", ""message"": ""coupang:245:00:RuntimeError:coupang agent collection failed for 245:00""}, {""scope"": ""online"", ""error_type"": ""SourceFailure"", ""message"": ""naver:257:00:RuntimeError:naver agent collection failed for 257:00""}, {""scope"": ""online"", ""error_type"": ""SourceFailure"", ""message"": ""coupang:257:00:RuntimeError:coupang agent collection failed for 257:00""}, {""scope"": ""online"", ""error_type"": ""SourceFailure"", ""message"": ""naver:258:01:RuntimeError:naver agent collection failed for 258:01""}, {""scope"": ""online"", ""error_type"": ""SourceFailure"", ""message"": ""coupang:258:01:RuntimeError:coupang agent collection failed for 258:01""}, {""scope"": ""online"", ""error_type"": ""SourceFailure"", ""message"": ""naver:411:05:RuntimeError:naver agent collection failed for 411:05""}, {""scope"": ""online"", ""error_type"": ""SourceFailure"", ""message"": ""coupang:411:05:RuntimeError:coupang agent collection failed for 411:05""}, {""scope"": ""online"", ""error_type"": ""SourceFailure"", ""message"": ""naver:412:01:RuntimeError:naver agent collection failed for 412:01""}, {""scope"": ""online"", ""error_type"": ""SourceFailure"", ""message"": ""coupang:412:01:RuntimeError:coupang agent collection failed for 412:01""}, {""scope"": ""online"", ""error_type"": ""SourceFailure"", ""message"": ""naver:611:05:RuntimeError:naver agent collection failed for 611:05""}, {""scope"": ""online"", ""error_type"": ""SourceFailure"", ""message"": ""coupang:611:05:RuntimeError:coupang agent collection failed for 611:05""}]"
62e62857991943ac8fc1cd275c390aa3,kamis,2026-10-04,2026-10-04,2026-10-04T12:19:31.325434+09:00,2026-10-04T12:19:31.325434+09:00,success,0,0,[]
0cbe7c180aaa4c6caa307b2820f6dcae,online,2026-10-04,2026-10-04,2026-10-04T12:19:31.375721+09:00,2026-10-04T13:15:43.413853+09:00,partial_failure,0,22,"[{""scope"": ""online"", ""error_type"": ""SourceFailure"", ""message"": ""naver:111:10:RuntimeError:naver agent collection failed for 111:10""}, {""scope"": ""online"", ""error_type"": ""SourceFailure"", ""message"": ""coupang:111:10:RuntimeError:coupang agent collection failed for 111:10""}, {""scope"": ""online"", ""error_type"": ""SourceFailure"", ""message"": ""naver:152:00:RuntimeError:naver agent collection failed for 152:00""}, {""scope"": ""online"", ""error_type"": ""SourceFailure"", ""message"": ""coupang:152:00:RuntimeError:coupang agent collection failed for 152:00""}, {""scope"": ""online"", ""error_type"": ""SourceFailure"", ""message"": ""naver:211:03:RuntimeError:naver agent collection failed for 211:03""}, {""scope"": ""online"", ""error_type"": ""SourceFailure"", ""message"": ""coupang:211:03:RuntimeError:coupang agent collection failed for 211:03""}, {""scope"": ""online"", ""error_type"": ""SourceFailure"", ""message"": ""naver:225:00:RuntimeError:naver agent collection failed for 225:00""}, {""scope"": ""online"", ""error_type"": ""SourceFailure"", ""message"": ""coupang:225:00:RuntimeError:coupang agent collection failed for 225:00""}, {""scope"": ""online"", ""error_type"": ""SourceFailure"", ""message"": ""naver:231:03:RuntimeError:naver agent collection failed for 231:03""}, {""scope"": ""online"", ""error_type"": ""SourceFailure"", ""message"": ""coupang:231:03:RuntimeError:coupang agent collection failed for 231:03""}, {""scope"": ""online"", ""error_type"": ""SourceFailure"", ""message"": ""naver:245:00:RuntimeError:naver agent collection failed for 245:00""}, {""scope"": ""online"", ""error_type"": ""SourceFailure"", ""message"": ""coupang:245:00:RuntimeError:coupang agent collection failed for 245:00""}, {""scope"": ""online"", ""error_type"": ""SourceFailure"", ""message"": ""naver:257:00:RuntimeError:naver agent collection failed for 257:00""}, {""scope"": ""online"", ""error_type"": ""SourceFailure"", ""message"": ""coupang:257:00:RuntimeError:coupang agent collection failed for 257:00""}, {""scope"": ""online"", ""error_type"": ""SourceFailure"", ""message"": ""naver:258:01:RuntimeError:naver agent collection failed for 258:01""}, {""scope"": ""online"", ""error_type"": ""SourceFailure"", ""message"": ""coupang:258:01:RuntimeError:coupang agent collection failed for 258:01""}, {""scope"": ""online"", ""error_type"": ""SourceFailure"", ""message"": ""naver:411:05:RuntimeError:naver agent collection failed for 411:05""}, {""scope"": ""online"", ""error_type"": ""SourceFailure"", ""message"": ""coupang:411:05:RuntimeError:coupang agent collection failed for 411:05""}, {""scope"": ""online"", ""error_type"": ""SourceFailure"", ""message"": ""naver:412:01:RuntimeError:naver agent collection failed for 412:01""}, {""scope"": ""online"", ""error_type"": ""SourceFailure"", ""message"": ""coupang:412:01:RuntimeError:coupang agent collection failed for 412:01""}, {""scope"": ""online"", ""error_type"": ""SourceFailure"", ""message"": ""naver:611:05:RuntimeError:naver agent collection failed for 611:05""}, {""scope"": ""online"", ""error_type"": ""SourceFailure"", ""message"": ""coupang:611:05:RuntimeError:coupang agent collection failed for 611:05""}]"
c4027be74b5a48f6b2947b876026a4de,market,2026-10-04,2026-10-04,2026-10-04T13:15:43.459289+09:00,2026-10-04T13:15:43.459289+09:00,success,0,0,[]
74790bd533844e42a3d61fcf5ae986a4,kamis,2026-10-03,2026-10-05,2026-10-06T19:43:37.213471+09:00,2026-10-06T19:45:33.920684+09:00,success,0,0,[]
216fa3d1003f4d0e82779da313d7fdac,market_history,2026-07-09,2026-10-05,2026-10-06T19:45:35.004598+09:00,2026-10-06T19:45:59.576852+09:00,partial_failure,11,1,"[{""scope"": ""sugar_futures"", ""error_type"": ""MissingMarketData"", ""message"": ""1 dates still missing""}]"
07771078d92145859cf7dc51a61eb141,daily_pipeline,2026-10-06,2026-10-06,2026-10-06T19:45:59.637818+09:00,2026-10-06T20:03:02.340225+09:00,partial_failure,337644,22,"[{""scope"": ""online"", ""error_type"": ""SourceFailure"", ""message"": ""naver:111:10:RuntimeError:naver agent collection failed for 111:10""}, {""scope"": ""online"", ""error_type"": ""SourceFailure"", ""message"": ""coupang:111:10:RuntimeError:coupang agent collection failed for 111:10""}, {""scope"": ""online"", ""error_type"": ""SourceFailure"", ""message"": ""naver:152:00:RuntimeError:naver agent collection failed for 152:00""}, {""scope"": ""online"", ""error_type"": ""SourceFailure"", ""message"": ""coupang:152:00:RuntimeError:coupang agent collection failed for 152:00""}, {""scope"": ""online"", ""error_type"": ""SourceFailure"", ""message"": ""naver:211:03:RuntimeError:naver agent collection failed for 211:03""}, {""scope"": ""online"", ""error_type"": ""SourceFailure"", ""message"": ""coupang:211:03:RuntimeError:coupang agent collection failed for 211:03""}, {""scope"": ""online"", ""error_type"": ""SourceFailure"", ""message"": ""naver:225:00:RuntimeError:naver agent collection failed for 225:00""}, {""scope"": ""online"", ""error_type"": ""SourceFailure"", ""message"": ""coupang:225:00:RuntimeError:coupang agent collection failed for 225:00""}, {""scope"": ""online"", ""error_type"": ""SourceFailure"", ""message"": ""naver:231:03:RuntimeError:naver agent collection failed for 231:03""}, {""scope"": ""online"", ""error_type"": ""SourceFailure"", ""message"": ""coupang:231:03:RuntimeError:coupang agent collection failed for 231:03""}, {""scope"": ""online"", ""error_type"": ""SourceFailure"", ""message"": ""naver:245:00:RuntimeError:naver agent collection failed for 245:00""}, {""scope"": ""online"", ""error_type"": ""SourceFailure"", ""message"": ""coupang:245:00:RuntimeError:coupang agent collection failed for 245:00""}, {""scope"": ""online"", ""error_type"": ""SourceFailure"", ""message"": ""naver:257:00:RuntimeError:naver agent collection failed for 257:00""}, {""scope"": ""online"", ""error_type"": ""SourceFailure"", ""message"": ""coupang:257:00:RuntimeError:coupang agent collection failed for 257:00""}, {""scope"": ""online"", ""error_type"": ""SourceFailure"", ""message"": ""naver:258:01:RuntimeError:naver agent collection failed for 258:01""}, {""scope"": ""online"", ""error_type"": ""SourceFailure"", ""message"": ""coupang:258:01:RuntimeError:coupang agent collection failed for 258:01""}, {""scope"": ""online"", ""error_type"": ""SourceFailure"", ""message"": ""naver:411:05:RuntimeError:naver agent collection failed for 411:05""}, {""scope"": ""online"", ""error_type"": ""SourceFailure"", ""message"": ""coupang:411:05:RuntimeError:coupang agent collection failed for 411:05""}, {""scope"": ""online"", ""error_type"": ""SourceFailure"", ""message"": ""naver:412:01:RuntimeError:naver agent collection failed for 412:01""}, {""scope"": ""online"", ""error_type"": ""SourceFailure"", ""message"": ""coupang:412:01:RuntimeError:coupang agent collection failed for 412:01""}, {""scope"": ""online"", ""error_type"": ""SourceFailure"", ""message"": ""naver:611:05:RuntimeError:naver agent collection failed for 611:05""}, {""scope"": ""online"", ""error_type"": ""SourceFailure"", ""message"": ""coupang:611:05:RuntimeError:coupang agent collection failed for 611:05""}]"
05bc959d624a460392150481ea00aa1d,kamis,2026-10-06,2026-10-06,2026-10-06T19:46:22.393688+09:00,2026-10-06T20:02:39.651398+09:00,success,337635,0,[]
36c41f0e8a2c4c6f869ecf58fd216a4e,online,2026-10-06,2026-10-06,2026-10-06T20:02:39.857762+09:00,2026-10-06T20:02:59.342132+09:00,partial_failure,0,22,"[{""scope"": ""online"", ""error_type"": ""SourceFailure"", ""message"": ""naver:111:10:RuntimeError:naver agent collection failed for 111:10""}, {""scope"": ""online"", ""error_type"": ""SourceFailure"", ""message"": ""coupang:111:10:RuntimeError:coupang agent collection failed for 111:10""}, {""scope"": ""online"", ""error_type"": ""SourceFailure"", ""message"": ""naver:152:00:RuntimeError:naver agent collection failed for 152:00""}, {""scope"": ""online"", ""error_type"": ""SourceFailure"", ""message"": ""coupang:152:00:RuntimeError:coupang agent collection failed for 152:00""}, {""scope"": ""online"", ""error_type"": ""SourceFailure"", ""message"": ""naver:211:03:RuntimeError:naver agent collection failed for 211:03""}, {""scope"": ""online"", ""error_type"": ""SourceFailure"", ""message"": ""coupang:211:03:RuntimeError:coupang agent collection failed for 211:03""}, {""scope"": ""online"", ""error_type"": ""SourceFailure"", ""message"": ""naver:225:00:RuntimeError:naver agent collection failed for 225:00""}, {""scope"": ""online"", ""error_type"": ""SourceFailure"", ""message"": ""coupang:225:00:RuntimeError:coupang agent collection failed for 225:00""}, {""scope"": ""online"", ""error_type"": ""SourceFailure"", ""message"": ""naver:231:03:RuntimeError:naver agent collection failed for 231:03""}, {""scope"": ""online"", ""error_type"": ""SourceFailure"", ""message"": ""coupang:231:03:RuntimeError:coupang agent collection failed for 231:03""}, {""scope"": ""online"", ""error_type"": ""SourceFailure"", ""message"": ""naver:245:00:RuntimeError:naver agent collection failed for 245:00""}, {""scope"": ""online"", ""error_type"": ""SourceFailure"", ""message"": ""coupang:245:00:RuntimeError:coupang agent collection failed for 245:00""}, {""scope"": ""online"", ""error_type"": ""SourceFailure"", ""message"": ""naver:257:00:RuntimeError:naver agent collection failed for 257:00""}, {""scope"": ""online"", ""error_type"": ""SourceFailure"", ""message"": ""coupang:257:00:RuntimeError:coupang agent collection failed for 257:00""}, {""scope"": ""online"", ""error_type"": ""SourceFailure"", ""message"": ""naver:258:01:RuntimeError:naver agent collection failed for 258:01""}, {""scope"": ""online"", ""error_type"": ""SourceFailure"", ""message"": ""coupang:258:01:RuntimeError:coupang agent collection failed for 258:01""}, {""scope"": ""online"", ""error_type"": ""SourceFailure"", ""message"": ""naver:411:05:RuntimeError:naver agent collection failed for 411:05""}, {""scope"": ""online"", ""error_type"": ""SourceFailure"", ""message"": ""coupang:411:05:RuntimeError:coupang agent collection failed for 411:05""}, {""scope"": ""online"", ""error_type"": ""SourceFailure"", ""message"": ""naver:412:01:RuntimeError:naver agent collection failed for 412:01""}, {""scope"": ""online"", ""error_type"": ""SourceFailure"", ""message"": ""coupang:412:01:RuntimeError:coupang agent collection failed for 412:01""}, {""scope"": ""online"", ""error_type"": ""SourceFailure"", ""message"": ""naver:611:05:RuntimeError:naver agent collection failed for 611:05""}, {""scope"": ""online"", ""error_type"": ""SourceFailure"", ""message"": ""coupang:611:05:RuntimeError:coupang agent collection failed for 611:05""}]"
396e46fccc5c468b99f83dc85a491259,market,2026-10-06,2026-10-06,2026-10-06T20:02:59.985823+09:00,2026-10-06T20:03:02.282348+09:00,success,9,0,[]
market-snapshot-20261007-202610072008215991540900,market_snapshot,2026-10-05,2026-10-07,2026-10-07T20:07:49.600614+09:00,2026-10-07T20:08:21.599154+09:00,partial_failure,15,5,"[{""scope"":""sp500"",""error_type"":""PendingMarketData"",""message"":""No 2026-10-07 daily Close returned at collection time; retry after the session/update""},{""scope"":""nasdaq"",""error_type"":""PendingMarketData"",""message"":""No 2026-10-07 daily Close returned at collection time; retry after the session/update""},{""scope"":""dow_jones"",""error_type"":""PendingMarketData"",""message"":""No 2026-10-07 daily Close returned at collection time; retry after the session/update""},{""scope"":""rough_rice_futures"",""error_type"":""PendingMarketData"",""message"":""No 2026-10-07 daily Close returned at collection time; retry after the session/update""},{""scope"":""orange_juice_futures"",""error_type"":""PendingMarketData"",""message"":""No 2026-10-07 daily Close returned at collection time; retry after the session/update""}]"
f83f013b155f43de9eed75d528791bdf,daily_pipeline,2026-10-07,2026-10-07,2026-10-07T21:11:41.391767+09:00,2026-10-07T21:58:14.780501+09:00,partial_failure,342723,22,"[{""scope"": ""online"", ""error_type"": ""SourceFailure"", ""message"": ""naver:111:10:RuntimeError:naver agent collection failed for 111:10""}, {""scope"": ""online"", ""error_type"": ""SourceFailure"", ""message"": ""coupang:111:10:RuntimeError:coupang agent collection failed for 111:10""}, {""scope"": ""online"", ""error_type"": ""SourceFailure"", ""message"": ""naver:152:00:RuntimeError:naver agent collection failed for 152:00""}, {""scope"": ""online"", ""error_type"": ""SourceFailure"", ""message"": ""coupang:152:00:RuntimeError:coupang agent collection failed for 152:00""}, {""scope"": ""online"", ""error_type"": ""SourceFailure"", ""message"": ""naver:211:03:RuntimeError:naver agent collection failed for 211:03""}, {""scope"": ""online"", ""error_type"": ""SourceFailure"", ""message"": ""coupang:211:03:RuntimeError:coupang agent collection failed for 211:03""}, {""scope"": ""online"", ""error_type"": ""SourceFailure"", ""message"": ""naver:225:00:RuntimeError:naver agent collection failed for 225:00""}, {""scope"": ""online"", ""error_type"": ""SourceFailure"", ""message"": ""coupang:225:00:RuntimeError:coupang agent collection failed for 225:00""}, {""scope"": ""online"", ""error_type"": ""SourceFailure"", ""message"": ""naver:231:03:RuntimeError:naver agent collection failed for 231:03""}, {""scope"": ""online"", ""error_type"": ""SourceFailure"", ""message"": ""coupang:231:03:RuntimeError:coupang agent collection failed for 231:03""}, {""scope"": ""online"", ""error_type"": ""SourceFailure"", ""message"": ""naver:245:00:RuntimeError:naver agent collection failed for 245:00""}, {""scope"": ""online"", ""error_type"": ""SourceFailure"", ""message"": ""coupang:245:00:RuntimeError:coupang agent collection failed for 245:00""}, {""scope"": ""online"", ""error_type"": ""SourceFailure"", ""message"": ""naver:257:00:RuntimeError:naver agent collection failed for 257:00""}, {""scope"": ""online"", ""error_type"": ""SourceFailure"", ""message"": ""coupang:257:00:RuntimeError:coupang agent collection failed for 257:00""}, {""scope"": ""online"", ""error_type"": ""SourceFailure"", ""message"": ""naver:258:01:RuntimeError:naver agent collection failed for 258:01""}, {""scope"": ""online"", ""error_type"": ""SourceFailure"", ""message"": ""coupang:258:01:RuntimeError:coupang agent collection failed for 258:01""}, {""scope"": ""online"", ""error_type"": ""SourceFailure"", ""message"": ""naver:411:05:RuntimeError:naver agent collection failed for 411:05""}, {""scope"": ""online"", ""error_type"": ""SourceFailure"", ""message"": ""coupang:411:05:RuntimeError:coupang agent collection failed for 411:05""}, {""scope"": ""online"", ""error_type"": ""SourceFailure"", ""message"": ""naver:412:01:RuntimeError:naver agent collection failed for 412:01""}, {""scope"": ""online"", ""error_type"": ""SourceFailure"", ""message"": ""coupang:412:01:RuntimeError:coupang agent collection failed for 412:01""}, {""scope"": ""online"", ""error_type"": ""SourceFailure"", ""message"": ""naver:611:05:RuntimeError:naver agent collection failed for 611:05""}, {""scope"": ""online"", ""error_type"": ""SourceFailure"", ""message"": ""coupang:611:05:RuntimeError:coupang agent collection failed for 611:05""}]"
4d13b0a9c8634703834deb0c1cb86064,kamis,2026-10-07,2026-10-07,2026-10-07T21:11:54.253965+09:00,2026-10-07T21:24:05.812463+09:00,success,342723,0,[]
dea6cc20b9bf40319915a7c4af1f2a62,online,2026-10-07,2026-10-07,2026-10-07T21:24:05.915366+09:00,2026-10-07T21:58:14.578640+09:00,partial_failure,0,22,"[{""scope"": ""online"", ""error_type"": ""SourceFailure"", ""message"": ""naver:111:10:RuntimeError:naver agent collection failed for 111:10""}, {""scope"": ""online"", ""error_type"": ""SourceFailure"", ""message"": ""coupang:111:10:RuntimeError:coupang agent collection failed for 111:10""}, {""scope"": ""online"", ""error_type"": ""SourceFailure"", ""message"": ""naver:152:00:RuntimeError:naver agent collection failed for 152:00""}, {""scope"": ""online"", ""error_type"": ""SourceFailure"", ""message"": ""coupang:152:00:RuntimeError:coupang agent collection failed for 152:00""}, {""scope"": ""online"", ""error_type"": ""SourceFailure"", ""message"": ""naver:211:03:RuntimeError:naver agent collection failed for 211:03""}, {""scope"": ""online"", ""error_type"": ""SourceFailure"", ""message"": ""coupang:211:03:RuntimeError:coupang agent collection failed for 211:03""}, {""scope"": ""online"", ""error_type"": ""SourceFailure"", ""message"": ""naver:225:00:RuntimeError:naver agent collection failed for 225:00""}, {""scope"": ""online"", ""error_type"": ""SourceFailure"", ""message"": ""coupang:225:00:RuntimeError:coupang agent collection failed for 225:00""}, {""scope"": ""online"", ""error_type"": ""SourceFailure"", ""message"": ""naver:231:03:RuntimeError:naver agent collection failed for 231:03""}, {""scope"": ""online"", ""error_type"": ""SourceFailure"", ""message"": ""coupang:231:03:RuntimeError:coupang agent collection failed for 231:03""}, {""scope"": ""online"", ""error_type"": ""SourceFailure"", ""message"": ""naver:245:00:RuntimeError:naver agent collection failed for 245:00""}, {""scope"": ""online"", ""error_type"": ""SourceFailure"", ""message"": ""coupang:245:00:RuntimeError:coupang agent collection failed for 245:00""}, {""scope"": ""online"", ""error_type"": ""SourceFailure"", ""message"": ""naver:257:00:RuntimeError:naver agent collection failed for 257:00""}, {""scope"": ""online"", ""error_type"": ""SourceFailure"", ""message"": ""coupang:257:00:RuntimeError:coupang agent collection failed for 257:00""}, {""scope"": ""online"", ""error_type"": ""SourceFailure"", ""message"": ""naver:258:01:RuntimeError:naver agent collection failed for 258:01""}, {""scope"": ""online"", ""error_type"": ""SourceFailure"", ""message"": ""coupang:258:01:RuntimeError:coupang agent collection failed for 258:01""}, {""scope"": ""online"", ""error_type"": ""SourceFailure"", ""message"": ""naver:411:05:RuntimeError:naver agent collection failed for 411:05""}, {""scope"": ""online"", ""error_type"": ""SourceFailure"", ""message"": ""coupang:411:05:RuntimeError:coupang agent collection failed for 411:05""}, {""scope"": ""online"", ""error_type"": ""SourceFailure"", ""message"": ""naver:412:01:RuntimeError:naver agent collection failed for 412:01""}, {""scope"": ""online"", ""error_type"": ""SourceFailure"", ""message"": ""coupang:412:01:RuntimeError:coupang agent collection failed for 412:01""}, {""scope"": ""online"", ""error_type"": ""SourceFailure"", ""message"": ""naver:611:05:RuntimeError:naver agent collection failed for 611:05""}, {""scope"": ""online"", ""error_type"": ""SourceFailure"", ""message"": ""coupang:611:05:RuntimeError:coupang agent collection failed for 611:05""}]"
7e7453c816eb45e09ec7c4ae709d4c71,market,2026-10-07,2026-10-07,2026-10-07T21:58:14.764171+09:00,2026-10-07T21:58:14.764171+09:00,success,0,0,[]
14dbd427a8334ef5b8aea23cdedfee52,kamis,2026-10-08,2026-10-08,2026-10-09T12:49:29.460387+09:00,2026-10-09T13:01:53.373112+09:00,success,343045,0,[]
c06ef9893bb04d55b73ea7c32d7434b2,kamis,2026-07-13,2026-09-23,2026-10-09T13:01:53.593410+09:00,2026-10-09T13:11:21.171008+09:00,success,254228,0,[]
92e13af04c55410dafb29801a0ab0d85,market_history,2026-07-12,2026-10-08,2026-10-09T13:11:21.454292+09:00,2026-10-09T13:11:34.506192+09:00,success,19,0,[]
7edea7e515c74668ae61d6d7e750d655,daily_pipeline,2026-10-09,2026-10-09,2026-10-09T13:11:34.530084+09:00,2026-10-09T14:07:47.671530+09:00,partial_failure,4,22,"[{""scope"": ""online"", ""error_type"": ""SourceFailure"", ""message"": ""naver:111:10:RuntimeError:naver agent collection failed for 111:10""}, {""scope"": ""online"", ""error_type"": ""SourceFailure"", ""message"": ""coupang:111:10:RuntimeError:coupang agent collection failed for 111:10""}, {""scope"": ""online"", ""error_type"": ""SourceFailure"", ""message"": ""naver:152:00:RuntimeError:naver agent collection failed for 152:00""}, {""scope"": ""online"", ""error_type"": ""SourceFailure"", ""message"": ""coupang:152:00:RuntimeError:coupang agent collection failed for 152:00""}, {""scope"": ""online"", ""error_type"": ""SourceFailure"", ""message"": ""naver:211:03:RuntimeError:naver agent collection failed for 211:03""}, {""scope"": ""online"", ""error_type"": ""SourceFailure"", ""message"": ""coupang:211:03:RuntimeError:coupang agent collection failed for 211:03""}, {""scope"": ""online"", ""error_type"": ""SourceFailure"", ""message"": ""naver:225:00:RuntimeError:naver agent collection failed for 225:00""}, {""scope"": ""online"", ""error_type"": ""SourceFailure"", ""message"": ""coupang:225:00:RuntimeError:coupang agent collection failed for 225:00""}, {""scope"": ""online"", ""error_type"": ""SourceFailure"", ""message"": ""naver:231:03:RuntimeError:naver agent collection failed for 231:03""}, {""scope"": ""online"", ""error_type"": ""SourceFailure"", ""message"": ""coupang:231:03:RuntimeError:coupang agent collection failed for 231:03""}, {""scope"": ""online"", ""error_type"": ""SourceFailure"", ""message"": ""naver:245:00:RuntimeError:naver agent collection failed for 245:00""}, {""scope"": ""online"", ""error_type"": ""SourceFailure"", ""message"": ""coupang:245:00:RuntimeError:coupang agent collection failed for 245:00""}, {""scope"": ""online"", ""error_type"": ""SourceFailure"", ""message"": ""naver:257:00:RuntimeError:naver agent collection failed for 257:00""}, {""scope"": ""online"", ""error_type"": ""SourceFailure"", ""message"": ""coupang:257:00:RuntimeError:coupang agent collection failed for 257:00""}, {""scope"": ""online"", ""error_type"": ""SourceFailure"", ""message"": ""naver:258:01:RuntimeError:naver agent collection failed for 258:01""}, {""scope"": ""online"", ""error_type"": ""SourceFailure"", ""message"": ""coupang:258:01:RuntimeError:coupang agent collection failed for 258:01""}, {""scope"": ""online"", ""error_type"": ""SourceFailure"", ""message"": ""naver:411:05:RuntimeError:naver agent collection failed for 411:05""}, {""scope"": ""online"", ""error_type"": ""SourceFailure"", ""message"": ""coupang:411:05:RuntimeError:coupang agent collection failed for 411:05""}, {""scope"": ""online"", ""error_type"": ""SourceFailure"", ""message"": ""naver:412:01:RuntimeError:naver agent collection failed for 412:01""}, {""scope"": ""online"", ""error_type"": ""SourceFailure"", ""message"": ""coupang:412:01:RuntimeError:coupang agent collection failed for 412:01""}, {""scope"": ""online"", ""error_type"": ""SourceFailure"", ""message"": ""naver:611:05:RuntimeError:naver agent collection failed for 611:05""}, {""scope"": ""online"", ""error_type"": ""SourceFailure"", ""message"": ""coupang:611:05:RuntimeError:coupang agent collection failed for 611:05""}]"
60e20fdd9ba440688912f90d9563de6e,kamis,2026-10-09,2026-10-09,2026-10-09T13:11:34.627177+09:00,2026-10-09T13:11:34.627177+09:00,success,0,0,[]
3f07c1dc51a24e11bbc9fd357bbce474,online,2026-10-09,2026-10-09,2026-10-09T13:11:34.684712+09:00,2026-10-09T14:07:45.561479+09:00,partial_failure,0,22,"[{""scope"": ""online"", ""error_type"": ""SourceFailure"", ""message"": ""naver:111:10:RuntimeError:naver agent collection failed for 111:10""}, {""scope"": ""online"", ""error_type"": ""SourceFailure"", ""message"": ""coupang:111:10:RuntimeError:coupang agent collection failed for 111:10""}, {""scope"": ""online"", ""error_type"": ""SourceFailure"", ""message"": ""naver:152:00:RuntimeError:naver agent collection failed for 152:00""}, {""scope"": ""online"", ""error_type"": ""SourceFailure"", ""message"": ""coupang:152:00:RuntimeError:coupang agent collection failed for 152:00""}, {""scope"": ""online"", ""error_type"": ""SourceFailure"", ""message"": ""naver:211:03:RuntimeError:naver agent collection failed for 211:03""}, {""scope"": ""online"", ""error_type"": ""SourceFailure"", ""message"": ""coupang:211:03:RuntimeError:coupang agent collection failed for 211:03""}, {""scope"": ""online"", ""error_type"": ""SourceFailure"", ""message"": ""naver:225:00:RuntimeError:naver agent collection failed for 225:00""}, {""scope"": ""online"", ""error_type"": ""SourceFailure"", ""message"": ""coupang:225:00:RuntimeError:coupang agent collection failed for 225:00""}, {""scope"": ""online"", ""error_type"": ""SourceFailure"", ""message"": ""naver:231:03:RuntimeError:naver agent collection failed for 231:03""}, {""scope"": ""online"", ""error_type"": ""SourceFailure"", ""message"": ""coupang:231:03:RuntimeError:coupang agent collection failed for 231:03""}, {""scope"": ""online"", ""error_type"": ""SourceFailure"", ""message"": ""naver:245:00:RuntimeError:naver agent collection failed for 245:00""}, {""scope"": ""online"", ""error_type"": ""SourceFailure"", ""message"": ""coupang:245:00:RuntimeError:coupang agent collection failed for 245:00""}, {""scope"": ""online"", ""error_type"": ""SourceFailure"", ""message"": ""naver:257:00:RuntimeError:naver agent collection failed for 257:00""}, {""scope"": ""online"", ""error_type"": ""SourceFailure"", ""message"": ""coupang:257:00:RuntimeError:coupang agent collection failed for 257:00""}, {""scope"": ""online"", ""error_type"": ""SourceFailure"", ""message"": ""naver:258:01:RuntimeError:naver agent collection failed for 258:01""}, {""scope"": ""online"", ""error_type"": ""SourceFailure"", ""message"": ""coupang:258:01:RuntimeError:coupang agent collection failed for 258:01""}, {""scope"": ""online"", ""error_type"": ""SourceFailure"", ""message"": ""naver:411:05:RuntimeError:naver agent collection failed for 411:05""}, {""scope"": ""online"", ""error_type"": ""SourceFailure"", ""message"": ""coupang:411:05:RuntimeError:coupang agent collection failed for 411:05""}, {""scope"": ""online"", ""error_type"": ""SourceFailure"", ""message"": ""naver:412:01:RuntimeError:naver agent collection failed for 412:01""}, {""scope"": ""online"", ""error_type"": ""SourceFailure"", ""message"": ""coupang:412:01:RuntimeError:coupang agent collection failed for 412:01""}, {""scope"": ""online"", ""error_type"": ""SourceFailure"", ""message"": ""naver:611:05:RuntimeError:naver agent collection failed for 611:05""}, {""scope"": ""online"", ""error_type"": ""SourceFailure"", ""message"": ""coupang:611:05:RuntimeError:coupang agent collection failed for 611:05""}]"
024fff92386543d4b28d76298f0220eb,market,2026-10-09,2026-10-09,2026-10-09T14:07:46.106874+09:00,2026-10-09T14:07:47.634543+09:00,success,4,0,[]
